code,description_en,description_fr,status,commodity_type
5112B,Demolition Work,Travaux de démolition,Active,Construction
5113B,Rock Blasting Services,Services de dynamitage du roc,Active,Construction
5114C,Excavating and Earthmoving Work,Excavation et terrassement,Active,Construction
5116A,Scaffolding Work,Échafaudage,Active,Construction
5121A,Construction of One and Two Dwelling Buildings,Construction d'un et deux édifices à logements,Active,Construction
5122A,Construction of Multi-Dwelling Buildings,Construction des édifices à logements multiples,Active,Construction
5123B,Construction of Warehouses and Industrial Buildings,Construction d'entrepôts et de bâtiments industriels,Active,Construction
5124B,Construction of Commercial Buildings,Construction d'édifices commerciaux,Active,Construction
5127B,Construction of Educational Buildings,Construction de bâtiments scolaires,Active,Construction
5128B,Construction of Health Buildings,Construction d'établissements de conditionnement physique,Active,Construction
5129B,Construction of Other Buildings,Construction d'autres édifices,Active,Construction
5131B,"ROADS, RUNWAYS AND PARKING AREAS","ROUTES, PISTES D ATTERRISSAGE ET PARCS DE STATIONNEMENT",Active,Construction
5131BB,Paving Contractor Services (except mud jacking),Services d'entrepreneur en pavage (sauf injection de boue),Active,Construction
5131BG,Oil Road Spreading Services,Services de répandage d'huile sur les routes,Active,Construction
5131BI,Asphalt and Joint Sealing Services,Services de scellement pour asphalte et joints,Active,Construction
5131C,"Highways, Roads, Railways, Airfield Runways","Autoroutes, rues, routes, voies ferrées, pistes d'aéroport",Active,Construction
5132A,"Bridges, Elevated Highways, Tunnels, Subways and Railroads","Ponts, autoroutes surélevées, tunnels, viaducs et voies ferrées",Active,Construction
5133B,Irrigation and Flood Control,Irrigation et contrôle des inondations,Active,Construction
5133C,"Waterways, Harbours, Dams and Other Water Works","Voies de navigation, ports, barrages et autres adductions d'eau",Active,Construction
5133D,Sewers/ Drainage,Égouts / Drainage,Active,Construction
5134A,Power Distribution and Transmission Lines,Distribution et transmission de l'électricité,Active,Construction
5134B,Pipeline Construction,Construction de pipe-lines,Active,Construction
5136A,Construction for Mining and Manufacturing,Construction pour l'exploitation minière et la fabrication,Active,Construction
5138A,Dredging,Dragage,Active,Construction
5138B,Dredging Services - Land Based,Services de dragage - base terrestre,Active,Construction
5138C,Dredging Services - Floating Plant,Services de dragage - installation flottante,Active,Construction
5139A,"Construction Services, Not Elsewhere Specified","Services de construction, non énumérés ailleurs",Active,Construction
5139B,"Engineering Works, Not Elsewhere Specified","Travaux d'ingénierie, non énumérés ailleurs",Active,Construction
5139C,General Heavy Construction,Grands travaux généraux,Active,Construction
5139D,General Marine Construction Work,Travaux généraux de construction maritime,Active,Construction
5141A,"Prefabricated Constructions, Supply and Erection",Constructions préfabriquées - fourniture et érection,Active,Construction
5151A,Foundation Work,Travaux d'excavation,Active,Construction
5151B,Pile Driving,Enforcement de pieux,Active,Construction
5152A,Water Well Drilling,Forage de puits d'eau,Active,Construction
5152AA,Water Well Services,Services de creusage de puits,Active,Construction
5152B,Water Well Drilling,Forage de puits d'eau,Active,Construction
5153A,"Roofing, Siding and Sheet Metal Installation Services","Services d'installation - couvertures, parements et tôlerie",Active,Construction
5153AB,"Roofing, Asphalt and Shingle Services",Services - couvertures d'asphalte et de bardeaux,Active,Construction
5153AE,Building Sheet Metal Services,Services - tôlerie de bâtiment,Active,Construction
5153AF,Eavestroughing Services,Services - gouttières,Active,Construction
5153AG,Industrial Waterproofing Membrane Systems (Roofing),Systèmes de membrane d'imperméabilisation industriels (couvertures),Active,Construction
5153B,Roofing and Waterproofing,Travaux de couverture et d'imperméabilisation,Active,Construction
5153BA,Building Waterproofing Services,Services d'imperméabilisation d'immeuble,Active,Construction
5154A,Concrete Work,Travaux de bétonnage,Active,Construction
5154AB,Concrete Cutting and Coring Services,Service de carottage et de découpage d'ouvrages en béton,Active,Construction
5154C,Paving - Parking Areas,Pavage - parcs de stationnement,Active,Construction
5155B,Steel Bending and Erection,Pliage et montage d'éléments en acier,Active,Construction
5155C,Structural Steel Work,Ouvrages de construction en acier,Active,Construction
5155D,Welding for Construction,Soudage pour la construction,Active,Construction
5155E,Welding Contractor Services,Services d'entrepreneurs en soudure,Active,Construction
5156A,"Masonry, Stonework","Ouvrages de maçonnerie, ouvrages de pierre",Active,Construction
5156B,Masonry Work,Travaux de maçonnerie,Active,Construction
5159A,"Rock, Stone Crushing Services",Services de concassage de roc et de pierre,Active,Construction
5159B,Other Special Trade Construction Work,Travaux de construction d'autres corps de métiers,Active,Construction
5159C,Chimney Repair Services,Services de réparation de cheminées,Active,Construction
5159E,Smokestack Services,Services cheminées,Active,Construction
5161A,Heating (except electric heating) and Air Conditioning,Chauffage (sauf le chauffage électrique) et climatisation,Active,Construction
5161AC,Heating Contractor Services (except electrical heating),Services d'entrepreneur en chauffage (sauf le chauffage électrique),Active,Construction
5161AE,Air Conditioning Contractor Services,Services d'entrepreneurs en climatisation,Active,Construction
5161AF,Ventilating Services Contractors,Entrepreneurs en services de ventilation,Active,Construction
5161AJ,"Boilers, Repair and Cleaning Services",Services de réparation et de nettoyage des chaudières,Active,Construction
5161AK,"Pipe Insulations, Contractors","Isolation de tuyaux, entrepreneurs",Active,Construction
5161AN,Boilers - Installation and Repair,"Chaudières, installation et réparation",Active,Construction
5161AP,Ductwork - Repair and Cleaning Services,Services de réparation et de nettoyage de gaines de ventilation,Active,Construction
5161B,"Heating, Ventilation and Air Conditioning Maintenance & Inspection Services","Services d'inspection et d'entretien des unités de chauffage, ventilation et de climatisation",Active,Construction
5161C,Air Distribution Systems - Installation and Repair,Systèmes de distribution d'air - installation et réparation,Active,Construction
5161D,BACS - Building Automation Control Systems,SACI - Système d'automatisation et de contrôle des immeubles,Active,Construction
5162A,Water Plumbing and Drain Laying Work,Travaux de pose de drains et de plomberie (eau),Active,Construction
5162B,"Sprinkler Systems, Installation and Repair",Systèmes de gicleurs - installation et réparation,Active,Construction
5162C,Plumbing Contractor Services,Services d'entrepreneur en plomberie,Active,Construction
5162D,Sewers and Drains,Égouts et drains,Active,Construction
5163A,Gas Fitting Construction Work,Travaux d'installations au gaz,Active,Construction
5163B,Building Gas System (Medical/Industrial) Contractors,Entrepreneurs en réseaux au gaz d'immeuble (installations médicales/industrielles),Active,Construction
5164A,Electrical Installations and Major Repairs,Installations électriques et réparations majeures,Active,Construction
5164AB,"Electrical Contractor Services, Class A Licence",Services d'entrepreneurs en électricité licencié de catégorie A,Active,Construction
5164AF,Electrical Inspections,Vérifications des circuits électriques,Active,Construction
5164C,Building Fire Protection Systems,Systèmes de protection d'immeuble contre les incendies,Active,Construction
5164CA,Building Lighting - Installation and Repair,Appareils d'éclairage d'édifice - installation et réparation,Active,Construction
5164CB,Power Generation System - Installation and Repair,Réseau de production d'énergie électrique - installation et réparation,Active,Construction
5164CC,High Voltage Distribution System (above 600-Volt) - Installation and Repair,Réseau de distribution haute tension (plus de 600 volts) - installation et réparation,Active,Construction
5164CE,Fire Alarm & Detection Systems - Installation and Repair,Systèmes de détection et d'alarme incendie - installation et réparation,Active,Construction
5164CF,Uninterruptible Power Supply System - Installation and Repair,Bloc d'alimentation électrique sans coupure - installation et réparation,Active,Construction
5164CG,Standby Power Generator Systems - Installation and Repair,Groupes électrogènes de secours - installation et réparation,Active,Construction
5164CH,Building Intrusion Detection System - Installation and Repair,Systèmes de détection anti-effraction d'immeuble - installation et réparation,Active,Construction
5164CJ,Security Control Systems - Installation and Repair,Systèmes de contrôle de la sécurité - installation et réparation,Active,Construction
5164CK,Building Intercommunication System - Installation and Repair,Réseau d'intercommunication d'immeuble - installation et réparation,Active,Construction
5164CM,Building Public Address Systems - Installation and Repair,Systèmes de sonorisation d'immeuble - installation et réparation,Active,Construction
5164CN,Building Electrical Controls - Installation and Repair,Commandes électriques d'immeuble - installation et réparation,Active,Construction
5164CP,Building Electronic Controls - Installation and Repair,Commandes électroniques d'immeuble - installation et réparation,Active,Construction
5164CQ,Building Environmental Control Systems Servicing,Systèmes de contrôle de l'environnement d'immeuble - entretien,Active,Construction
5164CU,"Low Voltage Electrical Equipment & Systems - Repairs, Testing, Verification & Alternatives","Équipement et systèmes électriques à bas voltage - réparations, essais, vérifications et options",Active,Construction
5164CV,Generator Maintenance,Générator - entretien,Active,Construction
5164CW,Uninterruptible Power Supply (UPS) System - Maintenance,Bloc d'alimentation électrique sans coupure - Entretien,Active,Construction
5164D,Fire Alarm System Maintenance (building related),Entretien du système d'alarme incendie (immeubles),Active,Construction
5164E,Security Systems Maintenance - Interior (built-in) Buildings,Entretien des systèmes de sécurité - Immeubles intérieurs (intégrés),Active,Construction
5165A,Insulation Work,Travaux d'isolation,Active,Construction
5165AA,"Pipe Insulations, Contractors",Entrepreneurs en isolation de tuyaux,Active,Construction
5165AB,Building Insulation Contractor Services,Services d'entrepreneur en isolation d'immeuble,Active,Construction
5166A,Fence Construction,Construction de clôtures,Active,Construction
5166B,Fencing and Railing Work,"Clôtures, garde-corps et mains courantes",Active,Construction
5169C,Elevator Installation,Installation des ascenseurs,Active,Construction
5169CB,Elevator Maintenance (buildings),Entretien des ascenseurs (immeubles),Active,Construction
5169D,Other Installation Work,Autres travaux d'installation,Active,Construction
5169DA,"Building/Installation Special Trade Services, Not Elsewhere Specified","Services de corps de métiers spécialisés - construction/installation, non énumérés ailleurs",Active,Construction
5169E,Doors and Windows Installation and Repair Services,Services d'installation et de réparation de portes et de fenêtres,Active,Construction
5169EA,"Doors Metal Overhead, Installation and Repair",Portes relevables métalliques - installation et réparation,Active,Construction
5169EB,"Doors, Shielded, Maintenance and Repairs",Portes blindées - entretien et réparation,Active,Construction
5169ED,"Metal Doors and Frames, Installation and Repair",Portes et cadres métalliques - installation et réparation,Active,Construction
5169EE,Overhead Door - Maintenance,Porte relevable - entretien,Active,Construction
5169EF,"Door and Window Hardware, Installation and Replacement",Quincaillerie pour portes et fenêtres - installation et remplacement,Active,Construction
5169FC,Carpet Laying/Installation,Tapis - moquettes - pose/installation,Active,Construction
5169FD,Window Blinds - Installation and Repair,Stores - installation et réparation,Active,Construction
5169G,Refrigeration Systems - Installation and Repair,Systèmes de réfrigération - installation et réparation,Active,Construction
5169J,Chillers - Installation and Repair,Refroidisseurs - installation et réparation,Active,Construction
5169K,Digital Control Systems - Installation and Repair,Systèmes de commandes numériques - installation et réparation,Active,Construction
5169L,Building Computer Cabling Installation,Câblage de matériel informatique d'immeuble - installation,Active,Construction
5169M,Fire Suppression/Extinguishing Systems - Dry Chemical,Installations d'extinction d'incendie - à poudre,Active,Construction
5169P,"Mechanical Contractor Services, Not Elsewhere Specified","Services d'entrepreneur en mécanique, non énumérés ailleurs",Active,Construction
5171B,Glazing and Window Glass Installation,Installation de verre à vitres et de vitrage,Active,Construction
5172A,Plastering Work,Travaux de plâtrage,Active,Construction
5173B,Painting Work,Travaux de peinturage,Active,Construction
5173BA,Painting Services - Interior,Services de peinturage d'intérieur,Active,Construction
5173BB,Painting Services - Exterior,Services de peinturage d'extérieur,Active,Construction
5173C,Traffic Line Marking,Marquage de bandes de séparation de la circulation,Active,Construction
5174A,Floor and Wall Tiling Work,Travaux de pose de carreaux de sol et de mur,Active,Construction
5175A,Other Floor Laying and Wall Papering Work,Autres travaux de pose de revêtement de sol et de papier peint,Active,Construction
5175AA,Flooring Contractors,Entrepreneurs en revêtements de sol,Active,Construction
5175AB,Floor Sanding and Refinishing Services,Services de ponçage et de refinition de planchers,Active,Construction
5175AC,Epoxy Application Resurface Floors Service,Service d'application d'époxyde pour refaire le revêtement des planchers,Active,Construction
5175AD,"Tile Contractors, Vinyl and Linoleum",Entrepreneurs en carreaux de vinyle et de linoléum,Active,Construction
5175B,Carpentry and Flooring,Services de charpenterie et de planchéiage,Active,Construction
5176AB,Carpentry Services,Services - travaux de charpenterie,Active,Construction
5176B,Wood and Metal Joinery and Carpentry,Travaux de menuiserie et de charpenterie (bois et métal),Active,Construction
5176C,Metal Fabricators (Iron and Steel),Façonneurs de métal (fer et acier),Active,Construction
5176D,Ironwork Contractors,Entrepreneurs en ferronnerie,Active,Construction
5177A,Textiles Trade Services,Services pour commerce de textiles,Active,Construction
5177AA,"Textile Trade Service-Laminating, Insulation, DND Only","Service pour commerce de textiles - laminage, isolation, MDN seulement",Active,Construction
5177AB,"Textile Trade Service, Coating Only","Service pour commerce de textile, enduction seulement",Active,Construction
5177AE,"Textile Trade Service, Approved Sub-Contractors (Clothing Assembly Only)","Service pour commerce de textile, sous-entrepreneurs approuvés, assemblage de vêtements seulement",Active,Construction
5177AJ,"Textile Trade Service, Film Laminator","Service pour commerce de textile, laminage, pellicule",Active,Construction
5177AK,"Textile Trade Service, Fibre Laminator, DND Only","Service pour commerce de textile, laminage, fibre, MDN seulement",Active,Construction
5177AL,"Textile Trade Service, Design Services, Clothing","Service pour commerce de textile, service de dessin de vêtements",Active,Construction
5177BA,Interior Fit-Up/Renovations,Aménagement intérieur/rénovations,Active,Construction
5179C,Building Exterior Cleaning,Nettoyage extérieur des immeubles,Active,Construction
5179CB,Sandblasting Services,Services de sablage par jet,Active,Construction
5179D,Protective and Alarm Systems,Systèmes de protection et d'alarme,Active,Construction
5179F,"Building/Installation Special Trade Services, Not Elsewhere Specified","Services professionnels spéciaux de construction et d'installation, non énumérés ailleurs",Active,Construction
5179FB,"General Contractor Services, Not Elsewhere Specified","Services d'entrepreneurs généraux , non énumérés ailleurs",Active,Construction
5179H,General Machine Shop Services,Services généraux d'atelier de construction mécanique,Active,Construction
5179HC,"Machine Shop Services, Precision","Services d'ateliers de construction mécanique, de précision",Active,Construction
5179I,Other Building Completion and Finishing,Autres travaux d'achèvement et de finition des bâtiments,Active,Construction
5181A,"Construction Equipment Rental, with Operator",Location d'équipement de construction avec opérateur,Active,Construction
AA415500,Fisheries (R&D),Pêches (R&D),Active,Service
AA415504,Aquaculture (R&D),Aquaculture (R&D),Active,Service
AA910300,Agriculture (R&D),Agriculture (R&D),Active,Service
AC217760,Missile Technology (R&D),Technologie des missiles (R&D),Active,Service
AC517728,Conventional Military Weapons/Equipment (R&D),Armes et équipement militaires conventionnels (R&D),Active,Service
AC517748,Military Target Ranges/Systems (R&D),Gammes et systèmes d'objectifs militaires (R&D),Active,Service
AC617732,Electronic Military Countermeasures (Research),Contre-mesures militaires - électronique (Recherche),Active,Service
AC617736,Military Communications (Research),Communications militaires (Recherche),Active,Service
AC617768,Radar Defence Systems (R&D),Systèmes de défense radar (R&D),Active,Service
AD217740,Military Logistics (Research),Logistique militaire (Recherche),Active,Service
AD917700,Military (R&D),Domaine militaire (R&D),Active,Service
AD917712,Biological Defence Technology (R&D),Technologie de la défense biologique (R&D),Active,Service
AD917716,Camouflage (R&D),Camouflage (R&D),Active,Service
AD917720,Chemical Defence Technology (R&D),Technologie de la défense chimique (R&D),Active,Service
AD917724,Combat Stress Effects (R&D),Effets du stress de combat (R&D),Active,Service
AE913500,Economics (R&D),Sciences économiques (R&D),Active,Service
AG214562,Ethanol Fuel Technology (R&D),Technologie des combustibles à l'éthanol (R&D),Active,Service
AG214566,Gas Pipeline Technology (R&D),Technologie des pipelines (R&D),Active,Service
AG214600,Liquefied Natural Gas Fuel Technology (R&D),Technologie des combustibles à gaz naturel liquéfié (R&D),Active,Service
AG414668,Wind Energy Systems (R&D),Systèmes d'énergie éolienne (R&D),Active,Service
AG614500,Energy,Énergie,Active,Service
AG717644,SOLAR COLLECTOR SYSTEMS (R&D),SYSTEMES DE CAPTEURS SOLAIRES - R&D,Active,Service
AG914510,Boiler Technology (R&D),Technologie des chaudières (R&D),Active,Service
AG914538,Cogeneration Technology (R&D),Technologie de la cogénération (R&D),Active,Service
AG914558,Energy Efficiency Technology (R&D),Technologie du rendement énergétique (R&D),Active,Service
AH115032,Environmental Assessment (R&D),Évaluation de milieu (R&D),Active,Service
AH115036,Environmental Standards (Research),Normes environnementales (Recherche),Active,Service
AH215000,"Environmental Sciences: Air, Water Pollution and other (R&D)","Sciences environnementales: Pollution atmosphérique, des eaux et autres (R&D)",Active,Service
AH215020,Air Quality (Research),Qualité de l'air (Recherche),Active,Service
AH215024,Atmospheric Pollutants (Research),Polluants atmosphériques (Recherche),Active,Service
AH910222,Environmental Impact Study (R&D),Étude de l'impact environnemental (R&D),Active,Service
AJ110224,Ergonomic Study (R&D),Étude ergonomique (R&D),Active,Service
AJ110700,Biology (R&D),Biologie (R&D),Active,Service
AJ110724,Biochemistry (R&D),Biochimie (R&D),Active,Service
AJ110730,BIOPHYSICS,BIOPHYSIQUE,Active,Service
AJ111000,Chemistry (R&D),Chimie (R&D),Active,Service
AJ111140,Trace Element Chemistry (R&D),Chimie des éléments marqueurs (R&D),Active,Service
AJ112000,Engineering (R&D),Ingénierie (R&D),Active,Service
AJ119000,Physics (R&D),Physique (R&D),Active,Service
AJ119004,Acoustical Analysis/Technology (R&D),Analyse et technologie de l'acoustique (R&D),Active,Service
AJ119028,CRYOGENIC PHYSICS,PHYSIQUE CRYOGENIQUE,Active,Service
AJ119036,Electro-Optics Technology (R&D),Technologie électro-optique (R&D),Active,Service
AJ119040,Electromagnetic Technology (R&D),Technologie électromagnétique (R&D),Active,Service
AJ119064,Laser Technology (R&D),Technologie du laser (R&D),Active,Service
AJ119072,Optics Technology (R&D),Technologie optique (R&D),Active,Service
AJ119084,Radiometric Technology (R&D),Technologie radiométrique (R&D),Active,Service
AJ119088,SOLID STATE/SEMICONDUCTOR PHYSICS,"PHYSIQUE DES SEMI-CONDUCTEURS, SOLIDES",Active,Service
AJ119096,SPECTROMETRIC/SPECTROSCOPIC TECHNOLOGY,TECHNOLOGIE SPECTROMETRIQUE ET SPECTROSCOPIQUE,Active,Service
AJ119100,SUPER-CONDUCTOR TECHNOLOGY,TECHNOLOGIE DES SUPERCONDUCTEURS,Active,Service
AJ212500,Computer Science (R&D),Informatique (R&D),Active,Service
AJ212508,ARTIFICIAL INTELLIGENCE/INFERENCE SYSTEMS (R&D),SYSTEMES D'INTELLIGENCE ARTIFICIELLE ET D'INFERENCE - R&D,Active,Service
AJ212512,Communications Network Hardware (R&D),Matériel de réseau de communication (R&D),Active,Service
AJ212516,Communications Network Software (R&D),Logiciel du réseau de communication (R&D),Active,Service
AJ212528,Computer Systems Security (R&D),Sécurité des systèmes informatiques (R&D),Active,Service
AJ212540,Expert Systems Development (R&D),Élaboration de systèmes experts (R&D),Active,Service
AJ212552,Image Enhancement Analysis Technology (R&D),Technologie d'analyse de l'amélioration de l'image (R&D),Active,Service
AJ212568,Pattern/Optical Recognition Technology (R&D),Technologie de reconnaissance des formes et de reconnaissance optique (R&D),Active,Service
AJ311500,Climatology (R&D),Climatologie (R&D),Active,Service
AJ412000,Communications (R&D),Communications (R&D),Active,Service
AJ412008,Antenna Technology (R&D),Technologie des antennes (R&D),Active,Service
AJ412040,Infrared Technology (R&D),Technologie de l'infrarouge (R&D),Active,Service
AJ412048,Mobile Radio Technology (R&D),Technologie des émetteurs-récepteurs mobiles (R&D),Active,Service
AJ412060,Radar Technology (R&D),Technologie du radar (R&D),Active,Service
AJ412068,Satellite Communications Technology,Technologie des communications par satellite (R&D),Active,Service
AJ412072,Satellite Navigation Technology (R&D),Technologie de la navigation par satellite (R&D),Active,Service
AJ412100,Ultra Violet (UV) Technology (R&D),Technologie de l'ultra-violet (UV) (R&D),Active,Service
AJ716500,Humanities and Social Sciences (R&D),Sciences humaines et sociales (R&D),Active,Service
AJ716650,Historical Research (R&D),Recherche historique (R&D),Active,Service
AJ914000,Electronics (R&D),Électronique (R&D),Active,Service
AK117000,Materials/Products (R&D),Matériaux et produits (R&D),Active,Service
AN117500,Medical (R&D),Médical (R&D),Active,Service
AN417668,Vaccines (R&D),Vaccins (R&D),Active,Service
AP216000,Forestry (R&D),Forêts (R&D),Active,Service
AP313000,Earth Sciences (R&D),Sciences de la terre (R&D),Active,Service
AP313076,Gravity Surveys,Levés gravimétriques,Active,Service
AP518500,Oceanography (R&D),Océanographie (R&D),Active,Service
AP518588,Sonar Technology (R&D),Technologie du sonar (R&D),Active,Service
AR110432,Microgravity Processing Technology,Technologie des opérations en microgravité,Active,Service
AR210440,Rocket Payload Instrumentation (R&D),Instruments pour déterminer la charge utile d'une fusée (R&D),Active,Service
AR210444,Satellite Antenna Design and Development (R&D),Conception et mise au point d'antennes pour satellite (R&D),Active,Service
AR210480,Spacecraft Instrumentation Development (R&D),Mise au point d'instruments pour engin spatial (R&D),Active,Service
AR410476,Spacecraft Ground Control Technology,Technologie du contrôle au sol des engins spatiaux,Active,Service
AR910400,Astronautics (R&D),Astronautique (R&D),Active,Service
AS219528,All Terrain Vehicles (R&D),Véhicules tout-terrain (R&D),Active,Service
AS219652,Vehicle Performance Measurement (Research),Mesure des performances des véhicules (Recherche),Active,Service
AS319620,Railway Locomotion Technology (R&D),Technologie de la locomotion des chemins de fer (R&D),Active,Service
AS419584,Marine Vessel Propulsion (Research),Propulsion des navires maritimes (recherche),Active,Service
AS419632,Shipboard Electronics (R&D),Électronique à bord des navires (R&D),Active,Service
AS918564,Remote Control Submersible Vehicle (R&D),Véhicule submersible à télécommande (R&D),Active,Service
AT319560,Integrated Navigation Systems (R&D),Systèmes intégrés de navigation (R&D),Active,Service
AT419628,Road Vehicle Safety (Research),Sécurité des véhicules automobiles (Recherche),Active,Service
AT619624,Road Vehicle Regulations (Research),Règlement sur les véhicules automobiles (Recherche),Active,Service
AT919500,Transportation (R&D),Transports (R&D),Active,Service
AV718000,Mining and Metallurgy,Mines et Métallurgie,Active,Service
AZ110111,Scientific Data Collection - Field (R&D),Collecte de données scientifiques sur les lieux (R&D),Active,Service
AZ110112,Scientific Data Collection - Other Than Field (R&D),Collecte de données scientifiques ailleurs que les lieux (R&D),Active,Service
AZ110114,Real Time Analysis: Science and Technology Related (R&D),Analyse en temps réel - science et technologie (R&D),Active,Service
AZ110134,"Equipment/Machinery-Design, Development, Modification: Science and Technology Related (R&D)","Équipement, machines-conception, mise au point, modification, Science et Technologie (R&D)",Active,Service
AZ110136,"Measuring Instruments-Design, Development, Modification: Science and Technology Related (R&D)","Instrument de mesure, conception, mise au point, modification, science et technologie (R&D)",Active,Service
AZ110140,"Product/Material - Design, Development, Formulation, Modification: Science and Technology Related (R&D)","Produits, Matériaux - conception, mise au point, élaboration: Domaine de la Science et de la Technologie (R&D)",Active,Service
AZ110172,Forecasting Models: Science and Technology Related (R&D),Modèles de prévision - science et technologie (R&D),Active,Service
AZ110174,Mathematical Models/Algorithms: Science and Technology Related (R&D),Modèles mathématiques/algorithmes - science et technologie (R&D),Active,Service
AZ110176,Process Simulation Models: Science and Technology Related (R&D),Modèles de simulation du déroulement - science et technologie (R&D),Active,Service
AZ110178,Functional Simulation Modelling : Science and Technology Related (R&D),Modèles de simulation fonctionnelle - science et technologie (R&D),Active,Service
AZ110210,Research Project Management Services (R&D),Services de gestion de projet de recherche (R&D),Active,Service
AZ110252,System Requirements Definition: Science and Technology Related (R&D),Définition des exigences de systèmes - science et technologie (R&D),Active,Service
AZ110254,"System Design, Development and Testing: Science and Technology Related (R&D)","Conception, mise au point et essai de systèmes - science et technologie (R&D)",Active,Service
B000A,"Chemical/Biological Studies and Analyses, Military","Études et analyses chimiques et biologiques, secteur militaire",Active,Service
B002A,Animal and Fisheries Studies,Études d'animaux et d'aquaculture,Active,Service
B100A,Air Quality Analyses,Analyses sur la qualité d'air,Active,Service
B101A,Environmental Impact Studies,Études d'impact sur l'environnement,Active,Service
B101B,Environmental Studies - Construction Sites,Études environnementales - chantiers de construction,Active,Service
B102A,Soil Studies,Études du sol,Active,Service
B103A,Water Quality Studies,Études sur la qualité de l'eau,Active,Service
B109A,Other Environmental Studies,Autres études environnementales,Active,Service
B200A,Rock Core Drilling and Sampling,Carottage et échantillonnage,Active,Service
B200B,Geological Studies,Études géologiques,Active,Service
B201A,Geophysical Studies,Études géophysiques,Active,Service
B202A,Geotechnical Studies - Licensed Engineers,Études géotechniques -ingénieurs agréés,Active,Service
B204A,Seismological Studies,Études sismologiques,Active,Service
B206A,Energy Studies including Federal Buildings Initiative,"Études sur l'énergie, y compris L'Initiative des bâtiments fédéraux",Active,Service
B206B,Energy Evaluations of Buildings,Évaluations énergétiques de bâtiments,Active,Service
B208B,Environmental Planning and Control,Aménagement et contrôle du milieu,Active,Service
B208BB,Consulting Services - Energy Conservation Systems,Services de consultation - systèmes de conservation d'énergie,Active,Service
B219A,Other Engineering Studies,Autres études techniques,Active,Service
B301A,Data Analysis - Performance of a Survey,Analyse des données - Réalisation d'un sondage,Active,Service
B303A,Systems and Statistical Analysis,Analyse fonctionnelle et statistique,Active,Service
B304A,Regulatory Studies,Études de réglementation,Active,Service
B308A,Accounting and Financial Management Studies,Études de comptabilité et de gestion financière,Active,Service
B314A,Valuation Policies and Procedures,Politiques et procédures d'évaluation,Active,Service
B329A,Business Services / Modelling and Analysis,Services d'affaires commerciaux / modélisation et analyse,Active,Service
B329B,Advisory Support Services / Natural resources efficiency,Service de soutien consultatifs / efficacité des ressources naturelles,Active,Service
B400A,Space Policy Studies,Études relatives à la politique spatiale,Active,Service
B500A,Archaeological/Paleontological Services,Services d'archéologie et de paléontologie,Active,Service
B500B,Archaeological Site Investigations,Fouilles de sites archéologiques,Active,Service
B503A,Medical and Health Studies,Études sur la médecine et la santé,Active,Service
B503B,Medical and Health Studies / Modelling and Analysis,Études sur la médecine et la santé / Modélisation et analyse,Active,Service
B504A,Educational Studies,Étude éducative,Active,Service
B506D,Economic Studies / Modelling and Analysis,Études économiques / Modélisation et analyse,Active,Service
B509A,Land Use Studies,Études sur l'utilisation des terres,Active,Service
C111A,Architect/Engineer Services - Administration & Service Buildings,Services d'architectes et d'ingénieurs - bâtiments d'administration et de service,Active,Service
C112A,"Architect/Engineer Services - Airfield, Communication and Missile Facilities","Services d'architectes et d'ingénieurs - installations d'aérodromes, de communications et de missiles",Active,Service
C113A,Architect/Engineer Services - Educational Buildings,Services d'architectes et d'ingénieurs - bâtiments scolaires,Active,Service
C114A,Architect/Engineer Services - Hospital Buildings,Services d'architectes et d'ingénieurs - bâtiments hospitaliers,Active,Service
C115A,Architect/Engineer Services - Industrial Buildings,Services d'architectes et d'ingénieurs - bâtiments industriels,Active,Service
C116A,Architect/Engineer Services - Residential Buildings,Services d'architectes et d'ingénieurs - bâtiments résidentiels,Active,Service
C117A,Architect/Engineer Services - Warehouse Buildings,Services d'architectes et d'ingénieurs - bâtiments d'entreposage,Active,Service
C118A,Architect/Engineer Services Research and Development Facilities,Services d'architectes et d'ingénieurs - installations de recherche et de développement,Active,Service
C119A,Architectual Services - Buildings,Services d'architecture - bâtiments,Active,Service
C119AH,Architectural Services: Statement of Requirements or Building Programming,Services d'architecture-énoncé des besoins ou programme de construction,Active,Service
C119B,Design Build Services - Real Property,Services de conception-construction - Biens immobiliers,Active,Service
C119C,Construction Supervision Services,Services de contrôle technique,Active,Service
C119F,Engineering Services - Buildings,Services d'ingénierie - bâtiments,Active,Service
C121A,Architectural & Engineering Services - Restoration/Conservation Heritage Building Structures,Services d'architecture et d'ingénierie - Restauration et conservation des structures du bâtiment à valeur patrimoniale,Active,Service
C122A,"Architectural & Engineering Services - Highways, Roads, Railways,Bridges and Dams","Services d'architecture et d'ingénierie - Autoroutes, routes, ponts, voies ferrées, et barrages",Active,Service
C123A,Architectural & Engineering Services - Power Generation and Utilities,Services d'architecture et d'ingénierie - Production d'énergie et services publics,Active,Service
C129A,Architectural & Engineering Services - Other Non-Building Structures,Services d'architecture et d'ingénierie - Structures autres que celles du bâtiment,Active,Service
C130A,Architectural & Engineering Services - Restoration/Conservation Heritage Non-Building Structures,Services d'architecture et d'ingénierie - Restauration et conservation de structures autres que celles du bâtiment à valeur patrimoniale,Active,Service
C211A,Drafting and Design Services,Services de dessins et de dessins schématiques,Active,Service
C211D,Architect and Engineering Services - Buildings,Services d'architectes et d'ingénieurs - Bâtiments,Active,Service
C211DA,Interior Design Services including Functional Programming,"Services de design d'intérieur, y compris la programmation fonctionnelle",Active,Service
C211E,Landscape Architecture Services,Services d'architecture paysagère,Active,Service
C211F,CADD Drafting and Technical Services - Building Systems,"Conception et dessin assistés par ordinateur (CDAO), Services de dessin et services techniques - Systèmes des bâtiments",Active,Service
C212B,Architectual & Engineering CADD Services,Services d'architecture et d'ingénierie - Conception et dessin assistés par ordinateur,Active,Service
C213A,Architectural & Engineering Inspection Services,Services d'architecture et d'ingénierie - Inspection,Active,Service
C213C,"Construction Materials - Inspection, Testing and Evaluation","Matériaux de construction - inspection, vérification et évaluation",Active,Service
C216A,Naval Architecture,Architecture navale,Active,Service
C216AA,Naval Architecture - Consulting Services,Architecture navale - services de consultation,Active,Service
C216AB,Naval Architecture - Design Services,Architecture navale - services de dessin,Active,Service
C216BA,Marine Systems and Engineering,Systèmes et mécanique marins,Active,Service
C216BB,Technical Investigations and Engineering Services (TIES) (Marine),Enquêtes techniques et études d'ingénierie (ETEI) (marine),Active,Service
C216BC,Marine Management,Gestion marine,Active,Service
C216C,Marine Architect and Engineering Services,Services d'architecture et d'ingénierie,Active,Service
C219A,Engineering Services,Services d'ingénierie,Active,Service
C219AB,Technical Investigation and Engineering Services - Acoustic and Underwater Systems (Hardware/Software),Recherches et appui techniques systèmes acoustiques et sous-marins (matériel/logiciel),Active,Service
C219BE,Engineering and Technical Services - Ammunition Related,Services techniques - relatifs aux munitions,Active,Service
C219BF,"Engineering and Technical Services - Aerospace Related, Military","Services techniques - relatifs à l'aérospatial, militaires",Active,Service
C219BJ,Engineering and Technical Services - Combat Vehicles Related,Services d'ingénierie et techniques relatifs aux véhicules de combat,Active,Service
C219BK,Engineering Services - Construction Management,Services d'ingénierie - Gestion de chantier,Active,Service
C219C,Engineering Services,Services d'ingénierie,Active,Service
C219CBA,Energy Engineering: Building Energy Conservation,Génie Énergetique - Économies d'énergie dans les batiments,Active,Service
C219CBI,Energy Engineering: Energy use Management,Génie Énergetique - Gestion de l'utilisation de l'énergie,Active,Service
C219CJ,Engineering Services: Quantity Survey/Cost Estimating,"Services d' ingénierie: Analyses quantitatives, devis estimatifs",Active,Service
C219D,Other Architectural and Engineering Services - Real Property,Autres services d'architecture et d'ingénierie - Immobilier,Active,Service
C219DA,Environmental Engineering Services - Real Property,Services de génie de l'environnement - Immobilier,Active,Service
D301A,Computer and Data Processing Services,Services informatiques et de traitement des données,Active,Service
D301B,Data Centre Services,Services de centre de données,Active,Service
D301BB0,Cloud Technology,Cloud Technology,Active,Service
D301BBM,"Facilities Management Services, Large Scale","Services de la gestion des installations, à grande puissance",Active,Service
D301BBN,"Facilities Management Services, Local Area Network","Services de la gestion des installations, réseau local",Active,Service
D301C,"Computer Services, Not Elsewhere Specified","Services informatiques, non énumérés ailleurs",Active,Service
D301CD,Disaster Recovery Services,Services de récupération suivant les désastres,Active,Service
D301D,Facilities Operation and Outsourcing Services,Exploitation des installations et service d'impartition,Active,Service
D302A,Informatics Professional Services,"Services professionnels, informatique",Active,Service
D302AAH,"Informatics Professional and Consulting Services - Maintenance Operations, Support",Services professionnels et d'expert-conseil en informatique - entretien des opérations de soutien,Active,Service
D302AAI,"Informatics, Professional and Consulting Services - Network Planning, Design, Implementation, Management, Etc.","Services professionnels et d'expert-conseil en informatique - planification des réseaux, conception, mise en place, gestion, etc.",Active,Service
D302AAJ,"Informatics Professional and Consulting Services, Requirements, Analysis, Feasibility Studies","Services professionnels et d'experts-conseils, en informatique, analyse des besoins, études de faisabilité FAISABILITE",Active,Service
D302AAP,"Informatics Professional and Consulting Services, Software Development and Implementation","Services professionnels et d'experts-conseils en informatique, élaboration et mise en oeuvre de logiciel",Active,Service
D302AAR,"Informatics Professional and Consulting Services, Systems Management, Project Management, EDP Management Consulting","Services professionnels et d'experts-conseils, en informatique, gestion de systèmes, gestion de projets, conseil sur la gestion informatique",Active,Service
D302AAS,"Professional Special Services, EDP, Not Elsewhere Specified","Services professionnels spéciaux, informatique, non énumérés ailleurs",Active,Service
D302D,Multimedia Services,Services multimédia,Active,Service
D303AA,Data Entry Services,Services d'introduction de données,Active,Service
D304A,Data Transmission Service,Transmission de données,Active,Service
D307A,Systems Integration of Informatics Commodities and Services,Produits et services d'informatiques d'intégration des systèmes,Active,Service
D307AB,Informatics Systems Integration,Intégration de systèmes informatiques,Active,Service
D308A,Programming Services,Services de programmation,Active,Service
D309A,Radio and Television Towers and Systems,Antennes et systèmes de radio et de télévision,Active,Service
D309BB,Consulting Services Office Communications Systems-Systems,"Services de consultation, systèmes de communication de bureau, analyse des besoins pour les systèmes",Active,Service
D311A,Data Conversion Services,Services de conversion de données,Active,Service
D312A,Optical Scanning Services,Services de numérisation de documents,Active,Service
D316A,Radio Television Services,Services de radio et de télévision,Active,Service
D316AB,Radio Broadcasting Services,Services de radiodiffusion,Active,Service
D316B,Telecommunications Network Services,Services de réseau de télécommunications,Active,Service
D317B,"Information Retrieval Services, Database","Services de recherche d'information, base de données",Active,Service
D317C,Electronic Mail Services,Services de messagerie électronique,Active,Service
D317D,Automated News Services,Service automatisé de nouvelles,Active,Service
D317E,Information Products,Produits d'information,Active,Service
D317EA,Training Subscription,Formation par abonnement,Active,Service
D317EB,Web-Based Training,Formation sur le Web,Active,Service
D399A,Miscellaneous Communications Services,Services de communications divers,Active,Service
D399AA,Other Telecommunications Services,Autres services de télécommunications,Active,Service
D399AB,"Professional Services, Telecommunications",Services professionnels en télécommunications,Active,Service
D399B,Telecommunications - Voice Service,Télécommunications,Active,Service
D399BB,Telecommunications - Satellite Services,Télécommunications - services par satellite,Active,Service
D399BC,Telecommuncations - Teleconferencing,Télécommunications - téléconférence,Active,Service
D399BD,Telecommunications - Video Conferencing,Télécommunications - vidéoconférence,Active,Service
D399BE,Telecommunications - Voice Messaging,Télécommunications - communication vocale,Active,Service
D399C,CD-Rom Services,Services de CD-Rom,Active,Service
D399D,Micrographic Services,Services micrographiques,Active,Service
E101A,Air Quality Support Services,Services de soutien - qualité de l'air,Active,Service
E103A,Water Quality Support Services,Services de soutien - qualité de l'eau,Active,Service
E107A,Hazardous Substance Analysis - Building Related,Analyse des substances dangereuses -Secteur construction,Active,Service
E108A,Asbestos Removal Services,Enlèvement de l'amiante,Active,Service
E108C,Hazardous Chemicals Removal,Enlèvement de produits chimiques dangereux,Active,Service
E108CA,Hazardous Chemical Waste Disposal Services,Services d'élimination de déchets dangereux,Active,Service
E108D,Hazardous Substance Removal and Disposal -Building Related,Enlèvement et élimination de substances dangereuses - Secteur construction,Active,Service
E108E,Medical Waste Disposal Services,Services d'élimination des déchets médicaux,Active,Service
E108F,Northern Contaminated Site Environmental Clean-up Work/Services,Services de dépollution environnementale des sites contaminés du Nord,Active,Service
E109A,Leaking Underground Storage Tanks,Réservoirs souterrains non étanchés,Active,Service
E110A,Environmental Site Investigation,Investigations environnementales de l'emplacement,Active,Service
E111A,Oil Spill Collection,Captage des déversements d'huile,Active,Service
E111B,Oil Spill Response,Nettoyage des écoulements de pétrole,Active,Service
E199A,Waste Recycling Services,Services de recyclage des déchets,Active,Service
E199AB,Hazardous Waste Recycling - Real Property,Recyclage de déchets dangereux - Immobilier,Active,Service
E199AC,Non-Hazardous Waste Recycling - Real Property,Recyclage de déchets non dangereux - Immobilier,Active,Service
E199B,Wildlife Control (Airports),Contrôle de la faune (aéroports),Active,Service
E199BB,Wildlife Control Services (Airports) Bird Control,Services de contrôle de la faune (aéroports) aviaire contrôle,Active,Service
E199C,Explosive Ordnance Disposal Services,Services de neutralisation des munitions explosives,Active,Service
E199D,Environmental Services,Services environnementaux,Active,Service
E199H,Environmental Professional Consulting Services - Real Property Related,Services consultatifs professionnels en environnement - Relatifs à l'immobilier,Active,Service
F003A,Tree Planting Services for Land Reclamation,Services de plantation d'arbres pour la bonification des terres,Active,Service
F006D,"Crop Harvesting, Not Elsewhere Specified","Récoltes, non énumérés ailleurs",Active,Service
F006E,Crop Services,Services de culture,Active,Service
F008A,Ornamental Shrub and Tree Service,Arbrisseaux et arbres décoratifs,Active,Service
F010A,Forestry Services - Engineering,Services forestiers - génie,Active,Service
F010B,"Forestry Services, Not Elsewhere Specified","Services forestiers, non énumérés ailleurs",Active,Service
F010BA,"Forestry Services - Pruning, Felling, Seeding, ETC.","Services forestiers - émondage, abattage, ensemencement etc.",Active,Service
F010C,Diseased Tree Surgery or Removal,Greffage ou élimination des arbres malades,Active,Service
F010D,"Agricultural Services, Not Elsewhere Specified","Services Agricoles, non énumérés ailleurs",Active,Service
F011A,Pesticides and Insecticides Support Services,Services de soutien - pesticides et insecticides,Active,Service
F020A,Animal Control Services - Trap and Remove Animals From Populated Areas,Services de contrôle des animaux - piéger et enlever des animaux d'une région peuplée,Active,Service
F021A,Veterinary Services,Services de vétérinaire,Active,Service
F021B,Livestock Services Except Veterinary,"Services d'élevage de bétail, sauf de vétérinaire",Active,Service
F030A,Fisheries Resources Management Services,Services ressources gestion de pêcheries,Active,Service
F059A,Other Natural Resource and Conservation Services,Autres services de ressources naturelles et de conservation,Active,Service
G001A,Nursing Care Services,Soins infirmiers,Active,Service
G001B,Hospital Care Services,Soins hospitaliers,Active,Service
G001C,Pharmaceutical Services,Services pharmaceutiques,Active,Service
G009A,Dental Services,Services dentaires,Active,Service
G009B,Optical Services,Services d'optique,Active,Service
G009D,"Health and Allied Services, Not Elsewhere Specified","Services de santé et services connexes, non énumérés ailleurs",Active,Service
G009DA,Employee Assistance Programs,Programmes d'aide aux employés,Active,Service
G009E,Medical/Dental Clinic Services,"Services de clinique médicale, dentaire",Active,Service
G009F,Medical/Dental Laboratory Services,"Services de laboratoire médical, dentaire",Active,Service
G009G,Health and Welfare Services,Services de santé et de bien-être social,Active,Service
G009H,Medical Advisory Services,Services de consultation médicale,Active,Service
G009K,Substance Abuse Counselling,Counseling en toxicomanie,Active,Service
G009KA,Counselling Services,Services d'orientation,Active,Service
G009L,Physiotherapy Services,Services de physiothérapie,Active,Service
G009M,Radiology Services,Services de radiologie,Active,Service
G009N,Occupational Therapy,Ergothérapie,Active,Service
G009P,Ergonomic Services,Services d'ergonomie,Active,Service
G100A,Funeral Services,Services de pompes funèbres,Active,Service
G101A,Chaplain Services Miscellaneous,"Services d'aumônier, divers",Active,Service
G102A,Recreational Services,Services récréatifs,Active,Service
G103A,Welfare Services,Services de bien-être social,Active,Service
G103B,Social Rehabilitation Services for Prisoners,Services de réhabilitation pour prisonniers,Active,Service
G103C,Halfway House Services for Mental Health Patients,Services offerts par les maisons de transition aux patients atteints de troubles mentaux,Active,Service
G103D,Mental Health Services,Services de santé mentale,Active,Service
G199A,Patients' Volunteer Service,Service de bénévoles aux patients,Active,Service
G199D,Consular Social Assistance Services,Services consulaires d'urgence,Active,Service
H100A,Materials Inspection and Quality Assurance,Vérifications de matériaux et assurance de la qualité,Active,Service
H100AA,"Inspection, Engineering Services, Marine",Inspection des services de mécanique navale,Active,Service
H100AB,"Materials Inspection and Quality Assurance, Industrial Products","Vérification de matériaux et assurance de la qualité, produits industriels",Active,Service
H100AC,"Materials Inspection and Quality Assurance, Locomotives and Railway Equipment","Inspection des matériaux et assurance de la qualité, locomotives et équipement de chemin de fer",Active,Service
H100B,Quality Assurance Services,Services d'assurance de la qualité,Active,Service
H100BB,Quality Assurance Project Management,Gestion de projets relatifs à l'assurance de la qualité,Active,Service
H100BF,Vehicle Inspection,Inspection de véhicule,Active,Service
H200A,Construction Materials Testing,Essai de matériaux de construction,Active,Service
H200AA,Sonic Testing of Piling and Structural Members,Essai acoustique de pilotis et de pièces de charpente,Active,Service
H200B,Product Testing,Essais de produits,Active,Service
H200BB,"Product Testing, Tempest, Testing Facilities","Essais de produits, tempest, matériel d'essais",Active,Service
H200C,Equipment and Materials Testing,Essais d'equipement et de matériaux,Active,Service
H300A,"Laboratory, Testing and Inspection Services, Except Medical/Dental","Services d'essais et d'inspection en laboratoire, sauf médicaux/dentaires",Active,Service
H300AD,"Inspection, Sewage Pipe",Inspection de tuyaux des faux usées,Active,Service
H300B,Analytical Chemistry,Chimie analytique,Active,Service
H300C,Commercial Testing Laboratory Services,Services commerciaux d'essais en laboratoire,Active,Service
H300E,Construction Inspection Services,Services d'inspection de construction,Active,Service
H300F,"Heating and Cooling Plant, Inspection Services","Installation de chauffage et de climatisation, services d'inspection",Active,Service
H900A,"Other Construction Quality Control, Testing, Inspect. and Tech. Services","Autres services techniques et d'inspection, d'essai et de contrôle de la qualité en construction",Active,Service
J019A,"Maintenance, Repair, Modification, Rebuilding & Installation of Equipment related to Ships","Entretien, réparation, modification, réflection, et installation de biens et d'équipement afférents aux navires",Active,Service
JD1005,"Guns, Through 30mm - Production Design","Canons, jusqu'à 30 mm - dessin de production",Active,Service
JD1270,Aircraft Gunnery Fire Control Components - Production Design,Éléments de conduite de tir pour armes de bord d'aéronefs - dessin de production,Active,Service
JD1320,"AMMUNITION, OVER 125MM - PRODUCTION DESIGN","Munitions, de plus de 125 mm - dessin de production",Active,Service
JD1330,GRENADES - PRODUCTION DESIGN,Grenades - dessin de production,Active,Service
JD1340,"ROCKETS, ROCKET AMMUNITION AND ROCKET COMPONENTS - PRODUCTION DESIGN",Roquettes et composants pyrotechniques de roquettes - dessin de production,Active,Service
JD1345,LAND MINES - PRODUCTION DESIGN,Mines terrestres - dessin de production,Active,Service
JD1370,PYROTECHNICS - PRODUCTION DESIGN,Matériel pyrotechnique - dessin de production,Active,Service
JD1375,DEMOLITION MATERIALS - PRODUCTION DESIGN,Explosifs de démolition - dessin de production,Active,Service
JD1386,"EXPLOSIVE ORDNANCE DISPOSAL TOOLS, UNDERWATER- PRODUCTION DESIGN",Équipement de neutralisation des munitions explosives sous-marines - dessin de production,Active,Service
JD1520,"AIRCRAFT, ROTARY WING - PRODUCTION DESIGN",Aéronefs - voilure tournante - dessin de production,Active,Service
JD1730,AIRCRAFT GROUND SERVICING EQUIPMENT - PRODUCTION DESIGN,Matériel de services au sol des aéronefs - dessin de production,Active,Service
JD1990,"Ships, Small Craft, Pontoons, and Floating Docks - Production Design","Navires, embarcations, pontons et docks flottants - dessin de production",Active,Service
JD2060,COMMERCIAL FISHING EQUIPMENT - PRODUCTION DESIGN,Équipement de pêche commerciale dessin de production,Active,Service
JD2310,PASSENGER MOTOR VEHICLES - PRODUCTION DESIGN,Véhicules à moteur de tourisme - dessin de production,Active,Service
JD2320,"TRUCKS AND TRUCK TRACTORS, WHEELED - PRODUCTION DESIGN","Camions et tracteurs routiers pour semi-remorques, sur roues - dessin de production",Active,Service
JD2350,"COMBAT, ASSAULT, AND TACTICAL VEHICLES, TRACKED - PRODUCTION DESIGN","Véhicules de combat, d'assaut et tactiques, à chenilles - conception de la production",Active,Service
JD2510,"VEHICULAR CAB, BODY AND FRAME STRUCTURAL COMPONENTS - PRODUCTION DESIGN","Cabine de véhicule, carrosserie et composants structuraux de châssis - dessin de production",Active,Service
JD5315,"NAILS, KEYS AND PINS - PRODUCTION DESIGN","Clous, clavettes et goupilles - dessin de production",Active,Service
JD5826,"RADIO NAVIGATION EQUIPMENT, (AIRBORNE) - PRODUCTION DESIGN",Équipement de radionavigation pour aéronefs - dessin de production,Active,Service
JD5831,"INTERCOMMUNICATION AND PUBLIC ADDRESS SYSTEMS, AIRBORNE - PRODUCTION DESIGN",Systèmes d'intercommunication et de diffusion pour aéronefs - dessin de production,Active,Service
JD5840A,"RADAR EQUIPMENT, EXCEPT AIRBORNE, PRODUCTION DESIGN","Équipement radar, sauf aéronefs - modèle de production",Active,Service
JD5865,"ELECTRONIC COUNTERMEASURES, COUNTER-COUNTERMEASURES AND QUICK REACTION CAPABILITY EQUIPMENT - PRODUCTION DESIGN",Équipements de contre-mesures et d'anti-contre-mesures électroniques et équipements à capacité de réaction rapide - dessin de production,Active,Service
JD5895,MISCELLANEOUS COMMUNICATIONS EQUIPMENT - PRODUCTION DESIGN,Équipements divers de télécommunications - dessin de production,Active,Service
JD5905,RESISTORS - PRODUCTION DESIGN,Résistances - dessin de production,Active,Service
JD5960,ELECTRON TUBES AND ASSOCIATED HARDWARE - PRODUCTION DESIGN,Tubes électroniques et matériel connexe - dessin de production,Active,Service
JD6605,NAVIGATIONAL INSTRUMENTS - PRODUCTION DESIGN,Instruments de navigation - dessin de production,Active,Service
JI1610,AIRCRAFT PROPELLERS - INSTALLATION,Hélices d'aéronefs - installation,Active,Service
JI1660,"AIRCRAFT AIR CONDITIONING, HEATING AND PRESSURIZING EQUIPMENT - INSTALLATION","Équipement de climatisation, de chauffage et de pressurisation d'aéronef - installation",Active,Service
JI2510,"VEHICULAR CAB, BODY AND FRAME STRUCTURAL COMPONENTS - INSTALLATION","Composantes structurales de cabine, carrosserie et châssis de véhicule - installation",Active,Service
JI2530,"VEHICULAR BRAKE, STEERING, AXLE, WHEEL AND TRACK COMPONENTS - INSTALLATION","Composants de freins, de direction d'essieux, de roues et chenilles de véhicules - installation",Active,Service
JI2910,"ENGINE FUEL SYSTEM COMPONENTS, NON-AIRCRAFT - INSTALLATION","Composants du système d'alimentation en carburants des moteurs, sauf pour aéronefs - installation",Active,Service
JI3740,"PEST, DISEASE AND FROST CONTROL EQUIPMENT - INSTALLATION","Équipement pour combattre les fléaux, les épidémies, les gelées - installation",Active,Service
JI4110,REFRIGERATION EQUIPMENT - INSTALLATION,Équipement de réfrigération - installation,Active,Service
JI4130,REFRIGERATION AND AIR CONDITIONING COMPONENTS - INSTALLATION,Composants d'équipements pour la réfrigération et la climatisation - installation,Active,Service
JI4240,SAFETY AND RESCUE EQUIPMENT - INSTALLATION,Équipement de protection et de sauvetage - installation,Active,Service
JI4430,"INDUSTRIAL FURNACES, KILNS, LEHRS AND OVENS - INSTALLATION","Foyers industriels, fours à céramique, étuves, fours - installation",Active,Service
JI4520,SPACE HEATING EQUIPMENT AND DOMESTIC WATER HEATERS -INSTALLATION,Équipement de chauffage des locaux et chauffe-eau domestiques - installation,Active,Service
JI5660,"Fencing, Fences and Gates - Installation","Clôtures, barrières et portails - installation",Active,Service
JI5805,Aircraft (Military) Telephone and Telegraph Equipment - Installation,Équipement téléphonique et télégraphique d'aéronefs (militaires) - installation,Active,Service
JI5826,"Radio Navigation Equipment, (Airborne) - Installation",Équipements de radionavigation pour aéronefs - installation,Active,Service
JI5830,"Intercommunication and Public Address Systems, Except Airborne - Installation","Systèmes d'intercommunication et de sonorisation, sauf pour aéronefs - installation",Active,Service
JI5835,Sound Recording and Reproducing Equipment - Installation,Équipement d'enregistrement et de reproduction du son - installation,Active,Service
JI5840,"Radar Equipment, Except Airborne - Installation","Équipement de radar, sauf pour aéronefs - installation",Active,Service
JI5845,Underwater Sound Equipment - Installation,Équipement de détection sous-marine - installation,Active,Service
JI5895,Aircraft (Military) Miscellaneous Communications Equipment - Installation,Équipements divers de télécommunications d'aéronefs (militaires) - installation,Active,Service
JI5985,"Antennas, Waveguides and Related Equipment - Installation","Antennes, guides d'ondes et équipement connexe - installation",Active,Service
JI5995,"Cable, Cord, and Wire Assemblies, Communication Equipment - Installation","Câbles, cordons et fils électriques, équipement de télécommunications - installation",Active,Service
JI6350,"Alarm and Signal Systems, Miscellaneous - Installation and Services","Systèmes de signalisation et d'alarme, divers - installation",Active,Service
JI6520,"Dental Instruments, Equipment, and Supplies - Installation","Instruments, équipement et approvisionnements dentaires - installation",Active,Service
JI6530,"Hospital Furniture, Equipment, Utensils and Supplies - Installation","Mobiliers, équipements, ustensiles et approvisionnements d'hôpitaux - installation",Active,Service
JI6610,Flight Instruments - Installation,Instruments de contrôle de vol - installation,Active,Service
JI6625,"Electrical and Electronic Properties, Measuring and Testing Instruments - Installation",Instruments de mesure et d'essai de propriétés électriques et électroniques - installation,Active,Service
JI6650,"Optical Instruments, Test Equipment , Components and Accessories - Installation","Instruments d'optique, matériel d'essai, composants et accessoires - installation",Active,Service
JI6660,Meteorological Instruments and Apparatus - Installation,Instruments et appareils météorologiques - installation,Active,Service
JI6685,"Pressure, Temperature, and Humidity Measuring and Controlling Instruments - Installation","Instruments de contrôle et de mesure de pression, de température et d'humidité - installation",Active,Service
JI7010,ADPE System Configuration - Installation,"Équipement pour le traitement automatique de données, configuration du système - installation",Active,Service
JI7021,"ADP Central Processing Unit (CPU, Computer) Digital - Installation","Unité centrale de traitement, UCT, ordinateur, numérique - installation",Active,Service
JI7025,ADP Input - Output and Storage Devices - Installation,Dispositifs TAD d'entrée-sortie et de mémoire - installation,Active,Service
JI7110,Office Furniture - Installation,Meubles de bureau - installation,Active,Service
JI7125,"Cabinets, Lockers, Bins and Shelving - Installation","Meubles, armoires, armoires de sécurité et rayonnage - installation",Active,Service
JI7220,Floor Coverings - Installation,Revêtements de plancher - installation,Active,Service
JI7220A,"Carpet, Installation",Moquette-installation,Active,Service
JI7230,"Draperies, Awnings and Shades - Installation","Draperies, tentes et stores - installation",Active,Service
JI7310,"Food, Cooking Baking and Serving Equipment - Installation","Équipement pour la cuisson, la cuisson au four et le service des aliments - installation",Active,Service
JI7510,Office Supplies - Installation,Fournitures de bureau - installation,Active,Service
JI9330,Plastics Fabricated Materials - Installation,"Matières usinées, en matière plastique - installation",Active,Service
JI9905,Signs and Identification Plates - Installation,Enseignes et plaques d'identification - installation,Active,Service
JI9930,"Memorials, Cemeterial and Mortiary Equipment and Suppliers - Installation",Articles funéraires - installation,Active,Service
JX1005,"Guns, Through 30MM - Repair","Canons, jusqu'à 30 mm - réparation",Active,Service
JX1005A,Small Arms and Accessories (Military) - Repair & Overhaul,"Armes portatives et accessoires, militaires - réparation et révision",Active,Service
JX1015,"Guns, 75MM Through 125MM - Repair","Canons, de 75 mm jusqu'à 125 mm - réparation",Active,Service
JX1025,"Guns, Over 150MM Through 200MM - Repair","Canons, de plus de 150 mm jusqu'à 200 mm - réparation",Active,Service
JX1035,"Guns, Over 300MM - Repair","Canons, de plus de 300 mm - réparation",Active,Service
JX1055,"Launchers, Rockets and Pyrotechnic - Repair",Appareils de lancement pour engins pyrotechniques et roquettes - réparation,Active,Service
JX1095,Miscellaneous Weapons - Repair,Armes diverses - réparation,Active,Service
JX1220,Fire Control Computing Sights and Devices - Repair,Appareils de visée et calculateurs de conduite de tir - réparation,Active,Service
JX1230,Fire Control Systems - Repair,Systèmes de conduite de tir - réparation,Active,Service
JX1240,Optical Sighting and Ranging Equipment - Repair,Instruments optiques de visée et de télémétrie - réparation,Active,Service
JX1250,Fire Control Stabilizing Mechanisms - Repair,Mécanismes stabilisateurs pour la conduite de tir - réparation,Active,Service
JX1265,Fire Control Transmitting and Receiving Equipment (Except Airborne) - Repair,"Équipement d'émission et de réception pour la conduite de tir, sauf pour aéronefs - réparation",Active,Service
JX1285,"Fire Control Radar Equipment, Except Airborne - Repair","Équipement radar pour la conduite de tir, sauf pour aéronefs - réparation",Active,Service
JX1305,"Ammunition, Through 30MM - Repair","Munitions, jusqu'à 30 mm - réparation",Active,Service
JX1340,"Rockets, Rocket Ammunition and Rocket Components - Repair",Roquettes et composants pyrotechniques de roquettes - réparation,Active,Service
JX1355,"Torpedo and Components, Inert - Repair","Torpilles et composants, inertes - réparation",Active,Service
JX1377,Cartridge and Propellant Actuated Devices and Components - Repair,Dispositifs actionnés par cartouches ou par agents propulsifs et composants - réparation,Active,Service
JX1410,Guided Missiles - Repair,Missiles - réparation,Active,Service
JX1420,Guided Missile Components - Repair,Composants de missiles - réparation,Active,Service
JX1425,"Guided Missile Systems, Complete - Repair",Systèmes de missiles complets - réparation,Active,Service
JX1427,Guided Missile Sub-Systems - Repair,Composants de systèmes de missiles - réparation,Active,Service
JX1430,Guided Missile Remote Control System - Repair,Systèmes de télécommande pour missiles - réparation,Active,Service
JX1450,Guided Missile Handling and Servicing - Repair,Équipement pour la manutention et l'entretien des missiles - réparation,Active,Service
JX1510,"Aircraft, Fixed Wing - (Military) Repair and Overhaul",Aéronef à voilure fixe - réparation,Active,Service
JX1510A,"Aircraft, Fixed Wing - Repair and Overhaul (Military)","Aéronef, aile fixe, militaires - réparation et révision",Active,Service
JX1510C,"Aircraft, Fixed Wing - Repair and Overhaul (Civilian)","Aéronef, aile fixe, civiles - réparation et révision",Active,Service
JX1510D,"Repainting and Refinishing, Small Aircraft","Repeinturage et refinissage, petit aéronef",Active,Service
JX1520,"Aircraft, Rotary Wing - Repair",Aéronefs - voilure tournante - réparation,Active,Service
JX1520A,"Aircraft, Rotary Wing (Military) - Repair and Overhaul","Hélicoptères, (civils) réparation et mise au point",Active,Service
JX1520B,Helicopters (Military) Repair and Overhaul,Hélicoptères (militaires) réparation et révision,Active,Service
JX1540,Gliders - Repair,Planeurs - réparation,Active,Service
JX1560,Airframe Structural Components (Military) - Repair and Overhaul,Composants structuraux de cellules militaires - réparation et révision,Active,Service
JX1610,Aircraft Propellers and Components (Military) - Repair and Overhaul,Hélices d'aéronefs et composants (militaires) - réparation et révision,Active,Service
JX1615,"Helicopter Rotor Blades, Drive, Mechanisms and Components (Military) - Repair and Overhaul","Pales rotor d'hélicoptères, mécanismes d'entraînement et composants (militaires) - réparation et révision",Active,Service
JX1620,Aircraft Landing Gear Components (Military) - Repair and Overhaul,Composants de trains d'atterrissage (militaires) - réparation et révision,Active,Service
JX1630,Aircraft Wheel and Brake Systems (Civilian) - Repair,Roues et systèmes de freinage d'aéronefs civils - réparation,Active,Service
JX1650,"Aircraft Hydraulic, Vacuum and De-icing System Components (Military) - Repair and Overhaul","Composants de systèmes hydrauliques, de systèmes à vide et de systèmes de dégivrage d'aéronef (militaires)- réparation et révision",Active,Service
JX1660,"Aircraft Air Conditioning, Heating and Pressurizing Equipment (Military) - Repair and Overhaul","Équipement de climatisation, de chauffage et de pressurisation d'aéronef (militaires) - réparation et révision",Active,Service
JX1680,Miscellaneous Aircraft Accessories and Components (Military) - Repair and Overhaul,Accessoires et composants divers pour aéronefs (militaires) - réparation et révision,Active,Service
JX1680A,Miscellaneous Aircraft Accessories and Components - Repair and Overhaul,Accessoires et composants divers pour aéronefs - réparation et révision,Active,Service
JX1680B,"Seats, Aircraft - Repair and Overhaul",Sièges d'aéronefs - réparation et révision,Active,Service
JX1680C,"Repainting and Refinishing, Aircraft Components","Repeinturage et refinissage, composants d'aéronef",Active,Service
JX1710,Aircraft Landing Equipment - Repair,Équipement d'atterrissage pour aéronefs - réparation,Active,Service
JX1720,Aircraft Launching Equipment - Repair,Équipement de catapultage d'aéronefs - réparation,Active,Service
JX1730,Aircraft Ground Servicing Equipment - Repair,Matériel de services au sol des aéronefs - réparation,Active,Service
JX1740,Airfield Specialized Trucks and Trailers - Repair,Camions et remorques spéciaux d'aérodrome - réparation,Active,Service
JX1910,"Transport Vessels, Passenger and Troop - Repair",Navires de transport pour passagers et troupe - réparation,Active,Service
JX1920,Fishing Vessels - Repair,Bateaux de pêche - réparation,Active,Service
JX1925,Special Service Vessels - Repair,Bateaux de servitude - réparation,Active,Service
JX1930,"Barges and Lighters, Cargo - Repair","Chalands, barges et allèges pour le transport de matériel - réparation",Active,Service
JX1940,Small Craft - Repair,Embarcations légères - réparation,Active,Service
JX1940AA,Boats (Small) and Canoes - Repair and Overhaul,"Embarcations, petites et canots - réparation et révision",Active,Service
JX1940C,"Boats, Small - Fibreglass - Repair and Overhaul","Bateaux légers, fibre de verre - réparation et révision",Active,Service
JX1945,Pontoons and Floating Docks - Repair,Pontons et docks flottants - réparation,Active,Service
JX1950,Floating Drydocks - Repair,"Cales sèches, flottantes - réparation",Active,Service
JX1955,Dredges - Repair,Dragues - réparation,Active,Service
JX1990,"Vessels, Miscellaneous - Repair",Bateaux divers - réparation,Active,Service
JX1990A,"Ships and Vessels (large) - Repair, Refits and Conversions (including Dry Docking)","Navires et bateaux de grandes dimensions -réparation, radoub et transformation (mise en cale sèche comprise)",Active,Service
JX1990B,"Ships, and Vessels (small) - Repair, Refits and Conversions (including Dry Docks)","Navires et bateaux, de petites dimensions - réparation, radoub et transformation, (mise en case sèche comprise)",Active,Service
JX1990C,"Ships and Vessels (small) - Repair, Refits and Conversions (excluding Dry Docks)","Navires et bateaux - réparation, radoub et transformation, mise en cale sèche non comprise",Active,Service
JX1990D,"Shipboard Machinery & Equipment -Repair, Overhaul, Modification, Maintenance & Calibration","Machines et équipement à bord des navires - réparation, révision, modification, entretien et calibrage",Active,Service
JX1990DA,"Shipboard Deck Machinery, Not Elsewhere Specified - Repair and Overhaul","Machinerie de pont à bord des navires, non énumérés ailleurs - réparation et révision",Active,Service
JX1990E,"Shipboard Electrical & Electronic Equipment - Repair, Overhaul, Modification, Maintenence & Calibration","Équipement électrique et électronique à bord des navires - réparation, révision, modifications, entretien et calibrage",Active,Service
JX1990F,"Shipboard Miscellaneous Equipment - Repair, Overhaul, Modification and Calibration","Équipement de type divers à bord des navires - réparation, révision, modification, entretien et calibrage",Active,Service
JX1990G,"Vessels, Marine, Miscellaneous - Recompression Chamber- Refit, Repair, Overhaul, Modification and Maintenence","Bateaux, marine, divers - chambre de recompression - radoub, réparation, révision, modification et entretien",Active,Service
JX1990H,"Ships and Vessels, Bilge and Tank Pumping and Disposal of Waste Water and Oil Products","Navires et bateaux, pompage de cale et de réservoir et élimination des eaux usées et des produits du pétrole",Active,Service
JX1990HA,"Shipboard Hull (Non Structural) Repair, Overhaul and Maintenance","Coque (non structurale) à bord des navires - réparation, révision et entretien",Active,Service
JX1990HB,"Shipboard Hull (Structural) - Repair, Overhaul and Maintenance","Coque (structurale) à bord des navires - réparation, révision et entretien",Active,Service
JX1990I,"Ships and Vessels - Sand Blasting, Repainting, and Refinishing","Navires et bateaux - sablage, repeinturage et refinissage",Active,Service
JX1990J,Ships and Vessels Refrigeration and Air Conditioning Equipment - Repair and Overhaul,Équipement de réfrigération et de conditionnement d'air pour navires et bateaux - réparation et révision,Active,Service
JX1990K,"Ships and Vessels HVAC - Vent Cleaning, Repair, Overhaul and Maintenance","Climatisation de navires et de bateaux - nettoyage de prise d'air, réparation, révision et entretien",Active,Service
JX1990L,"Ships and Vessels Deck Coverings - Repair, Overhaul, and Maintenance","Couvre-pont de navires et de bateaux - réparation, révision et entretien",Active,Service
JX1990M,"Ships and Vessels Hydraulic Systems (including Piping) - Recalibration, Repair, Overhaul, and Maintenance","Systèmes hydrauliques pour navires et bateaux (tuyauterie incluse) - recalibrage, réparation, révision et entretien",Active,Service
JX1990N,Shipboard Piping - Repair and Overhaul (except hydraulic systems),"Tuyauterie à bord des navires - réparation et révision, sauf systèmes hydrauliques",Active,Service
JX1990P,Ships and Vessels - Asbestos Removal,Navires et bateaux - enlèvement d'amiante,Active,Service
JX1990R,Ships and Vessels - Non Destructive Testing,Navires et bateaux - essais non destructifs,Active,Service
JX1990S,Ships and Vessels - Preventative Maintenance - Modifications and Recalibration (incl. Vibration Analysis) - Repair and Overhaul,"Navires et bateaux - entretien préventif, modification et recalibrage, (y compris analysis de vibration) - réparation et révision",Active,Service
JX1990T,"Ships and Vessels - Underwater Services - Repair, Overhaul, Modification, and Maintenance","Navires et bateaux - services sous-marins - réparation, révision, modification et entretien",Active,Service
JX1990U,"Ships and Vessels - Propellor, Propellor Assembly, Repair, Overhaul, Miantenance, or Modification","Navires et bateaux - hélice, assemblage d'hélice, réparation, révision, entretien et modification",Active,Service
JX1990V,Ships and Vessels - Hydroblasting and Tank Cleaning,Navires et bateaux - décapage à l'eau et déballastage,Active,Service
JX1990W,"Ships, Small Craft, Pontoons, and Floating Docks - Repair","Navires, embarcations, pontons et docks flottants - réparation",Active,Service
JX2010,Ship and Boat Propulsion Components - Repair,Organes de propulsion pour bateaux et navires - réparation,Active,Service
JX2010A,"Propellers, Marine - Repair and Overhaul",Hélices-marine - réparation et révision,Active,Service
JX2020,Rigging and Rigging Gear - Repair,Gréements et apparaux de gréements - réparation,Active,Service
JX2030,Deck Machinery - Repair and Overhaul,"Pont, machinerie - réparation et révision",Active,Service
JX2040,Marine Hardware and Hull Items - Repair,Quincaillerie marine et apparaux de coque - réparation,Active,Service
JX2050,Buoys - Repair,Bouées - réparation,Active,Service
JX2060,Commercial Fishing Equipment - Repair,Équipement de pêche commerciale - réparation,Active,Service
JX2090,Ship and Marine Miscellaneous Equipment - Repair,Matériels nautiques divers - réparation,Active,Service
JX2090AA,"Cabinets and Furniture, Marine, Not Elsewhere Specified - Repair","Meubles à tiroir et ameublement marine, non énumérés ailleurs - réparation",Active,Service
JX2210,Locomotives - Repair,Locomotives - réparation,Active,Service
JX2240,Locomotive and Rail Car Accessories and Components - Repair,Parties constitutives des locomotives et wagons et accessoires - réparation,Active,Service
JX2240A,Locomotive Accessories and Components - Repair and Overhaul,Parties constitutives et accessoires de locomotives - réparation et révision,Active,Service
JX2250,"Tract Materials, Railroad - Repair",Matériels de voies ferrées - réparation,Active,Service
JX2305,Ground Effect Vehicles - Repair,Véhicules à effet de sol - réparation,Active,Service
JX2305A,Ground Effect Vehicles (Civilian) - Repair and Overhaul,"Véhicules à effet de sol, civils - réparation et révision",Active,Service
JX2305B,Ground Effect Vehicles (Military) - Repair and Overhaul,"Véhicules à effet de sol, militaire - réparation et révision",Active,Service
JX2310,Passenger Motor Vehicles - Repair,Véhicules à moteur de tourisme - réparation,Active,Service
JX2310C,Passenger Motor Vehicles - Repair and Overhaul - Ford Motors,Véhicules à moteur de tourisme - réparation et révision - Ford Motors,Active,Service
JX2310D,Passenger Motor Vehicles - Repair and Overhaul - General Motors,Véhicules à moteur de tourisme - réparation et révision - General Motors,Active,Service
JX2310E,"Buses, Repairs and Service",Autobus - réparations et service,Active,Service
JX2310F,"Ambulances, Repair and Overhaul","Ambulances, réparation et révision",Active,Service
JX2320,"Trucks and Truck Tractors, Wheeled - Repair","Camions et tracteurs routiers pour semi-remorques, sur roues - réparation",Active,Service
JX2320A,"Vehicles, Wheeled, Standard Military Pattern - Repair and Overhaul","Véhicules, sur roues, modèle militaire standard - réparation et révision",Active,Service
JX2330,Trailers - Repair,Remorques et semi-remorques - réparation,Active,Service
JX2330A,"Trailers, Repairs and Service",Remorques - réparations et service,Active,Service
JX2340,"Motorcycles, Motor Scooters and Bicycles - Repair","Motocyclettes, vélomoteurs et bicyclettes - réparation",Active,Service
JX2350,"Combat, Assault, and Tactical Vehicles, Tracked - Repair","Véhicules de combat, d'assaut et tactiques, à chenille - réparation",Active,Service
JX2350A,"Combat, Assault and Tactical Vehicles, Tracked, Not Elsewhere Specified - Repair and Overhaul","Véhicules à chenille de combat, d'assaut et tactiques - non énumérés ailleurs, réparation et révision",Active,Service
JX2350B,Snowmobile - Repair and Overhaul,Motoneige - réparation et révision,Active,Service
JX2355,"Combat, Assault, and Tactical Vehicles, Wheeled - Repair","Véhicules de combat, d'assaut et tactique, sur roues - réparation",Active,Service
JX2410,"Tractors, Full-Track, Low Speed - Repair and Overhaul","Tracteurs à chenille, lents - réparation et révision",Active,Service
JX2420,Tractors Wheeled - Repair and Overhaul,Tracteurs sur roues - réparation et révision,Active,Service
JX2430,"Tractors, Track Laying, High Speed - Repair","Tracteurs à chenilles, rapides - réparation",Active,Service
JX2510,"Vehicular Cab, Body and Frame Structural Components - Repair","Cabine de véhicule, carrosserie et composants structuraux de châssis - réparation",Active,Service
JX2510E,"Springs, Leaf and Coil, for Tracked and Wheeled Vehicles, except Ground Effect and Armoured Fighting Vehicles - Repair and Overhaul","Ressorts, à lame et à boudin, pour véhicules à roues et à chenille, sauf les véhicules de combat blindés et à effet de sol - réparation et révision",Active,Service
JX2510G,"Vehicular, Windshield Assembly - Repair and Overhaul",Ensemble de pare-brise de véhicules - réparation et révision,Active,Service
JX2510H,"Vehicular Cab, Body and Frame Structural Components, Repainting and Refinishing","Cabine de véhicule, carrosserie et composants de structure du châssis - nouvelles peinture et finition",Active,Service
JX2520,Vehicular Power Transmission Components - Repair,Composants de transmission de puissance des véhicules - réparation,Active,Service
JX2520A,Vehicular Power Transmission Components (Standard Commercial) - Repair and Overhaul,Composants de transmission de puissance des véhicules (commerciaux et standard) - réparation et révision,Active,Service
JX2520B,"Vehicular Power Transmission Components, for Tracked and Wheeled Vehicles - Repair and Overhaul","Composants de transmission de puissance des véhicules, pour véhicule à chenille et à roues - réparation et révision",Active,Service
JX2530,"Vehicular Brake, Steering, Axle, Wheel and Track Components - Repair and Overhaul","Composants pour freins, direction, essieu, roues et chenille de véhicules - réparation et révision",Active,Service
JX2530A,"Vehicular Brake, Steering, Axle and Wheel Components (Standard Commercial) - Repair and Overhaul","Composants de freins, de direction, d'essieux, et de roues de véhicules, standard et commerciaux - réparation et révision",Active,Service
JX2530B,"Vehicular, Brake, Steering, Axle, Wheel and Tracked Components, for Tracked and Wheeled Vehicles, Military Configuration - Repair and Overhaul","Composants de frein, de direction, d'essieu, de roue et de chenille de véhicule, pour véhicules à roues et à chenilles, modèle militaire - réparation et révision",Active,Service
JX2530BB,"Wheel, Solid Rubber, Repair and Overhaul, Armoured Fighting Vehicle, S.M.P.","Roue, caoutchouc plein, réparation et révision, véhicules blindés de combat, modèle militaire standard",Active,Service
JX2530BC,"Alignments, Wheel Balancing",Parallélisme et équilibrage des roues,Active,Service
JX2540,Vehicular Furniture and Accessories - Repair,Accessoires et garnitures de véhicules - réparation,Active,Service
JX2590,"Vehicular Components, Miscellaneous - Repair",Composants divers de véhicules - réparation,Active,Service
JX2590A,Vehicular Component Vinyl Upholstery - Repair and Overhaul,"Composants de véhicules, capitonnage en vinyle - réparation et révision",Active,Service
JX2610,"Tires and Tubes, Pneumatic, except Aircraft - Repair","Pneumatiques et chambres à air, sauf pour aéronef - réparation",Active,Service
JX2610A,"Tires and Tubes, Pneumatic, except Aircraft - Repair and Retreading","Pneumatiques et chambres à air, sauf pour aéronef - réparation et rechapage",Active,Service
JX2620,"Tires and Tubes, Pneumatic, Aircraft - Repair",Pneumatiques et chambres à air d'aéronefs - réparation,Active,Service
JX2620B,"Tires, Pneumatic, Aircraft, Certification","Pneumatiques et chambres à air d'aéronefs, certifiés",Active,Service
JX2640,Tire Rebuilding and Tire and Tube Repair Materials - Repair,Produits de rechapage et de réparation des pneumatiques et chambre à air - réparation,Active,Service
JX2805,Gasoline Reciprocating Engines (except Aircraft) and Components - Repair,"Moteurs alternatifs à piston, sauf aéronefs et composants - réparation",Active,Service
JX2805A,"Motors, Outboard - Repair",Moteurs hors-bord - réparation,Active,Service
JX2805AB,"MOTORS, OUTBOARD, MERCURY - REPAIR","Moteurs, hors-bord, Mercury - réparation",Active,Service
JX2805B,"Engines, Gasoline - Repair and Overhaul (except Aircraft)","Moteurs à essence - réparation et révision, sauf aéronef",Active,Service
JX2810,"Gasoline Reciprocating Engines, Aircraft Prime Movers and Components-Repair","Moteurs alternatifs à essence,appareils moteurs d'aéronefs, et composants - réparation",Active,Service
JX2815,Diesel Engines and Components - Repair,Moteurs diesel et composants - réparation,Active,Service
JX2815AA,"DIESEL ENGINES-REPAIR AND OVERHAUL, MODIFICATION AND MAINTENANCE(EXCEPT MARINE AND NON-SPECIFIC COMPONENTS)","Moteurs diesel - réparation et révision, modification et entretien, sauf marine et composants non-spécifiques",Active,Service
JX2815AB,"DIESEL ENGINES, REPAIR, OVERHAUL, MODIFICATION AND MAINTENANCE, MARINE AND NON SPECIFIC COMPONENTS","Moteurs diesel - réparation, révision, modification et entretien marins et composants non spécifiques",Active,Service
JX2815B,"Diesel Engines and Components, Armoured Fighting Vehicles, SMP - Repair and Overhaul","Moteurs diesels et composants, véhicules blindés de combat, modèle militaire standard - réparation et révision",Active,Service
JX2815C,"Diesel Engines, Repair, Overhaul, Modification and Maintenance","Moteurs diesel - réparation, révision, modification et entretien",Active,Service
JX2825,Steam Turbines and Components - Repair and Overhaul,Turbines à vapeur et composants - réparation et révision,Active,Service
JX2825A,Turbine Components - Repair and Overhaul,Composants de turbine - réparation et révision,Active,Service
JX2835,Gas Turbines and Jet Engines (except Aircraft) and Components - Repair,"Turbines à gaz et moteurs à réaction et composants, sauf d'aéronefs - réparation",Active,Service
JX2835A,"Gas Turbine Overhaul Services, Marine","Services de révision de turbine à gaz, marine",Active,Service
JX2835B,Airborne Auxillary and Ground Gas Turbine Units for Aircraft Engines Starting - Repair and Overhaul,Ensembles de turbines à gaz au sol et auxiliaires en vol pour démarrage de moteurs d'aéronef - réparation et révision,Active,Service
JX2840,"Gas Turbines and Jet Engines, Aircraft, Prime Moving and Components (Civilian) - Repair","Turbines à gaz et moteurs à réaction, Aéronefs, Appareil moteur civils et composants - réparation",Active,Service
JX2840A,"Gas Turbines and Jet Engines, Aircraft, and Components - Repair and Overhaul (Military)","Turbines à gaz et moteurs à réaction, aéronefs et composants, militaire - réparation et révision",Active,Service
JX2850,Gasoline Rotary Engines and Components - Repair,Moteurs rotatifs à essence et composants - réparation,Active,Service
JX2895,Miscellaneous Engines and Components - Repair,Moteurs divers et composants - réparation,Active,Service
JX2910,"Engine Fuel System Components, Non-Aircraft - Repair","Composants du système d'alimentation en carburants des moteurs, sauf pour aéronefs - réparation",Active,Service
JX2910B,"Filter Assemblies, Engine (Marine) - Repair and Overhaul","Ensembles de filtres, moteurs, marins - réparation et révision",Active,Service
JX2910C,Fuel Injector - Repair and Overhaul (Marine),"Injecteur de carburant - réparation et révision, marin",Active,Service
JX2910D,"Injector Fuel, Armoured Fighting Vehicle, S.M.P. - Repair and Overhaul","Injecteur de carburant, véhicules blindés de combat, modèle militaire standard - réparation et révision",Active,Service
JX2915,"Engine Fuel System Components, Aircraft and Missile Prime Movers - Repair","Composants du système d'alimentation en carburant, appareils moteurs d'aéronefs et de missiles- réparation",Active,Service
JX2915A,"Engine Fuel System Components, Aircraft (Military) - Repair and Overhaul",Composants du système d'alimentation en carburant des moteurs d'aéronefs (militaires) - réparation et révision,Active,Service
JX2920,"Engine Electrical System Components, Non-Aircraft - Repair and Overhaul","Composants de système électrique des moteurs, sauf pour aéronefs - réparation et révision",Active,Service
JX2925,"Engine Electrical System Components, Aircraft Prime Moving-Repair","Composants de système électrique de moteurs, appareils moteurs d'aéronefs - réparation",Active,Service
JX2930,"Engine Coolant System Components, Non-Aircraft - Repair and Overhaul","Composants de système de refroidissement des moteurs, sauf pour aéronefs - réparation et révision",Active,Service
JX2940,"Engine Air Oil Filters, Strainers and Cleaners, Non-Aircraft - Repair","Filtres à air et à huile des moteurs, tamis et nettoyeurs, sauf pour aéronefs - réparation",Active,Service
JX2990,"Engine Accessories, Miscellaneous, Non-Aircraft - Repair","Accessoires divers de moteurs, sauf pour aéronefs - réparation",Active,Service
JX2990AA,"Mufflers, Exhaust, except Marine Ground Effect and Armoured Fighting Vehicles - Repair and Overhaul","Silencieux, échappement sauf pour véhicules marins, à effet de sol et de combat blindés - réparation et révision",Active,Service
JX2995,"Miscellaneous Engine Accessories, Aircraft (Military) - Repair and Overhaul",Accessoires divers de moteurs d'aéronefs (militaires) - réparation et révision,Active,Service
JX3010,Torque Converters and Speed Changers - Repair,Convertisseurs de couple et changeurs de vitesse - réparation,Active,Service
JX3010A,Hydraulic Power System - Repair,Circuit de génération hydraulique - réparation,Active,Service
JX3020,"Gears, Pulleys, Sprockets and Transmission Chain - Repair and Overhaul","Chaînes d'engrenages, à pignons, à palan, de transmission - réparation et révision",Active,Service
JX3030,"Belting, Drive Belts, Fan Belts and Accessories - Repair","Courroies de transmissions, courroies de commande, courroies de ventilateurs et accessoires - réparation",Active,Service
JX3040,"Power Transmission Equipment, Miscellaneous - Repair",Équipements divers de transmission de puissance - réparation,Active,Service
JX3110,"Bearings, Antifriction, Unmounted - Repair",Roulements nus - réparation,Active,Service
JX3130,"Bearings, Mounted - Repair",Roulements et paliers équipes - réparation,Active,Service
JX3210,Sawmill and Planing Mill Machinery - Repair,Équipements de scieries - réparation,Active,Service
JX3220,Woodworking Machines - Repair,Machines pour le travail du bois - réparation,Active,Service
JX3405,Saws and Filing Machines - Repair,Scies et machines à limer - réparation,Active,Service
JX3412,Broaching Machines - Repair,Brocheuses - réparation,Active,Service
JX3413,Drilling and Tapping Machines - Repair,"Tours, pour travail avec les métaux - réparation",Active,Service
JX3414,Gear Cutting and Finishing Machines - Repair,Machines à tailler et à finir les engrenages - réparation,Active,Service
JX3415,Grinding Machines - Repair,Machines à meuler-affuteuses-rectifieuses - réparation,Active,Service
JX3416,Lathes (Metal Working) - Repair,Tours - réparation,Active,Service
JX3417,Milling Machines - Repair,Fraiseuses - réparation,Active,Service
JX3419,Machine Tools - Miscellaneous - Repair,Machines et outils divers - réparation,Active,Service
JX3431,Electric Arc Welding Equipment - Repair,Équipement de soudage à l'arc électrique - réparation,Active,Service
JX3433,"Gas Welding, Heat Cutting and Metalizing Equipment - Repair","Équipements de soudage au gaz, de coupage à chaud et de métallisation - réparation",Active,Service
JX3438,Miscellaneous Welding Equipment - Repair and Overhaul,Équipement pour soudures diverses - réparation et révision,Active,Service
JX3439,"Welding, Soldering and Brazing Supplies and Accessories, Miscellaneous - Repair",Fournitures et accessoires divers pour soudage et brassage - réparation,Active,Service
JX3441,Bending and Forming Machines - Repair,Machines à cintrer et à former - réparation,Active,Service
JX3442,"Hydraulic and Pneumatic Presses, Power Driven - Repair","Presses à moteur, hydrauliques et pneumatiques - réparation",Active,Service
JX3443,"Mechanical Presses, Power Driven - Repair","Presses à moteur, mécaniques - réparation",Active,Service
JX3445,Punching and Shearing Machines - Repair,Machines à poinçonner et à cisailler - réparation,Active,Service
JX3450,"Machine Tools, Portable - Repair",Machines et outils portatifs - réparation,Active,Service
JX3455,"Cutting Tools for Machine Tools - Repair, Overhaul, Modification and Maintenance","Outils de coupe pour machines et outils - réparation, révision, modification et entretien",Active,Service
JX3456,Cutting and Forming Tools for Secondary Metal Working Machinery - Repair,Outils à couper et former pour machines complémentaires à travailler les métaux - réparation,Active,Service
JX3460,Machine Tool Accessories - Repair,Accessoires de machines et outils - réparation,Active,Service
JX3465,"Production Jigs, Fixtures and Templates - Repair","Calibres de formes, gabarits de guidage, appareils de contrôle - réparation",Active,Service
JX3510,Laundry and Dry Cleaning Equipment - Repair and Overhaul,Équipement de blanchissage et de nettoyage à sec - réparation et révision,Active,Service
JX3540,Wrapping and Packaging Machinery - Repair,Machines à emballer et à empaqueter - réparation,Active,Service
JX3590,"Service and Trade Equipment, Miscellaneous - Repair",Équipement commercial et de service divers - réparation,Active,Service
JX3610,"Printing, Duplicating and Bookbinding Equipment - Repair and Overhaul","Équipement d'impression, de duplication et de reliure - réparation et révision",Active,Service
JX3610A,Duplicating Equipment - Repair and Overhaul,Équipement de duplication - réparation et révision,Active,Service
JX3610AA,Photocopying Machines and Accessories - Repair,Machines à photocopier et accessoires - réparation,Active,Service
JX3615,Pulp and Paper Industries Machinery - Repair,Machines des industries des pâtes et papiers = réparation,Active,Service
JX3625,Textile Industries Machinery - Repair,Machines des industries textiles - réparation,Active,Service
JX3630,Clay and Concrete Products Industries Machinery - Repair,Machines des industries de l'argile et du béton - réparation,Active,Service
JX3650,Chemical and Pharmaceutical Products Manufacturing Machinery - Repair,Machines à manufacturer les produits chimiques et pharmaceutiques - réparation,Active,Service
JX3655,"Gas Generating and Dispensing Systems, Fixed or Mobile - Repair","Systèmes générateurs et distributeurs de gaz, fixes ou mobiles - réparation",Active,Service
JX3660,Industrial Size Reduction Machinery - Repair,Machines industrielles à réduction - réparation,Active,Service
JX3695,Miscellaneous Special Industry Machinery - Repair,Machines diverses pour industries spéciales - réparation,Active,Service
JX3710,Soil Preparation Equipment - Repair,Équipement pour la préparation du sol - réparation,Active,Service
JX3720,Harvesting Equipment - Repair,Équipement pour moissonner - réparation,Active,Service
JX3730,"Dairy, Poultry and Livestock Equipment - Repair","Équipements de laiterie, de basse-cour, et pour l'élevage du bétail - réparation",Active,Service
JX3740,"Pest, Disease and Frost Control Equipment - Repair","Équipements pour combattre les fléaux, les épidémies, les gelées - réparation",Active,Service
JX3750,Gardening Implements and Tools - Repair,Instruments et outils de jardinage - réparation,Active,Service
JX3750B,"Mowers, Lawn - Repair and Overhaul",Tondeuses à gazon - réparation et révision,Active,Service
JX3770,"Saddlery, Harness, Whips and Related Animal Furnishings - Repair","Sellerie, harnachements, Fouets et autres équipements se rapportant aux animaux - réparation",Active,Service
JX3805,Earthmoving and Excavating Equipment - Repair,Équipement de terrassement et d'excavation - réparation,Active,Service
JX3810,Cranes and Crane Shovels - Repair and Overhaul,Grues et pelles pour grue - réparation et révision,Active,Service
JX3815,Crane and Crane-Shovel Attachments - Repair,Accessoires de grues et de pelles-grues - réparation,Active,Service
JX3820,"Mining, Rock Drilling, Earth Boring and Associated Equipment - Repair","Équipement de mine, de forage, de sondage et autres matériaux - réparation",Active,Service
JX3825,Road Clearing and Cleaning Equipment - Repair,Équipements pour nettoyer et dégager les routes - réparation,Active,Service
JX3825A,Sweepers and Snow Removal Equipment - Repair and Overhaul,Balayeuses et équipement pour déblayage de la neige - réparation et révision,Active,Service
JX3825B,"Snowblowers, Self-Propelled - Repair and Overhaul","Souffleuses, automotrices - réparation et révision",Active,Service
JX3830,Truck and Tractor Attachments - Repair,Dispositifs annexes pour camions et tracteurs - réparation,Active,Service
JX3830A,"Blades, Snowplow - Repair","Lames, chasse-neige - réparation",Active,Service
JX3895,Miscellaneous Construction Equipment - Repair,Équipement divers pour travaux de construction - réparation,Active,Service
JX3910,Conveyors - Repair and Overhaul,Convoyeur ou transporteur - réparation et révision,Active,Service
JX3920,Materials Handling Equipment/Non Self Propelled - Repair,Équipements pour la manutention à bras des matériels - réparation,Active,Service
JX3930,"Warehouse Trucks and Tractors, Self-Propelled - Repair and Overhaul","Camions et tracteurs automoteurs, d'entrepôts - réparation et révision",Active,Service
JX3930A,"Truck, Forklift - Repair and Overhaul","Chariot, élévateur, à fourche - réparation et révision",Active,Service
JX3940,"Block, Tackle, Rigging and Slings - Repair","Poulies, palans, mécanismes de manoeuvres et élingues - réparation",Active,Service
JX3950,"Winches, Hoists, Cranes, and Derricks - Repair","Treuils, monte-charge, grues, tours et Derricks - réparation",Active,Service
JX3950A,Hoists - Repair and Overhaul,Monte-charges - réparation et révision,Active,Service
JX3960,Freight Elevators -repair,Monte-charge - réparation,Active,Service
JX3960A,Elevators - Repair,Elévateurs - réparation,Active,Service
JX3990,"Materials Handling Equipment, Miscellaneous - Repair",Équipement général pour la manutention du matériel - réparation,Active,Service
JX4010,Chain and Wire Rope - Repair,Chaînes et câbles métalliques - réparation,Active,Service
JX4110,Refrigeration Equipment - Repair,Équipement de réfrigération - réparation,Active,Service
JX4110A,Refrigeration Equipment - Repair and Overhaul,Équipement de réfrigération - réparation et révision,Active,Service
JX4110B,"Dispensers, Drinking Water, Mechanically Cooled - Repair and Overhaul",Fontaine réfrigérante - réparation et révision,Active,Service
JX4110BB,"Dispensers, Drinking Water, Mechanically Cooled - Repair and Overhaul (Marine)",Fontaine réfrigérante marine - réparation et révision,Active,Service
JX4120,Air Conditioning Equipment - Repair and Overhaul,Équipement de climatisation - réparation et révision,Active,Service
JX4120A,"Air Conditioning Equipment, Industrial - Repair",Équipement de climatisation industriel - réparation,Active,Service
JX4120B,"Chillers, Maintenance","Refroidisseurs, entretien",Active,Service
JX4130,Refrigeration and Air Conditioning Components - Repair,Composants d'équipements pour la réfrigération et la climatisation - réparation,Active,Service
JX4130A,"Heat, Ventilation & Air Conditioning Maintenance","Entretien des systèmes de chauffage, de ventilation et de climatisation",Active,Service
JX4140,"Fans, Air Circulators and Blower Equipment - Repair","Équipement de ventilation, de circulation d'air et de souffleries - réparation",Active,Service
JX4210,Firefighting Equipment - Repair and Overhaul,Équipement de lutte contre l'incendie - réparation et révision,Active,Service
JX4210A,"Hydrants, Fire - Repair and Overhaul",Borne d'incendie - réparation et révision,Active,Service
JX4210B,"Truck, Firefighting - Repair",Camion de lutte contre l'incendie - réparation,Active,Service
JX4210C,Firefighting Equipment - Repair and Overhaul (except Marine and Armoured Fighting Vehicles),Équipement de lutte contre l'incendie - réparation et révision (sauf marin et véhicules blindés de combat),Active,Service
JX4210D,"Firefighting Equipment, Marine Systems - Repair, Overhaul and Modification","Équipement pour combattre l'incendie, systèmes marins - réparation, révision et modification",Active,Service
JX4220,Marine Life Saving and Diving Equipment - Repair,Équipements marins de plongée et de sauvetage - réparation,Active,Service
JX4240,Safety and Rescue Equipment - Repair,Équipement de protection et de sauvetage - réparation,Active,Service
JX4310,Compressors and Vacuum Pumps - Repair,Compresseurs et pompes à vide - réparation,Active,Service
JX4310A,"Compressors - Repair, Overhaul, Modification and Maintenance","Compresseurs - réparation, révision, modification et entretien",Active,Service
JX4310AA,"Compressors - Repair, Overhaul, Modification and Maintenance (except Marine)","Compresseurs - réparation, révision, modification et entretien sauf marin",Active,Service
JX4310AB,"Compressors - Repair, Overhaul, Modification and Maintenance (Marine)","Compresseurs marin - réparation, révision, modification et entretien",Active,Service
JX4320,Power and Hand Pumps - Repair,Pompes à moteur et pompes à main - réparation,Active,Service
JX4320A,"Pumps, Repair, Overhaul, Modification and Maintenance","Pompes - réparation, révision, modification et entretien",Active,Service
JX4320B,"Pump, Hydraulic - Repair",Pompe hydraulique - réparation,Active,Service
JX4320C,"Pumps, Submersible or Floating - Repair and Overhaul","Pompes, submersibles ou flottantes - réparation et révision",Active,Service
JX4320D,"Pumps, Marine - Repair, Overhaul, Modification and Maintenance","Pompes, marines - réparation, révision, modification et entretien",Active,Service
JX4330,"Centrifugals, Separators and Pressure and Vacuum Filters - Repair","Centrifugeurs, séparateurs et filtres à pression et à dépression - réparation",Active,Service
JX4410,"Industrial Boilers, Heating Plant Control System - Repair and Overhaul/Servicing","Système de contrôle de centrale thermique et chaudières industrielles - réparation, révision et entretien",Active,Service
JX4410A,"Boilers, Marine - Repair and Overhaul","Chaudières, marines - réparation et révision",Active,Service
JX4420,Heat Exchangers and Steam Condensers - Repair,Échangeurs de chaleur et condenseurs de vapeur - réparation,Active,Service
JX4430,"Industrial Furnaces, Kilns, Lehrs and Ovens - Repair","Foyers industriels, fours à céramique, étuves, fours - réparation",Active,Service
JX4460,Air Purification Equipment - Repair,Équipements de purification d'air - réparation,Active,Service
JX4510,Plumbing Fixtures and Accessories - Repair,Agencements et accessoires de plomberie - réparation,Active,Service
JX4520,Space and Water Heating Equipment - Repair,Équipement de chauffage des locaux et chauffe-eau domestiques - réparation,Active,Service
JX4520AA,"Humidifiers, Industrial - Repairs","Humidificateurs, industriels - réparation",Active,Service
JX4530,Fuel Burning Equipment Units - Repair and Overhaul,Éléments d'appareils de chauffage - réparation et révision,Active,Service
JX4530A,Burners Oil - Repair and Overhaul,Brûleurs à mazout - réparation et révision,Active,Service
JX4530AA,"Gas Burning Equipment, Propane - Repair and Overhaul",Réparation et révision de brûleur à gaz propane,Active,Service
JX4540,Waste Disposal Equipment - Repair and Overhaul,Équipement d'élimination des déchets - réparation et révision,Active,Service
JX4610,Water Purification Equipment - Repair,Équipement de purification des eaux - réparation,Active,Service
JX4620,"Water Distillation Equipment, Marine and Industrial - Repair",Équipements marins et industriels de distillation des eaux - réparation,Active,Service
JX4630,Sewage Treatment Equipment - Repair,Équipement de traitement des eaux usées - réparation,Active,Service
JX4710,"Pipes, Tubes, and Rigid Tubing - Repair","Conduites, tubes et tubes rigides - réparation",Active,Service
JX4720,Hose and Flexible Tubing - Repair,Tubes et tuyaux flexibles - réparation,Active,Service
JX4730,"Fittings and Specialties, Hose, Pipe and Tube - Repair","Agencements et dispositifs spéciaux pour conduites, tubes et tuyaux - réparation",Active,Service
JX4810,"Valve, Powered - Repair and Overhaul","Soupape et robinet, à commande mécanique - réparation et révision",Active,Service
JX4820,"Valves, Non-Powered - Repair and Overhaul","Soupapes et robinets, à commande directe - réparation et révision",Active,Service
JX4820AB,"Valves, Hydraulic - Repair",Valves hydrauliques - réparation,Active,Service
JX4910,Motor Vehicle Maintenance and Repair Shop Specialized Equipment - Repair,Équipement spécialisé d'atelier de réparation et d'entretien de véhicules-moteur - réparation,Active,Service
JX4930,Lubricating and Fuel Dispensing Equipment - Repair and Overhaul,Equipement de lubrification et de distribution de carburant - réparation et révision,Active,Service
JX4931,Fire Control Maintenance and Repair Shop Specialized Equipment - Repair,Équipement spécialisé pour ateliers d'entretien et de réparations d'appareils de conduite de tir - réparation,Active,Service
JX4940,"Maintenance and Repair Shop Specialized Equipment, Miscellaneous - Repair",Équipement spécialisé divers d'ateliers de réparation et d'entretien - réparation,Active,Service
JX5110,"Hand Tools, Edged, Non-powered - Repair","Outils à main tranchants, sans moteur - réparation",Active,Service
JX5120,"Hand Tools, Nonedged, Nonpowered - Repair","Outils à main, non tranchants, sans moteur - réparation",Active,Service
JX5130,"Hand Tools, Power-Driven - Repair","Outils à main, à moteur - réparation",Active,Service
JX5133,"Drill Bits, Counterbores and Countersinks, Hand and Machine - Repair","Mèches et forêts, fraises à chanfreiner, fraises à lamer, à main et machines-outils - réparation",Active,Service
JX5136,"Taps, Dies and Collets, Hand and Machine - Repair","Tarauds, matrices et mandrins à main et pour machines - réparation",Active,Service
JX5210,"Measuring Tools, Craftsmen - Repair",Instruments de mesure et de vérification pour artisans - réparation,Active,Service
JX5220,Inspection Gages and Precision Layout Tools - Repair,Jauges de contrôle et instruments de précision - réparation,Active,Service
JX5280,"Sets, Kits and Outfits of Measuring Tools - Repair","Ensembles, jeux et trousses d'instruments de mesure et de vérification - réparation",Active,Service
JX5325,Fastening Devices - Repair,Dispositifs d'attache - réparation,Active,Service
JX5330,Packing and Gasket Material - Repair,Joints et garnitures - réparation,Active,Service
JX5335,Metal Screening - Repair,Écrans métalliques - réparation,Active,Service
JX5340,Miscellaneous Hardware - Repair,Quincaillerie générale - réparation,Active,Service
JX5360,"Coil, Flat and Wire Springs - Repair","Ressorts hélicoïdaux, spirales, plats et en fil métallique - réparation",Active,Service
JX5410,Prefabricated and Portable Buildings - Repair,Bâtiments préfabriqués et démontables - réparation,Active,Service
JX5430,Storage Tanks - Repair,Réservoirs - réparation,Active,Service
JX5430B,"Tanks, Oil Storage - Repair and Overhaul",Réservoirs pour l'emmagasinage de l'huile - réparation et révision,Active,Service
JX5430C,"Repair of Cement Layer (Inside), Drinking Water Tanks (Marine)","Couche de ciment, intérieure, réservoirs d'eau potable, marine - réparation",Active,Service
JX5440,Scaffolding Equipment and Concrete Forms - Repair,Équipements d'échafaudage et coffrages à béton - réparation,Active,Service
JX5445,Prefabricated Tower Structures - Repair and Maintenance,Structures de pylônes préfabriqués - réparation et entretien,Active,Service
JX5450,"Structures, Prefabricated, Miscellaneous - Repair","Constructions, préfabriquées, diverses - réparation",Active,Service
JX5520,Millwork - Repair,Bois de menuiserie - réparation,Active,Service
JX5610,"Mineral Construction Materials, Bulk - Repair","Matériaux minéraux de construction, en vrac - réparation",Active,Service
JX5620,"Tiles, Bricks and Blocks - Repair","Tuiles, briques et blocs - réparation",Active,Service
JX5640A,"Insulation, Board, Thermal - Repair",Isolant plaque calorifuge - réparation,Active,Service
JX5660,"Fencing, Fences, Gates and Components - Repair","Clôtures, barrières, portails et composants - réparation",Active,Service
JX5670,Architectural and Related Metal Products - Repair,Éléments de construction et métalliques - réparation,Active,Service
JX5680,"Construction Material, Miscellaneous - Repair",Matériaux de construction divers - réparation,Active,Service
JX5805,Telephones and Telegraph Equipment - Maintenance,Équipement téléphonique et télégraphique - entretien,Active,Service
JX5805A,"Private Access Branch Exchange/Interconnect Low Capacity Voice and/or Digital Data, 0-250 Lines - Maintenance","Installation d'abonné avec postes supplémentaires faible capacité d'interconnexion, voix et/ou données numériques, 0-250 lignes - entretien",Active,Service
JX5805B,"Switching Systems, Electronic - Maintenance","Systèmes de commutation, électroniques - entretien",Active,Service
JX5805BA,"Terminals, Telephone Set - Maintenance","Terminaux, appareil téléphonique - entretien",Active,Service
JX5810,Communications Security Equipment and Components - Repair,Équipement de sécurité des télécommunications et composants - réparation,Active,Service
JX5811,Other Cryptologic Equipment and Components - Repair,Autres équipements cryptographiques et composants - réparation,Active,Service
JX5815,Teletype and Facsimile Equipment - Maintenance,Matériel de télétype et de télécopie - entretien,Active,Service
JX5821,Aircraft (Military) Radio and Television Communications Equipment - Repair and Overhaul,Équipement de communication par radio et par télévision pour aéronef (militaires) - réparation et révision,Active,Service
JX5825,"Radio Navigation Equipment (Military), Except Airborne - Repair and Overhaul","Équipement de radionavigation (militaires), sauf aéronefs - réparation et révision",Active,Service
JX5826,"Radio Navigation Equipment, Airborne - Repair and Overhaul","Équipement de radionavigation, pour aéronef - réparation et révision",Active,Service
JX5830,"Intercommunication and Public Address Systems, except Airborne - Repair and Overhaul",Systèmes d'intercommunication et de diffusion sauf aéronefs - réparation et révision,Active,Service
JX5831,"Intercommunication and Public Address Systems, Airborne - Repair and Overhaul","Système d'intercommunication et installation de sonorisation, pour aéronef - réparation et révision",Active,Service
JX5835,Sound Recording and Reproducing Equipment - Repair,Équipement d'enregistrement et de reproduction du son - réparation,Active,Service
JX5836,Video Recording and Reproducing Equipment - Repair,Équipement d'enregistrement et de production vidéo - réparation,Active,Service
JX5840,"Radar Equipment (Military), except Airborne - Repair and Overhaul","Équipement de radar (militaires), sauf aéronef - réparation et révision",Active,Service
JX5841,Aircraft (Military) Radar Equipment - Repair and Overhaul,"Équipement radar, pour aéronef (militaires) - réparation et révision",Active,Service
JX5845,Underwater Sound Equipment - Repair,Équipement de détection sous-marine - réparation,Active,Service
JX5845A,"Echo Sounders, Sonar Systems other than ASW","Sondeurs à écho, systèmes sonar, autre que ASW",Active,Service
JX5855,"Night Vision Equipment, Emitted and Reflected Radiation - Repair","Équipements de vision de nuit, par rayonnement émis ou réfléchi - réparation",Active,Service
JX5860,"Stimulated Coherent Radiation Devices, Components and Accessories - Repair","Équipements à rayonnement cohérent, composants et accessoires - réparation",Active,Service
JX5865,"Electronic Countermeasures, Counter-Countermeasures and Quick Reaction Capability Equipment - Repair",Équipements de contre-mesures et d'anti-contre mesures électroniques et équipements à capacité de réaction rapide - réparation,Active,Service
JX5895,Aircraft (Military) Miscellaneous Communications Equipment - Repair and Overhaul,Équipements divers de télécommunications pour aéronef (militaires) - réparation et révision,Active,Service
JX5905,Resistors - Repair,Résistances - réparation,Active,Service
JX5910,Capacitors - Repair,Condensateurs - réparation,Active,Service
JX5915,Filter and Network - Repair,Filtres et réseaux - réparation,Active,Service
JX5925,Circuit Breakers - Repair,Disjoncteurs - réparation,Active,Service
JX5930,Switches - Repair,"Contacteurs, commutateurs - réparation",Active,Service
JX5935,"Connectors, Electrical - Repair",Connecteurs électriques - réparation,Active,Service
JX5945,Relays and Solenoids - Repair,Relais et solénoïdes - réparation,Active,Service
JX5950,Coils and Transformers - Repair and Overhaul,Bobines d'auto-induction et transformateurs - réparation et révision,Active,Service
JX5960,Electron Tubes and Associated Hardware - Repair,Tubes électroniques et matériel connexe - réparation,Active,Service
JX5962,"Microcircuits, Electronic - Repair","Microstructures, électroniques - réparation",Active,Service
JX5963,Electronic Modules - Repair,Modules électroniques - réparation,Active,Service
JX5965,"Headsets, Handsets, Microphones and Speakers - Repair","Casques d'écoute, combiné, microphones et haut-parleurs - réparation",Active,Service
JX5975,Electrical Hardware and Supplies - Repair,Quincaillerie et fournitures électriques - réparation,Active,Service
JX5985,"Antennas, Waveguides and Related Equipment - Repair and Overhaul","Antennes, guides d'ondes et équipement connexe - réparation et révision",Active,Service
JX5990,Synchros and Resolvers - Repair,Synchros et résolveurs - réparation,Active,Service
JX5995,"Cable, Cord, and Wire Assemblies, Communication Equipment - Repair","Câbles, cordons et fils électriques équipés, équipement de télécommunication - réparation",Active,Service
JX5998,"Electrical and Electronic Assemblies, Boards, Cards, and Associated Hardware - Repair","Panneaux d'assemblages électriques et électroniques, cartes et matériel connexe - réparation",Active,Service
JX5999,Miscellaneous Electrical and Electronic Components - Repair and Overhaul,Composants électriques et électroniques divers - réparation et révision,Active,Service
JX6020,Fiber Optic Cable Assemblies and Harnesses - Repair,Ensembles de câbles et faisceaux de conducteurs optiques en fibre - réparation,Active,Service
JX6030,Fiber Optic Devices - Repair,Appareils optiques en fibre - réparation,Active,Service
JX6070,Fiber Optic Accessories and Supplies - Repair,Accessoires et fournitures optiques en fibre - réparation,Active,Service
JX6100,"Electric Wire, and Power and Distribution Equipment - Repair",Fils électriques et équipements générateurs et distributeurs d'énergie - réparation,Active,Service
JX6100A,Electrical Power and Distribution Equipment - Repair and Overhaul,Équipement générateur et distributeur électrique - réparation et révision,Active,Service
JX6105,"Motors, Electrical - Repair and Overhaul",Moteurs électriques - réparation et révision,Active,Service
JX6110,Electrical Control Equipment - Repair,Équipement électrique de commande - réparation,Active,Service
JX6115,"Generators and Generator Sets, Electrical - Repair",Génératrices électriques et groupes électrogènes - réparation,Active,Service
JX6115A,"Generators and Generator Sets, Auxiliary Aircraft Generators Only - Repair and Overhaul","Générateurs électriques et groupes électrogènes, s'applique seulement aux générateurs auxiliaires d'aéronef - réparation et révision",Active,Service
JX6115G,"Generators and Alternators, except Marine, Armoured Fighting Vehicles and Aircraft - Armature Rewinding Service","Générateurs et alternateurs, sauf marine, véhicules de combat blindé et aéronefs - service de rebobinage d'induits",Active,Service
JX6120,"Transformers, Distribution and Power Station - Repair","Transformateurs, station d'alimentation et de distribution - réparation",Active,Service
JX6125,"Converters, Electrical, Rotating - Repairs","Convertisseurs électriques, rotatifs - réparation",Active,Service
JX6130,"Converters, Electrical, Nonrotating - Repair and Overhaul","Convertisseurs électriques, statiques - réparation et révision",Active,Service
JX6130B,"Uninterruptible Power Supply (U.P.S.) - Single Phase, 2KVA and above - Repair","Alimentation ininterrompue, monophasée, 2 Kilovoltampères et plus - réparation",Active,Service
JX6135,"Batteries, Primary - Repair",Éléments de piles - réparation,Active,Service
JX6140,"Batteries, Rechargeable - Repair","Piles, rechargeables - réparation",Active,Service
JX6145,"Wire and Cable, Electrical - Repair",Fils et câbles électriques - réparation,Active,Service
JX6150,Miscellaneous Electric Power and Distribution Equipment - Repair,Équipement varié en alimentation et distribution électriques - réparation,Active,Service
JX6210,Indoor and Outdoor Electric Lighting Fixtures - Repair,Dispositifs d'éclairage électrique intérieur et extérieur - réparation,Active,Service
JX6230,Electric Portable and Hand Lighting Equipment - Repair,Équipements d'éclairage électrique transportables et à main - réparation,Active,Service
JX6250,"Ballasts, Lampholders, and Starters - Repair","Ballasts de lampes, douilles et starters - réparation",Active,Service
JX6300,Alarm and Signal Systems - Repair,Systèmes d'alarme et de signalisation - réparation,Active,Service
JX6310,Traffic and Transit Signal Systems - Repair,Systèmes de signalisation pour la circulation et le transit - réparation,Active,Service
JX6320,Shipboard Alarm and Signal Systems - Repair,"Systèmes d'alarme et de signalisation de bord, navires - réparation",Active,Service
JX6340,Aircraft Alarm and Signal Systems (Civilian) - Repair,Systèmes d'alarme et de signalisation d'aéronef (civile) - réparation,Active,Service
JX6350,"Alarm and Signal Systems, Miscellaneous - Repair, Overhaul and Maintenance","Systèmes d'alarme et de signalisation, divers - réparation, révision et entretien",Active,Service
JX6350A,"Alarm and Signal Systems, Repair and Overhaul","Systèmes divers de signalisation et d'alarme, réparation et révision",Active,Service
JX6350AA,Fire Alarm Systems - Repair and Overhaul,Systèmes d'alerte d'incendie - réparation et révision,Active,Service
JX6350D,"Sirens - Repair, Overhaul and Maintenance","Sirènes - réparation, révision et entretien",Active,Service
JX6515,"Medical and Surgical Instruments, Equipment and Supplies - Repair","Instruments, équipement et fournitures médicaux chirurgicaux - réparation",Active,Service
JX6515A,Medical Equipment Surgical/Diagnostic and Accessories - Repair and Overhaul,"Équipement médical, accessoires pour le diagnostique et la chirurgie - réparation et révision",Active,Service
JX6520,"Dental Instruments, Equipment and Supplies - Repair","Instruments, équipement et approvisionnements dentaires - réparation",Active,Service
JX6525,X-Ray Equipment - Repair,Accessoires radiographiques - réparation,Active,Service
JX6530,"Hospital Furniture, Equipment, Utensils and Supplies - Repair","Mobiliers, équipements, ustensiles et approvisionnements d'hôpitaux - réparation",Active,Service
JX6530D,Sterilizer - Repair,Stérilisateur - réparation,Active,Service
JX6530E,"Wheelchair, Folding/Nonfolding - Repair and Overhaul","Fauteuil roulant, pliable ou non pliable - réparation et révision",Active,Service
JX6532,Hospital and Surgical Clothing and Related Special Purpose Items - Repair,Vêtements d'hôpital et de salle d'opération et articles apparentés à usage spécial - réparation,Active,Service
JX6545,"Replenishable Field Medical Sets, Kits, and Outfits",Trousses médicales de campagne à réapprovisionner,Active,Service
JX6605,Aircraft (Military) Navigational Instruments - Repair and Overhaul,Instruments de navigation pour aéronefs (militaires) - réparation et révision,Active,Service
JX6610,Flight Instruments (Civilian) - Repair,Instruments de vol (civile) - réparation,Active,Service
JX6625,"Electrical and Electronic Properties, Measuring and Testing Instruments - Repair and Overhaul",Instruments électriques et électroniques de mesure et d'essai de propriétés - réparation et révision,Active,Service
JX6630,Chemical Analysis Instruments - Repair and Overhaul,Instruments d'analyse chimique - réparation et révision,Active,Service
JX6635,Physical Properties Testing and Inspection Equipment - Repair and Overhaul,Équipments pour l'examens des propriétés physiques et pour l'inspection - réparation et révision,Active,Service
JX6635C,"Mechanical Test Equipment, Calibration Services- Repair","Équipement d'essai mécanique, services d'étalonnage - réparation",Active,Service
JX6635D,"Electrical and Electronic Test Equipment, Calibration Services - Repair","Équipement d'essai électrique et électronique, services d'étalonnage - réparation",Active,Service
JX6636,Environmental Chambers and Related Equipment - Repair and Overhaul,Enceinte à ambiance contrôle et équipements connexes - réparation et révision,Active,Service
JX6640,Laboratory Equipment and Supplies - Repair,Équipement et approvisionnements de laboratoire - réparation,Active,Service
JX6645,Time Measuring Instruments - Repair,Instruments de mesure de temps - réparation,Active,Service
JX6650,"Optical Instruments, Test Equipment, Components and Accessories - Repair and Overhaul","Instruments d'optique, matériel d'essai, composants et accessoires - réparation et révision",Active,Service
JX6655,Geophysical Instruments,Instruments de géophysique,Active,Service
JX6655A,Oceanographic Instruments - Repair,Instruments océanographiques - réparation,Active,Service
JX6660,Meteorological Instruments and Apparatus - Repair and Overhaul,Instruments et appareils météorologiques - réparation et révision,Active,Service
JX6665,Hazard-Detecting Instruments and Apparatus - Repair and Overhaul,Instruments et appareils de détection de danger - réparation et révision,Active,Service
JX6670,Scales and Balances - Repair,Balances et machines à peser - réparation,Active,Service
JX6670A,Scales - Repair and Overhaul,Balances - réparation et révision,Active,Service
JX6675,"Drafting, Surveying and Mapping Instruments - Repair","Instruments de traces, de levés de plans et de cartographie - réparation",Active,Service
JX6675A,Surveying Equipment or Instruments - Repair and Overhaul,Équipement ou instruments pour levés de plans - réparation et révision,Active,Service
JX6675B,Plotters - Repair and Overhaul,Traceurs - réparation et révision,Active,Service
JX6680,"Liquid and Gas Flow, Liquid Level and Mechanical Motion Measuring Instruments - Repair","Instruments de mesure d'écoulement des fluides, de niveaux de liquides et de mouvements mécaniques - réparation",Active,Service
JX6680A,"Liquid and Gas Flow, Liquid Level and Mechanical Motion Measuring Instruments, Aeronautical Only - Repair and Overhaul","Instruments de mesure d'élément des fluides, de niveaux de liquides et de mouvements mécaniques, pour aéronef seulement - réparation et révision",Active,Service
JX6685,"Pressure, Temperature and Humidity Measuring and Controlling Instruments - Repair","Instruments de contrôle et de mesure de pression, de température et d'humidité - réparation",Active,Service
JX6685A,"Controls, Pressure/Temperature, Recording - Repair and Overhaul",Instruments de contrôle et d'enregistrement de température et pression - réparation et révision,Active,Service
JX6685B,"Pressure, Temperature and Humidity Measuring and Controlling Instruments, Aeronautical Only - Repair and Overhaul","Instruments de contrôle et mesure de pressions de températures et d'humidité, aéronefs seulement - réparation et révision",Active,Service
JX6695,Combination and Miscellaneous Instruments - Repair,Combinaisons et instruments divers - réparation,Active,Service
JX6710,"Cameras, Motion Picture - Repair",Appareils cinématographiques - réparation,Active,Service
JX6720,"Cameras, Still Picture - Repair",Appareils photographiques - réparation,Active,Service
JX6730,Photographic Projection Equipment - Rental,Équipement de projection photographique et cinématographique - location,Active,Service
JX6740,Photographic Developing and Finishing Equipment - Repair,Équipements de développement et de tirage photographiques -réparation,Active,Service
JX6750,Photographic Supplies - Repair,Fournitures photographiques - réparation,Active,Service
JX6760,Photographic Equipment and Accessories - Repair and Overhaul,Équipement photographique et accessoires - réparation et révision,Active,Service
JX6780,"Photographic Sets, Kits and Outfits - Repair","Nécessaires, trousses, assortiments d'articles photographiques - réparation",Active,Service
JX6910,Training Aids - Repair,Accessoires d'instruction - réparation,Active,Service
JX6910A,"Training Aids, Aircraft (except Electrical and Electronic) - Repair and Overhaul","Accessoires d'instruction, aéronefs sauf électrique et électronique - réparation et révision",Active,Service
JX6910B,Training Aids - Operation & Maintenance,Accessoires d'instruction - fonctionnement et entretien,Active,Service
JX6920,Armament Training Devices - Repair,Appareils d'instruction et d'entraînement concernant l'armement - réparation,Active,Service
JX6930,Operation Training Devices - Repair,Appareils d'instruction opérationnels - réparation,Active,Service
JX6930A,"Operational Training Devices, Aeronautical - Repair and Overhaul","Appareils d'instruction et d'entraînement opérationnels, aéronautique - réparation et révision",Active,Service
JX7010,"Automatic Data Processing Equipment, System Configuration - Repair","Équipement pour le traitement automatique de données, configuration du système - réparation",Active,Service
JX7010A,"Computers, Digital Systems, Large Scale (May Include Operating System Software) - Maintenance","Ordinateurs numériques grande puissance, peuvent comprendre le logiciel d'application - entretien",Active,Service
JX7010AA,"Computers, Digital Systems, Large Scale (May Include Operating Systems Software) other than IBM Plug Compatible - Maintenance","Ordinateurs numériques, grande puissance, peuvent comprendre le logiciel d'application, non compatible avec le matériel IBM - entretien",Active,Service
JX7010AB,"Computers, Digital Systems, Mini/Super Micro (May Include Operating System Software) - Maintenance","Ordinateurs numériques, mini/super micro, peuvent comprendre le logiciel d'application - entretien",Active,Service
JX7010AC,"Computers, Digital Systems, Mini/Super Micro (May Include Operating System Software) Other Than IBM Plug Compatible - Maintenance","Ordinateurs numériques, mini/super micro mini/super micro, peuvent comprendre le logiciel d'application, non compatibles avec le matériel IBM - entretien",Active,Service
JX7010AD,"Computers, Digital Systems, Micro - Repair and Overhaul","Ordinateurs, systèmes numériques, micro - réparation et révision",Active,Service
JX7010AE,"Computers, Digital Systems, Personal/Portable (May Include Operating System Software - Maintenance","Ordinateurs numériques, personnels/portatifs, peuvent comprendre le logiciel d'application - entretien",Active,Service
JX7010AG,"Computers, Digital Systems, Personal/Portable (May Include Operating System Software) other than IBM Compatible - Maintenance","Ordinateurs numériques, personnels/portatifs, peuvent comprendre le logiciel d'application, non compatibles avec le matériel IBM - ENTRETIEN",Active,Service
JX7010AH,"Computers, Digital Systems, Special Purpose, Includes Artificial Intelligence, Array, Parallel, Vector etc. - Maintenance","Ordinateurs numériques, spécialisés, comprennent l'intelligence artificielle, l'organisation matricielle, le calcul en parallèle et le vecteur, etc -entretien",Active,Service
JX7010B,"Computers, Digital Turnkey Systems, Large Scale (Includes Application Software) - Maintenance","Ordinateurs numériques, clés en main, grande puissance, y compris le logiciel d'application - entretien",Active,Service
JX7010BA,"Computers, Digital Turnkey Systems, Mini/Super Micro (Includes Application Software) - Maintenance","Ordinateurs numériques, clés en main, mini/super, y compris le logiciel d'application - entretien",Active,Service
JX7010BB,"Computers, Digital Turnkey Systems, Personal/Portable (Includes Application Software - Maintenance","Ordinateurs numériques, clés en main, personnels/portatifs, y compris le logiciel d'application - entretien",Active,Service
JX7010C,"Computers, Miscellaneous Systems, Analog Computer (Including Turnkey) - Maintenance","Ordinateurs divers, analogique y compris, clés en main - entretien",Active,Service
JX7010CA,"Computers, Miscellaneous Systems, Hybrid Computer (Including Turnkey) - Maintenance","Ordinateurs divers, hybride y compris, clés en main - entretien",Active,Service
JX7020,"ADP Central Processing Unit (CPU, Computer) Analog - Maintenance","Unité centrale de traitement (calculateur), analogique - entretien",Active,Service
JX7021,"ADP Central Processing Unit (CPU,Computer) Digital - Maintenance","Unité centrale de traitement, UCT, ordinateur, numérique - entretien",Active,Service
JX7021A,"Computer, CPU, Digital - Large Scale - IBM Plug Compatible - Maintenance","UCT d'ordinateurs, numérique, grande puissance, compatible avec le matériel IBM - entretien",Active,Service
JX7021AD,"Computers CPU, Digital, Micro - Maintenance","UCT d'ordinateurs, numérique, micro - entretien",Active,Service
JX7022,"ADP Central Processing Unit (CPU, Computer) Hybrid - Maintenance","Unité centrale de traitement, calculateur, hybride - entretien",Active,Service
JX7025,ADP Input-Output and Storage Devices - Maintenance,Dispositifs TAD d'entrée-sortie et de mémoire - entretien,Active,Service
JX7025A,Computer Graphics Equipment N.E.S. - Maintenance,Équipement informatique graphique - entretien,Active,Service
JX7025AB,"Data Acquisition and Collection Equipment, On Line - Maintenance","Acquisition de données et matériel de collecte, en direct - entretien",Active,Service
JX7025AD,"Security Devices, Encryption, etc. - Maintenance","Dispositifs de sécurité, chiffrement, etc. - entretien",Active,Service
JX7025AJ,"Printers, Page, Laser - Maintenance","Imprimantes page par page, à laser - entretien",Active,Service
JX7025B,"Printers, Page, Other (Ion, Electrostatic, etc.) - Maintenance","Imprimantes page par page, autres, ioniques, électrostatiques, etc. - entretien",Active,Service
JX7025BA,"Printers, Line (Band, Chain, Drum, Train, etc.) - Maintenance","Imprimantes ligne par ligne, à bande, à chaîne, à tambour, à train, etc. - entretien",Active,Service
JX7025BI,Readers/Punches - Card - Maintenance,Lecteurs/perforateurs - cartes - entretien,Active,Service
JX7025BJ,Readers/Punches - Paper Tape - Maintenance,Lecteurs/perforateurs - bande de papier - entretien,Active,Service
JX7025BM,"Plotters, On Line - Maintenance","Traceurs, en circuit - entretien",Active,Service
JX7025BO,"Monitor, CRT, Microcomputer etc. - Maintenance","Moniteur, TEC, micro-ordinateur etc. - entretien",Active,Service
JX7025BU,"Input/Output Devices, Miscellaneous, Used, EDP - Maintenance","Périphériques entrée et sortie, divers, usage, informatique - entretien",Active,Service
JX7025CA,Controller/Processors - Maintenance,Contrôleur et processeur - entretien,Active,Service
JX7025CC,Modems - Maintenance,Modems - entretien,Active,Service
JX7025EA,"Local Area Networks, Systems and Components - Maintenance","Réseaux locaux, systèmes et composants - entretien",Active,Service
JX7030,ADP Software Maintenance - Other than Microcomputer,Logiciel tai entretien - autre que pour micro-ordinateurs,Active,Service
JX7035AB,"Interfaces, Special Purpose (for Process Control, Analog etc.) - Maintenance","Interfaces spécialisées, pour conduite de processus, ordinateur analogique, etc. - entretien",Active,Service
JX7035AC,"Switching Devices (Data, Modems, Peripherals, Video etc.) - Maintenance","Dispositifs de commutation, données, modems, périphériques, vidéo, etc. - entretien",Active,Service
JX7035AF,"Converters, A/D and D/A - Maintenance","Convertisseurs, A/N et N/A - entretien",Active,Service
JX7035AK,"Performance Monitors, Communication Devices, EDP - Maintenance",Contrôleurs de la performance des appareils d'informatique de communication - entretien,Active,Service
JX7035AM,Plotters (Stand Alone) - Maintenance,Traceurs autonomes - entretien,Active,Service
JX7042,Mini and Micro Computer Control Devices - Repair,Commandes de mini et micro-ordinateurs - réparation,Active,Service
JX7105,Household Furniture - Repair,Meubles domestiques - réparation,Active,Service
JX7105B,"Furniture, Upholstered - Repairs","Ameublement, rembourrage - réparation",Active,Service
JX7110,"Furniture, Office-Refinishing and Repair",Meuble de bureau - remis en état et réparation,Active,Service
JX7125,"Cabinets, Lockers, Bins and Shelving - Repair","Meubles, armoires, armoires de sécurité et rayonnage - réparation",Active,Service
JX7195,Miscellaneous Furniture and Fixtures - Recovering,Meubles et accessoires d'ameublement divers - recouvrement,Active,Service
JX7195A,"Furniture, Auditorium Seating, Recovering","Récupération du mobilier d'auditorium, sièges",Active,Service
JX7195B,"Partitions, Screen Systems - Repair","Cloisonnage, systèmes d'écran - réparation",Active,Service
JX7220,Floor Coverings - Repair,Revêtements de plancher - réparation,Active,Service
JX7230,"Draperies, Awnings and Shades - Repair","Draperies, tentes et stores - réparation",Active,Service
JX7240,Household and Commercial Utility Containers - Repair,Récipients utilitaires domestiques et commerciaux - réparation,Active,Service
JX7290,"Household and Commercial Furnishings and Appliances, Miscellaneous - Repair",Mobiliers et accessoires divers d'ameublement domestique et commercial - réparation,Active,Service
JX7290B,"Miscellaneous Household and Commercial Appliances, Electrical - Repair","Appareils domestiques et commerciaux divers, électriques - réparation",Active,Service
JX7310AA,"Galley Equipment, except Aircraft - Repair","Équipement de cuisine, sauf pour aéronef - réparation",Active,Service
JX7310C,"Food Cooking, Baking and Serving Equipment, Electrical - Repair","Équipement de cuisson, de cuisson au four et de service des aliments, électrique - réparation",Active,Service
JX7320,Kitchen Equipment and Appliances - Repair and Overhaul,Équipement et accessoires de cuisine - réparation et révision,Active,Service
JX7435,Office Information System Equipment - Maintenance,Matériel de système d'information de bureau - entretien,Active,Service
JX7450,Office Type Sound Recording and Reproducing Machines - Maintenance,Machines de bureau enregistreuses et reproductrices de son - entretien,Active,Service
JX7460,Visible Record Equipment - Repair and Overhaul,"Fichiers à classement visible, composants et accessoires - réparation et révision",Active,Service
JX7490,Miscellaneous Office Machines - Repair and Overhaul,Machines de bureau diverses - réparation et révision,Active,Service
JX7830B,Recreational Bowling Alleys - Repair,"Divertissement, boulodrome - réparation",Active,Service
JX7910,Floor Polishers and Vacuum Cleaning Equipment - Repair,Cireuses a parquets et aspirateurs de poussière - réparation,Active,Service
JX7910A,"Vacuum Cleaners, Domestic, Repair and Overhaul","Aspirateurs domestiques, réparation et révision",Active,Service
JX7920,"Brooms, Brushes, Mops and Sponges - Repair","Balais, brosses, balais a franges et éponges - réparation",Active,Service
JX8115,"Boxes, Cartons and Crates - Repair","Boîtes, caisses, cartons, caisses à claire-voie et cadres - réparation",Active,Service
JX8120,Commercial and Industrial Gas Cylinders - Repair,Cylindre de gaz commerciales et industrielles - réparation,Active,Service
JX8120A,"Cylinders, Compressed Gases (Empty) Repair and Overhaul","Cylindre de gaz, vides - réparation et révision",Active,Service
JX8135,Packaging and Packing Bulk Materials - Repair,"Matériaux d'empaquetage et d'emballage, en vrac - réparation",Active,Service
JX8145,Specialized Shipping and Storage Containers - Repair,Conteneurs spéciaux pour le transport et le stockage - réparation,Active,Service
JX8340,"Tents and Tarpaulins, Repairs",Tentes et bâches - réparations,Active,Service
JX8415,"Clothing, Special Purpose - Repair",Vêtements à usage spécial - réparation,Active,Service
JX8430,"Footwear, Men's - Repair",Chaussures pour hommes - réparation,Active,Service
JX8440,"Hosiery, Handwear and Clothing Accessories, Men's - Repair","Bonneterie, ganterie et accessoires vestimentaires pour hommes - réparation",Active,Service
JX8460,"Luggage, Repairs",Bagage - réparations,Active,Service
JX8465,Individual Equipment - Repair,Équipement individuel - réparation,Active,Service
JX8470,"Helmet, Repairs","Casque, réparations",Active,Service
JX8530A,"Razor, Electric - Repair","Rasoir, électrique - réparation",Active,Service
JX9150,"Oils and Greases, Cutting, Lubricating, and Hydraulic","Huiles et graisses de coupe, de graissage et hydrauliques",Active,Service
JX9330,Plastics Fabricated Materials - Repair,"Matières usinées, en matière plastique - réparation",Active,Service
JX9330A,"Plastic Materials, Fiberglass Reinforced, Repairs","Matière plastique, renforcée de fibre de verre, réparations",Active,Service
JX9350,Refractories and Fire Surfacing Materials - Repair,Matières réfractaires et de surface de chauffe - réparations,Active,Service
JX9505,"Wire, Nonelectrical - Repair","Fil, non électriques - réparation",Active,Service
JX9515,"Plate, Sheet, Strip, Foil and Leaf - Repair","Plaques, feuilles, lames, bandes et feuillards - réparation",Active,Service
JX9905,Signs and Identification Plates - Repair,Enseignes et plaques d'identification - réparation,Active,Service
JX9930,"Memorials, Cemeterial and Mortuary Equipment and Supplies - Repair",Articles funéraires - réparation,Active,Service
JX9930A,"Monuments, Memorials and Cenotaphs - Repair and Overhaul",Monuments commémoratifs et cénotaphes - réparation et révision,Active,Service
JX9999,Miscellaneous Items - Repairs,Articles divers - réparation,Active,Service
K000B,Barber and Beauty Shop Services,Salons de coiffure et d'esthétique,Active,Service
K000E,Tailoring Services,Services de tailleur,Active,Service
K000ED,Clothing Alterations and Repairs,Retouches et réparations de vêtements,Active,Service
K100A,"Cleaning and Maintenance, Janitorial","Nettoyage et entretien, conciergerie",Active,Service
K100AE,"Cleaning Services, Duct-Exhaust System - Light Fixtures","Services de nettoyage, système de conduit d'évacuation - appareils d'éclairage",Active,Service
K100AG,"Lighting Maintenance (Washing, Relamping and Repairing Services)","Entretien de l'éclairage (services de lavage, changement d'ampoules et réparation)",Active,Service
K100B,Building Services - Handyman Services,Services pour immeubles - services d'homme à tout faire,Active,Service
K101A,Fire Protection Services - Buildings,Services de protection contre l'incendie - Immeubles,Active,Service
K102A,Meals,Repas,Active,Service
K102B,Food Catering Services,Services de traiteur,Active,Service
K104A,Trash/Garbage Collection Services,Services de ramassage des déchets,Active,Service
K105A,Commercial Security Guard and Related Services,Services de sécurité commerciaux et services connexes,Active,Service
K105AB,Armoured Car Service,Services de véhicule blindé,Active,Service
K105AO,Commissionaire Services,Services de commissionnaires,Active,Service
K106A,Disinfecting and Exterminating,Désinfection et extermination,Active,Service
K106B,Control of Disease Services (Spraying),Contrôle des maladies (pulvérisation),Active,Service
K106C,Mosquito and other Insect Control,Lutte contre les moustiques et autres insectes,Active,Service
K106CA,Insect/Rodent Control Services,Lutte contre les insectes/rongeurs,Active,Service
K107A,Landscaping and Horticultural Services,Services d'aménagement paysagiste et d'horticulture,Active,Service
K107AB,Fireguard Plowing,Déblaiement des garde-feu,Active,Service
K107C,Lawn and Garden Services,Services d'entretien de pelouses et de jardins,Active,Service
K107CA,Lawn and Garden Services,Services d'entretien de pelouses et de jardins,Active,Service
K107CC,Soil Sterilization Services,Services de stérilisation des sols,Active,Service
K107CD,Fertilizer Spreading Services,Services d'épandage d'engrais,Active,Service
K107CE,Soil Analysis Services,Services d'analyse du sol,Active,Service
K107DA,Grounds Maintenance,Entretien des terrains,Active,Service
K108A,Laundry and Dry Cleaning Services,Blanchissage et nettoyage à sec,Active,Service
K108B,Laundry Services,Services de blanchissage,Active,Service
K108C,Dry Cleaning Services,Services de nettoyage à sec,Active,Service
K111A,"Carpet, Drape and Upholstery Cleaning","Nettoyage des tapis, tentures et meubles rembourrés",Active,Service
K111B,Carpet Cleaning,Nettoyage de tapis,Active,Service
K112A,Interior Plantscaping,Aménagement paysager intérieur,Active,Service
K113A,Snow Plowing and Removal,Déblaiement et enlèvement de la neige,Active,Service
K113AB,Snow Removal - Roofs,Déneigement - toits,Active,Service
K113B,Snow Removal and Salt Service,Déneigement et salage des chaussées,Active,Service
K114A,Sewage Treatment,Traitement des eaux usées,Active,Service
K114B,Septic Tank/Latrine Service,Service de fosses septiques et de latrines,Active,Service
K115A,Preparation & Disposal of Excess & Surplus Movable Assets,Préparation et aliénation des biens mobiles excédentaires,Active,Service
K199B,Dwellings and Apartments - Rental,Location d'habitations et d'appartements,Active,Service
K199D,"Personal Services, Not Elsewhere Specified","Services personnels, non énumérés ailleurs",Active,Service
K199HA,WINDOW CLEANING SERVICES,SERVICES DE LAVAGE DE FENETRES,Active,Service
K199I,Other Custodial and Related Services,Autres services d'entretien et activités connexes,Active,Service
K199J,Locksmith Services,Services de serruriers,Active,Service
K199K,Chimney Cleaning Services,Services de ramonage,Active,Service
K199L,Road Sweeping Services,Services de balayage des routes,Active,Service
K199N,Window Cleaning,Nettoyage de fenêtres,Active,Service
K199Q,Mattress Cleaning,Nettoyage de matelas,Active,Service
K199R,Agricultural Cleaning Services,Services de nettoyage relatifs à l'agriculture,Active,Service
L004A,Actuarial Services,Services d'actuaires,Active,Service
L004B,Insurance Associated Risk Management,Gestion des risques relative aux assurances,Active,Service
L004C,Insurance Services,Services d'assurances,Active,Service
L004CV,Claims Administration/Processing (insurance plans),Administration et traitement des demandes de règlement - régimes d'assurance,Active,Service
L005A,Credit Reporting - Commercial,Rapports de solvabilité - commercial,Active,Service
L006A,Banking and Trust Company Services,Services bancaires et services de compagnies fiduciaires,Active,Service
L006B,Guardian Trustee and Bankruptcy Services,Services de tuteur et de syndic de faillite,Active,Service
L007A,Collection Agency Services,Services d'agence de recouvrement,Active,Service
L099A,"Financial and Related Services, N.E.S.","Services financiers et services connexes, N.E.A.",Active,Service
L099B,Financial Management,Gestion financière,Active,Service
L099BG,"National Financial Institutions, Payment Services","Entreprises nationales, financières - services de paiement",Active,Service
L099BH,"National Financial Institutions, Deposit Services","Entreprises nationales, financières - service de dépôt",Active,Service
L099BI,"National Financial Institutions, Banking Services Other Than Payment and Deposit Services","Entreprises nationales, financières, services bancaires autres que services de paiement et de dépôt",Active,Service
L099C,Customs Brokerage Services,Services de courtier en douane,Active,Service
L099D,Financial Accounting Services,Services de comptabilité financière,Active,Service
L099F,Claims Processing Services,Services de traitement de réclamations,Active,Service
L099G,Financial Transaction Processing Services - Electronic Commerce,Services de traitement de transactions financières - Commerce électronique,Active,Service
L099H,Financial Related Risk Management Services,Services de gestion des risques liés aux finances,Active,Service
L099J,Financial Advisory/Investment Banking Services,Services de consultation financière/de banque d'investissement,Active,Service
M110A,Property Management - Office Space/Administrative Buildings,Gestion immobilière - espaces à bureaux/bâtiments d'administration,Active,Service
M119A,Operation of a Government Service Program,Gestion de programmes et d'installations de services gouvernementaux,Active,Service
M120A,Technical Support for Simulator Facility,Soutien technique pour simulateur,Active,Service
M120B,Property Management - Airfield and Communication Facilities,Gestion immobilière - installations d'aérodromes et de communications,Active,Service
M170A,Property Management - Warehouse Buildings,Gestion immobilière - bâtiments d'entreposage,Active,Service
M180A,Property Management - Research and Development Facilities,Gestion immobilière - installations de recherche et de développement,Active,Service
M181A,Operation and Maintenance Services of a Technical/Scientific Facility,Services d'exploitation et d'entretien d'installations techniques et scientifiques,Active,Service
M181D,OPERATION AND MAINTENANCE SERVICES OF LABORATORY FACILITIES,SERVICES D EXPLOITATION ET D ENTRETIEN DES LABORATOIRES,Active,Service
M190A,Property and Facilities Management - Buildings,Gestion des biens et des installations - Immeubles,Active,Service
M190B,Asset Management Plans (AMP),Services d'élaboration de Plans de gestion des biens immobiliers,Active,Service
M190D,Operations & Maintenance of a Military Base,Exploitation et entretien d'une base militaire,Active,Service
M240A,Property Management - Utilities Facilities,Gestion immobilière - installations de services publics,Active,Service
M242A,Heating and Cooling Plants - Contracting Out Operations,Installation de chauffage et de climatisation - opérations d'impartition,Active,Service
M290B,Parking Facilities,Installations de stationnement,Active,Service
N1005,"Guns, through 30 mm, unless installed in a vehicle, aircraft, ship","Canons, jusqu'à 30 mm",Active,Service
N1005A,Small Arms and Accessories (Law Enforcement),"Armes portatives et accessoires, mise en vigueur de la loi",Active,Service
N1010,"Guns, over 30 mm up to 75 mm, unless installed in a vehicle, aircraft, or ship","Canons, de plus de 30 mm jusqu'à 75 mm",Active,Service
N1015,"Guns, 75 mm through 125 mm, unless installed in a vehicle, aircraft, ship","Canons, de 75 mm jusqu'à 125 mm",Active,Service
N1015A,"Guns, 75 mm Through 125 mm and Accessories","Canons, de 75 mm jusqu'à 125 mm et accessoires",Active,Service
N1020,"Guns, over 125 mm through 150 mm unless installed in a vehicle, aircraft, ship","Canons, de plus de 125 mm jusqu'à 150 mm",Active,Service
N1025,"Guns, over 150 mm through 200 unless installed in a vehicle, aircraft, ship","Canons, de plus de 150 mm jusqu'à 200 mm",Active,Service
N1030,"Guns, over 200 mm through 300 mm","Canons, de plus de 200 mm jusqu'à 300 mm",Active,Service
N1035,"Guns, over 300 mm","Canons, de plus de 300 mm",Active,Service
N1040,"Chemical Weapons and Equipment, Flame Throwers, and Smoke Generators",Armes chimiques et équipement,Active,Service
N1045,"Launchers, Torpedo and Depth Charges, Unless Installed in a Vehicle, Aircraft, Ship",Appareils de lancement de torpilles et grenades sous-marines,Active,Service
N1055,"Launchers, Grenade, Rocket and Pyrotechnic","Appareils de lancement de grenades, roquettes et artifices",Active,Service
N1070,"Nets and Booms, Ordnance","Filets et barrages, artillerie",Active,Service
N1075,Degaussing and Minesweeping Equipment,Équipement de démagnétisation et déminage,Active,Service
N1075999,Degaussing Equipment Electrical and Electronic Components and Spares,"Équipement de démagnétisation, composants et rechanges électriques et électroniques",Active,Service
N1075A,Minesweeping Equipment,Équipement de déminage,Active,Service
N1080,Camouflage and Deception Equipment,Équipement de camouflage et simulation,Active,Service
N1090,Assemblies Interchangeable Between Weapons in Two or More Classes,Ensembles communs à des armes de plusieurs classes,Active,Service
N1095,Miscellaneous Weapons,Armes diverses,Active,Service
N1105,Nuclear Bombs,Bombes nucléaires,Active,Service
N1110,Nuclear Projectiles,Projectiles nucléaires,Active,Service
N1115,Nuclear Warheads and Warhead Sections,Nucléaires,Active,Service
N1120,Nuclear Depth Charges,Charges sous-marines,Active,Service
N1125,Nuclear Demolition Charges,Charges nucléaires de démolition,Active,Service
N1127,Nuclear Rockets,Roquettes nucléaires,Active,Service
N1130,"Conversion Kits, Nuclear Ordnance",Lots de transformation de munitions nucléaires,Active,Service
N1135,"Fusing and Firing Devices, Nuclear Ordnance",Dispositifs d'amorçage et de mise à feu de projectiles nucléaires,Active,Service
N1140,Nuclear Components,Composants nucléaires,Active,Service
N1145,"Explosive and Pyrotechnic Components, Nuclear Ordnance",Composants explosifs et pyrotechniques de munitions nucléaires,Active,Service
N1190,"Specialized Test and Handling Equipment, Nuclear Ordnance",Équipement spécialisé pour les essais et la manutention des munitions nucléaires,Active,Service
N1195,Miscellaneous Nuclear Ordnance,Articles divers de l'armement et munitions nucléaires,Active,Service
N1210,Fire Control Directors,Appareils directeurs de conduite de tir,Active,Service
N1220,Fire Control Computing Sights and Devices,Appareils de visées et calculateurs de conduite de tir,Active,Service
N1230,"Fire Control Systems, Complete","Systèmes de conduite de tir, complets",Active,Service
N1230999,"Fire Control Systems, Complete, Electrical and Electronic Components and Spares, Marine and Non-Specific Components","Systèmes de conduite de tir, complets, composants et rechanges électriques et électroniques, marine et composants non spécifiques",Active,Service
N1230AA,"Fire Control Systems, Complete, Except Electrical and Electronic, Marine and Non-Specific Components","Systèmes de conduite de tir, complets, sauf électriques et électroniques, marine et composants non spécifiques",Active,Service
N1240,Optical Sighting and Ranging Equipment,Instruments optiques de visée et de télémétrie,Active,Service
N1240AA,"Binoculars and Cases, Fire Control, Marine and Non-Specific Components","Jumelles et étuis, conduite de tir, marine et composants non spécifiques",Active,Service
N1240AB,"Binoculars and Cases, Fire Control, Except Marine and Non-Specific Components","Jumelles et étuis, conduite de tir, sauf marine et composants non spécifiques",Active,Service
N1240BA,"Periscopes, Fire Control, Marine and Non-Specific Components","Périscopes, conduite de tir, marine et composants non spécifiques",Active,Service
N1240C,"Telescopes and Cases, Fire Control","Télescopes et étuis, conduite de tir",Active,Service
N1240D,"Sights, Optical, Fire Control","Appareils de visée, optiques, conduite de tir",Active,Service
N1240DB,"Sights, Optical, Fire Control - Small Arms","Appareils de visée, optiques, conduite de tir, armes portatives",Active,Service
N1240DD,"Sights, Optical, Fire Control, N.E.S.","Appareils de visée, conduite de tir, N.E.A.",Active,Service
N1240E,"Optical Sighting and Ranging Equipment, Electrical and Electronic","Instruments optiques de visée et de télémétrie, électriques et électroniques",Active,Service
N1250,Fire Control Stabilizing Mechanisms,Mécanismes stabilisateurs pour la conduite de tir,Active,Service
N1260,Fire Control Designating and Indicating Equipment,Équipement de désignation et d'indication de conduite de tir,Active,Service
N1265,Fire Control Transmitting and Receiving Equipment (Except Airborne),"Équipement d'émission et de réception pour la conduite de tir, sauf pour aéronefs",Active,Service
N1270,Aircraft Gunnery Fire Control Components,Éléments de conduite de tir pour armes de bord d'aéronefs,Active,Service
N1280,Aircraft Bombing Fire Control Components,Éléments de conduite de tir pour le bombardement aérien,Active,Service
N1285,"Fire Control Radar Equipment, Except Airborne","Équipement radar pour la conduite de tir, sauf pour aéronefs",Active,Service
N1287,Fire Control Sonar Equipment,Équipement sonar pour conduite de tir,Active,Service
N1287203,Fire Control Sonar Equipment-Submarine Borne,"Équipement sonar pour conduite de tir, à bord de sous-marins",Active,Service
N1290,Miscellaneous Fire Control Equipment,Équipement divers pour conduite de tir,Active,Service
N1305,"Ammunition, through 30mm","Munitions, jusqu'à 30 mm",Active,Service
N1310,"Ammunition, over 30mm up To 75mm","Munitions, de plus de 30 mm jusqu'à 75 mm",Active,Service
N1315,"Ammunition, 75mm through 125mm","Munitions, de 75 mm jusqu'à 125 mm",Active,Service
N1320,"Ammunition, over 125mm","Munitions, de plus de 125 mm",Active,Service
N1325,Bombs,Bombes,Active,Service
N1330,Grenades,Grenades,Active,Service
N1336,Guided Missile Warheads and Explosive Components,Sections chargées monoblocs de missiles et composants explosifs,Active,Service
N1337,"Guided Missile and Space Vehicle Explosive Propulsion Units, Solid Fuel, and Components","Ensembles de propulsion à carburant solide et composants, pour missiles et véhicules spatiaux à charge explosive",Active,Service
N1338,"Guided Missile and Space Vehicle Inert Propulsion Units, Solid Fuel, and Components","Ensembles de propulsion à carburant solide et composants, pour missiles et véhicules spatiaux à charge inerte",Active,Service
N1340,"Rockets, Rocket Ammunition and Rocket Components",Roquettes et composants pyrotechniques de roquettes,Active,Service
N1345,Land Mines,Mines terrestres,Active,Service
N1346,Remote Munitions,Munitions déployées à distance,Active,Service
N1350,Underwater Mine Inert Components,Composants inertes de mines sous-marines,Active,Service
N1351,Underwater Mine Explosive Components,Composants explosifs de mines sous-marines,Active,Service
N1352,Underwater Mine Disposal Inert Devices,Dispositifs inertes pour déminage sous-marin,Active,Service
N1353,Underwater Mine Disposal Explosive Devices,Dispositifs explosifs pour déminage sous-marin,Active,Service
N1355,"Torpedoes and Components, Inert","Torpilles et composants, inertes",Active,Service
N1356,"Torpedos and Components, Explosive","Torpilles et composants, explosifs",Active,Service
N1360,"Depth Charges and Components, Inert","Grenades sous-marines et composants, inertes",Active,Service
N1361,"Depth Charges and Components, Explosive","Grenades sous-marines et composants, explosifs",Active,Service
N1365,Military Chemical Agents,Agents chimiques de combat,Active,Service
N1367A,"Tactical Sets, Kits and Outfits","Ensembles, trousses et tenues tactiques",Active,Service
N1370,Pyrotechnics,Matériel pyrotechnique,Active,Service
N1375,Demolition Materials,Explosifs de démolition,Active,Service
N1376,Bulk Explosives,Explosifs en vrac,Active,Service
N1377,Cartridge and Propellant Actuated Devices and Components,Dispositifs actionnés par cartouches ou agents propulsifs et composants,Active,Service
N1385,"Explosive Ordnance Disposal Tools, Surface",Équipement de neutralisation des munitions explosives de surface,Active,Service
N1386,"Explosive Ordnance Disposal Tools, Underwater",Équipement de neutralisation des munitions explosives sous-marines,Active,Service
N1390,Fuses and Primers,Fusées et amorces,Active,Service
N1395,Miscellaneous Ammunition,Munitions diverses,Active,Service
N1398,Specialized Ammunition Handling and Servicing Equipment,Équipement spécialisé de manutention et de mise en oeuvre de munitions,Active,Service
N1398B,Specialized Ammunition Handling Equipment - Pallets,Équipement spécialisé de manutention de munitions - palettes,Active,Service
N1410,Guided Missiles,Missiles,Active,Service
N1420,Guided Missile Components,Composants de missiles,Active,Service
N1425,"Guided Missile Systems, Complete",Systèmes de missiles complets,Active,Service
N1425AB,Guided Missile Systems (Marine),"Systèmes de missiles, marins",Active,Service
N1427,Guided Missile Sub-Systems,Sous-systèmes de missile guide,Active,Service
N1427999,Guided Missile Sub-Systems Electrical and Electronic Compounds and Spares (Marine),"Sous-systèmes de missile guide, composants et rechanges électriques et électroniques, marins",Active,Service
N1430,Guided Missile Remote Control System,Systèmes de télécommande pour missiles,Active,Service
N1440,"Launchers, Guided Missile",Lance-missiles,Active,Service
N1450,Guided Missile Handling and Servicing Equipment,Équipement pour la manutention et l'entretien des missiles,Active,Service
N1510,"Aircraft, Fixed Wing",Aéronef à voilure fixe,Active,Service
N1510A,"Airplanes, Civil Certified","Avions, certifiés pour les vols civils",Active,Service
N1520,"Aircraft, Rotary Wing",Aéronefs - voilure tournante,Active,Service
N1520B,Helicopters (Military),Hélicoptères (militaires),Active,Service
N1540,Gliders,Planeurs,Active,Service
N1550,Unmanned Aircraft,Aéronef sans pilote,Active,Service
N1560,Airframe Structural Components,Composants structuraux de cellules,Active,Service
N1560B,"Canopy, Aircraft, Plexiglass (Except Canopy, Ejection Seat)","Coupole, aéronef, en fibre de verre, sauf coupole, siège éjectable",Active,Service
N1560C,"Cells, Fuels, Aircraft","Piles à combustible, aéronef",Active,Service
N1560D,"Tank, Fuel, Aircraft","Réservoir, combustible, aéronef",Active,Service
N1560E,"Window Panel, Aircraft","Panneau de fenêtre, aéronef",Active,Service
N1560F,"Insulation, Thermal, Special Purpose, Aircraft Structural","Isolation, thermique, structurale d'aéronefs, usage spécial",Active,Service
N1610,Aircraft Propellers and Components,Hélices d'aéronefs et composants,Active,Service
N1615,"Helicopter Rotor Blades, Drive, Mechanisms and Components","Pales rotor d'hélicoptères, mécanismes d'entraînement et composants",Active,Service
N1620,Aircraft Landing Gear Components,Composants de trains d'atterrissage,Active,Service
N1620B,"Lever Assembly Claw, Aircraft Landing Gear","Dispositifs de levier, cliquet",Active,Service
N1630,Aircraft Wheel and Brake Systems,Roues et dispositifs de freinage pour aéronefs,Active,Service
N1630C,"Skis and Ski Equipment, Aircraft","Skis et équipement de ski, aéronef",Active,Service
N1640,Aircraft Control Cable Products,Câbles de commande d'aéronef,Active,Service
N1650,"Aircraft Hydraulic, Vacuum and De-Icing System Components","Composants des systèmes hydrauliques, de dépression et de dégivrage d'aéronefs",Active,Service
N1650E,"Actuator, Electric, Pneumatic, Hydraulic, Manual","Mécanisme de commande, électrique, pneumatique, hydraulique, manuel",Active,Service
N1660,"Aircraft Air Conditioning, Heating and Pressurizing Equipment","Équipement de climatisation, de chauffage et de pressurisation d'aéronefs",Active,Service
N1660C,"Hose Assemblies, Oxygen System, Aircraft","Ensembles de boyaux, système d'oxygénation, aéronef",Active,Service
N1660CB,"Hose Assemblies, Low Pressure, Breathing Oxygen and Air, Aircraft","Ensembles de boyaux, basse pression, air et oxygène respirable, aéronef",Active,Service
N1660D,"Detectors, Ice, Aircraft","Détecteur de glace, aéronef",Active,Service
N1660E,"Oxygen Equipment, Aircraft","Équipement pour oxygène, aéronef",Active,Service
N1670,"Parachutes, Aerial Pick-Up Delivery, Recovery Systems, and Cargo Tie Down Equipment",Parachutes et équipement de distribution et de ramassage aériens de récupération et d'arrimage,Active,Service
N1670B,Parachutes and Associated Equipment,Parachutes et équipement connexe,Active,Service
N1670BB,"Parachutes, Cargo, Aerial Delivery, Assemblies and Components","Parachutes, chargement, livraison aérienne, éléments et composants",Active,Service
N1670BC,"Parachutes, Personnel, Assemblies and Components","Parachutes, personnels, éléments et composants",Active,Service
N1670BD,Parachute Packing and Testing Equipment,Équipement de vérification et de pliage de parachute,Active,Service
N1670D,Helicopter Nets,"Filets, hélicoptère",Active,Service
N1670E,"Nets, Cargo Tie Down (Aircraft Pallet)","Filets d'arrimage de marchandise, palette pour aéronef",Active,Service
N1670EA,"Straps, Cargo Tie Down",Courroies d'arrimage de marchandise,Active,Service
N1670F,"Pallets, Cargo, Aircraft","Palettes, marchandise, aéronef",Active,Service
N1680,Miscellaneous Aircraft Accessories and Components,Accessoires et composants divers pour aéronefs,Active,Service
N1680999,Miscellaneous Aircraft Electrical and Electronic Components and Spares,"Aéronef divers, composants et rechanges électriques et électroniques",Active,Service
N1680A,"Miscellaneous Aircraft Accessories and Components, N.E.S., Except Electrical and Electronic","Accessoires divers pour aéronefs et composants, N.E.A., sauf électriques et électroniques",Active,Service
N1680C,"Harness, Aircraft Safety, Pilots","Harnais de sécurité, aéronef, pilotes",Active,Service
N1680D,"Hoists, Rescue, Helicopter","Treuils, sauvetage, hélicoptère",Active,Service
N1680E,"Panels, Aircraft Control","Panneau, contrôle d'aéronef",Active,Service
N1680G,"Refuelling System Components, in Flight",Composants de dispositif de ravitaillement en vol,Active,Service
N1680H,"Seats, Aircraft",Sièges d'aéronef,Active,Service
N1680J,"Seats, Aircraft Ejection",Sièges éjectables d'aéronef,Active,Service
N1710A,"Aircraft Arresting Barrier and Barricade Equipment, N.E.S.","Équipement de freinage et d'arrêt des aéronefs, barrières d'arrêt, N.E.A.",Active,Service
N1710B,Helicopter Hauldown Equipment,Équipement de rentrée pour hélicoptère,Active,Service
N1710C,"Wire Rope Cable Assemblies, Aircraft Arresting Barrier","Ensembles de câbles en corde métallique, barrière d'arrêt d'aéronefs",Active,Service
N1710D,"Nylon Tape, U.S. Spec MIL-T-81521A, Designed for Aircraft Arresting Barriers","Ruban de nylon, U.S. Spec MIL-T-81521A, conçu pour barrières d'arrêt d'avions",Active,Service
N1720,Aircraft Launching Equipment,Équipement de catapultage d'aéronefs,Active,Service
N1730,Aircraft Ground Servicing Equipment,Matériel de services au sol des aéronefs,Active,Service
N1740,Airfield Specialized Trucks and Trailers,Camions et remorques spéciaux d'aérodrome,Active,Service
N1740J,"Tractors, Wheeled, Aircraft Towing","Tracteurs, sur roues, remorquage d'aéronefs",Active,Service
N1810201,"Satellites, Payloads","Satellites, charges marchandises",Active,Service
N1810203,Satellite Control Systems,Systèmes de commandes des satellites,Active,Service
N1830999,Space Vehicle Remote Control Systems Electrical and Electronic Components and Spares,"Systèmes commande à distance des véhicules spatiaux, composants rechanges électriques et électroniques",Active,Service
N1905,Combat Ships and Landing Vessels,Navires de combat et bateaux de débarquement,Active,Service
N1905C,Submarines,Sous-marins,Active,Service
N1905D,"Submersibles, All Purpose","Submersibles, tout usage",Active,Service
N1905E,"Vessels, Landing, All Types","Bateaux de débarquement, tous les types",Active,Service
N1910,"Transport Vessels, Passenger and Troop",Navires de transport pour passagers et troupe,Active,Service
N1915,Cargo and Tanker Vessels,Cargos et navires-citernes,Active,Service
N1915C,"Vessels, Tanker",Navires-citernes,Active,Service
N1920,Fishing Vessels,Bateaux de pêche,Active,Service
N1925,Special Service Vessels,Bateaux de servitude,Active,Service
N1930,"Barges and Lighters, Cargo","Chalands, barges et allèges pour le transport de matériel",Active,Service
N1935,"Barges and Lighters, Special Purpose","Chalands, barges et allèges spécialisés",Active,Service
N1935A,Barges - Special Purpose,"Barges, spécialisées",Active,Service
N1940,Small Craft,Embarcations légères,Active,Service
N1940A,Canoes,Canots,Active,Service
N1940DA,Boats - Inflatable - Rigid Hull,"Bateaux pneumatiques, coque rigide",Active,Service
N1940G,"Boats, Small, Aluminum","Bateaux légers, aluminium",Active,Service
N1945,Pontoons and Floating Docks,Pontons et docks flottants,Active,Service
N1945A,Berthing Docks - Floating,"Docks d'évitage, flottants",Active,Service
N1950,Floating Drydocks,"Cales sèches, flottantes",Active,Service
N1955,Dredges,Dragues,Active,Service
N1990,"Vessels, Miscellaneous",Bateaux divers,Active,Service
N1990C,"Ships, Small Craft, Pontoons, and Floating Docks","Navires, embarcations, pontons et docks flottants",Active,Service
N2010,Ship and Boat Propulsion Components,Organes de propulsion pour bateaux et navires,Active,Service
N2010A,"Bearing Assembly, Shaft and Thrust, Ships Propulsion","Montage de paliers, arbre et pousse, propulsion du navire",Active,Service
N2010B,Steering and Positioning Units and Thrusters,"Direction de la proue, dispositifs pour le calcul de point et servomoteur",Active,Service
N2010C,Propellers (Marine),Hélices-marine,Active,Service
N2010CA,"Propellers, Marine, Vertical, Cycloidal","Hélices, verticales, cycloïdales - marine",Active,Service
N2010E,"Seals, Stern, Tube","Joints, poupe, tube",Active,Service
N2010F,"Shafts, Propeller (Marine)","Arbres, hélice-marines",Active,Service
N2010G,"Propulsion Units, Rotatable, Outboard","Groupes propulseurs, pivotants, hors-bord",Active,Service
N2010H,"Marine Transmissions, Reverse and Reduction Gears","Transmissions marines, engrenages de multiplicateurs et marché arrière",Active,Service
N2010J,"Propulsion Units, Rotatable, Inboard","Groupes propulseurs, pivotants, intérieurs",Active,Service
N2020,Rigging and Rigging Gear,Gréements et apparaux de gréement,Active,Service
N2020B,Booms,Espars,Active,Service
N2020BA,"Booms, Cargo",Mats de charge,Active,Service
N2020BC,"Booms, Yards, Masts, Wooden","Espars, vergues, mats, bois",Active,Service
N2020BD,"Booms, Floating",Estacades flottantes,Active,Service
N2020BE,"Booms, Yards, Masts, Aluminum","Espars, vergues, mats, aluminium",Active,Service
N2030,Deck Machinery,Machinerie de pont,Active,Service
N2030B,Consoles,Pupitres de commande,Active,Service
N2030BA,"Consoles, Ship Control",Récepteurs en meuble pour manoeuvre de navire,Active,Service
N2030BB,"Consoles Ship Control, Including Engine and Bridge Controls","Récepteurs en meuble pour manoeuvre de navire, incluant organes de commande de ponts",Active,Service
N2030C,"Controls, Steering-Hydraulic","Organes de commande de direction, hydrauliques",Active,Service
N2030CA,"Stabilizers, Ship Motion","Stabilisateurs, mouvement de navire",Active,Service
N2030D,Davits,Bossoirs,Active,Service
N2030E,Deck Machinery (N.E.S.),Machinerie de pont (N.E.A.),Active,Service
N2030G,"Instrumentation, Remote Reading","Installation d'instruments de mesure, lecture à distance",Active,Service
N2030H,"Reeling Machines, Cordage","Dispositifs d'enroulement, cordage",Active,Service
N2030J,Telemotors (Marine),Télémoteurs (marins),Active,Service
N2030M,Steering Gear,Appareils de gouverne,Active,Service
N2030N,"Deck Machinery, Winches, Marine","Machinerie de pont, treuils, marine",Active,Service
N2030P,"Deck Machinery, Hoists, Marine","Machinerie de pont, monte-charges, marine",Active,Service
N2030Q,"Deck Machinery, Windlass, Marine","Machinerie de pont, treuil, marine",Active,Service
N2030R,"Deck Machinery, Capstans, Marine","Machinerie de pont, cabestans, marine",Active,Service
N2030S,"Deck Machinery, Cranes, Shipboard","Machinerie de pont, grues, à bord",Active,Service
N2030T,"Deck Machinery, Loading Arms, Marine, Fluid Handling","Machinerie de pont, bras de chargement, marine, manipulation des liquides",Active,Service
N2030U,"Deck Machinery, Winches, Oceanographic","Machinerie de pont, treuils océanographiques",Active,Service
N2040,Marine Hardware and Hull Items,Quincaillerie de marine et apparaux de coque,Active,Service
N2040A,Anchors (Sea),"Ancres, flottantes",Active,Service
N2040B,Hatches,Écoutilles,Active,Service
N2040D,"Boom Fittings, Sailboat","Gréements, voiliers",Active,Service
N2040E,"Fenders, Marine",Défenses - marine,Active,Service
N2040EA,"Fenders, Dock","Défenses, dock",Active,Service
N2040EB,"Fenders, Pneumatic","Défenses, pneumatiques",Active,Service
N2040EC,"Fenders, Rope","Défenses, corde",Active,Service
N2040ED,"Fenders, Marine, N.E.S.","Défenses-marine, N.E.A.",Active,Service
N2040EE,"Fenders Marine, Systems","Défenses, marines, systèmes",Active,Service
N2040F,"Doors, Metal, Marine",Portes métalliques - marine,Active,Service
N2040FA,"Doors, Metal, Marine, Non-Power Operated",Portes métalliques commande manuelle-marine,Active,Service
N2040FB,"Doors, Metal, Marine, Power Operated",Portes métalliques actionnement mécanique-marine,Active,Service
N2040H,"Fittings, Chain, Cable Marine",Installations pour chaînes et câbles marins,Active,Service
N2040J,"Hooks, Shackles","Crocs, manilles",Active,Service
N2040K,"Horns, Electric, Marine","Oreilles électriques, marines",Active,Service
N2040L,Ladders,Échelles,Active,Service
N2040M,Marine Hardware and Hull Items (Small Craft),"Quincaillerie de marine et apparaux de coque, embarcations légères",Active,Service
N2040N,"Mooring Bits, Bollards and Cleats","Bittes d'amarrage, bollards et taquets",Active,Service
N2040P,"Oars, Paddles and Staves","Rames, avirons et douves",Active,Service
N2040Q,"Plates, Deck",Tôles de pont,Active,Service
N2040S,"Rudders, Ships","Gouvernails, navires",Active,Service
N2040W,"Windows, Ships","Fenêtres, navires",Active,Service
N2050,Buoys,Bouées,Active,Service
N2050A,"Buoys, All Types Except Plastic","Bouées, tous les types, sauf en plastique",Active,Service
N2050B,Sinkers and Buoy Balls,Plombs de sonde et ballons de bouées,Active,Service
N2050C,"Buoys, Plastic","Bouées, en plastique",Active,Service
N2050D,"Buoys, Data Acquisition","Bouées, acquisition de données",Active,Service
N2060,Commercial Fishing Equipment,Équipement de pêche commerciale,Active,Service
N2060B,Fish Processing Machines,Machines à transfert pour le poisson,Active,Service
N2060C,Automated Fishing Gear,Attirail de pêche automatisé,Active,Service
N2060F,Commercial Fishing Nets,Filets de pêche commerciaux,Active,Service
N2090,Ship and Marine Miscellaneous Equipment,Équipement de navire et matériel naval,Active,Service
N2090A,"Cabinets and Furniture, Marine, Wooden","Cabinets et meubles, en bois - marine",Active,Service
N2090AB,"Bookcases, Shipboard Type Including Racks","Bibliothèques, type à bord navire incluant supports",Active,Service
N2090AC,"Filing Cabinets Shelf, Shipboard Type","Classeurs à tablettes, type à bord navire",Active,Service
N2090AE,"Panels, Marine, Decorative, Fire Retardant","Panneaux, décoratifs, ignifuges - marine",Active,Service
N2090B,"Kits, Repair for Fibreglass Boats","Trousses, réparation de bateaux en fibre de verre",Active,Service
N2090C,"Ladders and Boatswains Chairs, Boarding Ship","Échelles et chaises de maître d'équipage, abordage de navire",Active,Service
N2090D,"Locker, Clothing and Cleaning Gear, Shipboard Type","Casiers, vêtements et appareils de nettoyage, type à bord navire",Active,Service
N2090E,"Sails, Main and Jib",Grandes voiles et voiles de foc,Active,Service
N2090F,"Wipers, Windows, Ships","Essuie-glaces, navires",Active,Service
N2090G,"Hangars, Helicopter, Telescopic, Shipboard (Custom Engineered)","Hangars, hélicoptère, télescopique, à bord de navire (construit sur mesure)",Active,Service
N2090H,"Equipment, Research, Marine","Équipement de recherche, marine",Active,Service
N2090HA,"Carriage, Towing Tank","Transport, réservoir de remorquage",Active,Service
N2090J,"Chair, Captain - Marine","Chaise, capitaine - marine",Active,Service
N2090K,Floats - Marine,Flotteurs de chaudière - marine,Active,Service
N2210,Locomotives,Locomotives,Active,Service
N2220,Rail Cars,Wagons de chemin de fer,Active,Service
N2230,"Right-of-Way Construction and Maintenance Equipment, Railroad",Matériels d'entretien et de construction de voies ferrées,Active,Service
N2240,Locomotive and Rail Car Accessories and Components,"Parties constitutives de locomotives, de wagons et les accessoires",Active,Service
N2250,"Track Materials, Railroad",Matériels de voies ferrées,Active,Service
N2305,Ground Effect Vehicles,Véhicules à effet de sol,Active,Service
N2310,Passenger Motor Vehicles,Véhicules à moteur de tourisme,Active,Service
N2310005,Passenger Motor Vehicles - Exported,Véhicules d'exportation à moteur de tourisme,Active,Service
N2310M,Passenger Motor Vehicles - Special Vehicles - Buses - Motor Homes,"Véhicules à moteur de tourisme, autobus, autocaravanes",Active,Service
N2310MA,Buses,Autobus,Active,Service
N2310MAA,"Buses, Highway Type","Autobus, type de route",Active,Service
N2310MAB,"Buses, School - Special Type, 5 to 24 Passengers","Autobus, scolaires, type spécial, 5 à 24 passagers",Active,Service
N2310MAC,"Buses School, Conventional Type, 25 Passenger and Up","Autobus scolaires, de type conventionnel, 25 passagers et plus",Active,Service
N2320,"Trucks and Truck Tractors, Wheeled","Camions et tracteurs de semi-remorques, sur roues",Active,Service
N2320001,"Trucks, Commercial, Light Duty (10,000 lbs. GVW or Under)","Camions, commerciaux, service léger, PNBV 10,000 lbs ou moins",Active,Service
N2320002,Camper Type Vehicles,Véhicules de camping,Active,Service
N2320003,"Truck, Light, Utility-Line Maintenance","Camion, léger, bâche, entretien des lignes",Active,Service
N2320B,"Truck, Utility, 4 X 4, Military Configuration","Camion, utilitaire, à 4 roues motrices, configuration militaire",Active,Service
N2320D,"Truck and Truck Tractor Wheeled, Diesel, Over 10,000 GVWR (Except Military Configuration)","Camion et tracteur de semi-remorque, sur roues, diesel, PNBV plus de 10,000 lbs, sauf modèle militaire",Active,Service
N2320DAA,"Truck, (Dump, Stake, Van) Diesel Powered, to 27,499 lbs. GVWR","Camion, basculant à ridelles, fourgon, diesel, PNBV jusqu'à 27,499 lb",Active,Service
N2320DAB,"Trucks (Dump, Stake, Van) Diesel-Powered, 27,500 lbs. GVWR and Up","Camions, à benne basculante, à ridelles, fourgon, diesel, PNBV 27,500 lb et plus",Active,Service
N2320DDB,"Truck, Fuel Service, Diesel, 27,500 GVWR and Up","Camion-citerne, Diesel, 27,500 lb et plus",Active,Service
N2320DFB,"Truck, Liquid Waste Disposal, Diesel, 27,500 GVWR and Up","Camion, destruction des déchets liquides, diesel, PNBV 27,500 lb et plus",Active,Service
N2320DGB,"Truck, Maintenance, Diesel, 27,500 GVWR and Up","Camion, atelier non équipé, PNBV 27,500 lb et plus",Active,Service
N2320DJA,"Truck, Refuse Collection, Diesel, to 27,499 GVWR","Camion, à ordures, diesel, PNBV jusqu'à 27,499 lb",Active,Service
N2320DJB,"Truck, Refuse Collection, diesel, 27,500 GVWR and Up","Camion, à ordures, diesel, PNBV 27,500 lb et plus",Active,Service
N2320DLA,"Truck, Tanker, Diesel, to 27,499 GVWR","Camion-citerne, diesel, PNBV jusqu'à 27,499 lb",Active,Service
N2320DMA,"Truck, Tractor, Diesel, to 27,499 GVWR","Camion-tracteur, diesel, PNBV jusqu'à 27,499 lb",Active,Service
N2320DMB,"Truck, Tractor, Diesel, 27,500 GVWR and Up","Camion-tracteur, diesel, PNBV 27,500 lb et plus",Active,Service
N2320DRA,"Truck, Sander (Hopper Body) Diesel, to 27,499 GVWR","Camion, épandeur de sable, caisse à trémie, diesel, PNBV jusqu'à 27,499 lb",Active,Service
N2320DRB,"Truck, Sander (Hopper Body) Diesel, 27,500 GVWR and Up","Camion, épandeur de sable, caisse à trémie, diesel, PNBV de 27,500 lb et plus",Active,Service
N2320DX,"Truck, Tractor, Yard, Trailers Spotter Off Highway, Diesel Powered","Camion-tracteur, cour de terminus, pour garer les remorques sur les chantiers à diesel",Active,Service
N2320G,"Truck and Truck Tractor Wheeled, Gasoline Powered, Over 10,000 GVWR (Except Military Configuration)","Camion et tracteur de semi-remorque, sur roues, à essence, PNBV plus de 10,000 lbs, sauf modèle militaire",Active,Service
N2320GA,"Truck, (Dump, Stake, Van) Gasoline Powered","Camion à essence, basculant, à ridelles, fourgon",Active,Service
N2320GG,"Truck, Maintenance, Gasoline Powered","Camion, atelier non équipé, à essence",Active,Service
N2320GH,"Truck, Refrigeration, Gasoline Powered","Camion, frigorifique, à essence",Active,Service
N2320GM,"Truck, Tractor, Gasoline Powered",Camion-tracteur à essence,Active,Service
N2320GP,"Vehicles, All Terrain, ATV, Wheeled (Except Military Configuration)","Véhicules tout-terrain, sur roues, sauf modèle militaire",Active,Service
N2320GPM,"Vehicles, All Terrain, Wheeled (6X6) Military Configuration, Diesel Powered","Véhicules tout-terrain, sur roues, 6X6, modèle militaire, à diesel",Active,Service
N2320GQ,"Truck, Wrecker, Gasoline Powered","Camion, dépanneuse, à essence",Active,Service
N2320GR,"Truck, Equipped with Hydraulic Crane","Camion, équipe d'une grue hydraulique",Active,Service
N2320GS,"Truck, Sander (Hopper Body) Gasoline Powered","Camion à essence, épandeur de sable, caisse à trémie",Active,Service
N2320GT,"Truck, Aircraft Servicing, Catering","Camion, entretien d'aéronef, approvisionnement",Active,Service
N2320GU,"Truck, Equipped with Aerial Bucket","Camion, muni d'une benne élévatrice",Active,Service
N2320GV,"Truck, Equipped with Aircraft Boarding Stairs","Camion, muni d'escalier d'embarquement, pour aéronefs",Active,Service
N2320GY,"Truck, Special Purpose Customized Body","Camion, carrosserie conçu sur commande, pour besoins spéciaux",Active,Service
N2320L51,"Truck, Light, Utility, 4 X 4","Camion, léger, utilitaire, 4 roues motrices",Active,Service
N2320L61,"Truck, Light, Utility, 4 X 4, 100 lb Pay Load","Camion, léger, utilitaire, 4 roues motrices, charge utile de 100 lb",Active,Service
N2320M60,"Truck, Light, Passenger Van, Garageable, GMV Spec M60","Camion, léger, fourgon pour passagers, remisable, Spec VAG M60",Active,Service
N2320N01,"Truck, Light, Pick-Up, Compact, 4 X 4","Camion, léger, camionnette-plateau, compact, à 4 roues motrices",Active,Service
N2320N21,"Truck, Light, Pick-Up, Compact, Long, 4 X 4","Camion, léger, camionnette-plateau, compact, long, à 4 roues motrices",Active,Service
N2320N81,"Truck, Light, Pick-Up, Min. 8000 lb GVWR, 4 X 4","Camion, léger, camionnette-plateau, PNBV 8000 lb min., à 4 roues motrices",Active,Service
N2320T00,"Truck, Light, Cargo Van, Garageable, GMV Spec T00","Camion, léger, fourgon de marchandises, remisable, Spec VAG T00",Active,Service
N2320W00,Medium Truck Cab-Over-Engine,Camions poids moyen cabine avancée,Active,Service
N2330,Trailers,Remorques et semi-remorques,Active,Service
N2330A,Trailers (Military Pattern Only),"Remorques, genre militaire seulement",Active,Service
N2330B,"Trailer, Cargo Van","Remorque, fourgon à marchandises",Active,Service
N2330C,"Trailer, Fuel Service","Remorque, camion-citerne",Active,Service
N2330D,"Trailer, House",Maison mobile,Active,Service
N2330E,"Trailer, Light, 5th Wheel","Remorque, légère, 5e roue",Active,Service
N2330F,"Trailer, Low Bed","Remorque, plate-forme basse",Active,Service
N2330G,"Trailer, Maintenance","Remorque, entretien",Active,Service
N2330H,"Trailer, Pole",Chariot à poteaux,Active,Service
N2330K,"Trailer, Snowmobile","Remorque, motoneige",Active,Service
N2330L,"Trailer, Stake","Remorque, à ridelles",Active,Service
N2330M,"Trailer, Tank","Remorque, réservoir",Active,Service
N2330N,"Trailer, Tent",Tente-roulotte,Active,Service
N2330P,"Trailer, Tilt Deck","Remorque, tablier basculant",Active,Service
N2330Q,"Trailer, Utility","Remorque, utilitaire",Active,Service
N2330R,"Trailer, Wrecking","Remorque, dépanneuse",Active,Service
N2330S,"Trailer, Auto","Remorque, automobile",Active,Service
N2330T,"Trailer, Cable Reel","Remorque, à bobines",Active,Service
N2330U,"Trailer, Travel","Roulotte, tourisme",Active,Service
N2330V,"Trailer, Specially Equipped",Remorque spécialement équipée,Active,Service
N2330W,"Trailer, Dump","Remorque, à bascule",Active,Service
N2330X,"Trailer, Horse","Remorque, chevaux",Active,Service
N2330Y,"Trailer, Live Stock","Remorque, bétail",Active,Service
N2330Z,"Trailer, Boat","Remorque, bateau",Active,Service
N2340,"Motorcycles, Motor Scooters and Bicycles","Motocyclettes, vélomoteur et bicyclettes",Active,Service
N2350,"Combat, Assault, and Tactical Vehicles, Tracked","Véhicules de combat, d'assaut et tactiques, à chenilles",Active,Service
N2350A,Tanks and Tracked Self-Propelled Weapons and Vehicles W/WO Amphibian Capabilities,"Chars de combat, véhicules et armes automoteurs à chenille, amphibies ou non",Active,Service
N2350E,Tracked Vehicles (Snowmobile),Véhicules à chenilles motoneige,Active,Service
N2350EA,Snowmobile,Motoneige,Active,Service
N2350EB,Snowmobile Sleigh and Attachments,Traîneau de motoneige et accessoires,Active,Service
N2350EC,"Snowmobile, Spare Parts","Mononeige, pièces de rechange",Active,Service
N2355,"Combat, Assault and Tactical Vehicles, Wheeled","Véhicules de combat, d'assaut et véhicules tactiques, sur roues",Active,Service
N2410,"Tractors, Full-Track, Low Speed","Tracteurs à chenilles, lents",Active,Service
N2410A,"Tractor, Crawler","Tracteur, à chenille",Active,Service
N2410B,"Cab Assemblies, Crawler Tractor","Ensemble cabine, tracteur à chenille",Active,Service
N2420,"Tractors, Wheeled",Tracteurs sur roues,Active,Service
N2420A,"Tractor, Wheeled, Agricultural, 2 Wheel Drive","Tracteur, agricole à 2 roues motrices",Active,Service
N2430,"Tractors, Track laying, High Speed","Tracteurs à chenilles, rapides",Active,Service
N2510,"Vehicular Cab, Body and Frame Structural Components","Cabine de véhicule, carrosserie et composants structuraux de châssis",Active,Service
N2510C,"Vehicular Cab, Body and Frame Structural Components (Except Military Configuration)","Cabine de véhicule, carrosserie et composants structuraux de châssis, sauf modèle militaire",Active,Service
N2510F,"Vehicular Cab, Body and Frame Structural Components, Armoured Fighting Vehicle, S.M.P.","Cabine de véhicule, carrosserie et composants structuraux de châssis, véhicules blindés de combat, modèle militaire standard",Active,Service
N2510FA,"Vehicular Cab, Body, and Frame Structural Components, N.E.S., Armoured Fighting Vehicle, S.M.P.","Composants de la structure de la cabine, de la carrosserie et du châssis des véhicules, N.E.A., véhicule blindé de combat",Active,Service
N2510FC,"Vehicular Cab, Body and Frame Structural Components, Ground Effect Vehicles","Composants structuraux de la cabine, de la carrosserie et du châssis, véhicules à effet de sol",Active,Service
N2520,Vehicular Power Transmission Components,Composants des transmissions de puissance des véhicules,Active,Service
N2520A,"Vehicular Power Transmission Components, for Tracked and Wheeled Vehicles, Military Configuration","Composants de transmissions de puissance des véhicules, pour véhicules à chenilles et à roues, modèle militaire",Active,Service
N2520B,"Vehicular Power Transmission Components, Armoured Fighting Vehicle, S.M.P.","Composants de transmission de puissance des véhicules, véhicule blindé de combat, modèle militaire standard",Active,Service
N2520BD,"Transfer Cases/Gearboxes, Final Drive Assembly, Armoured Fighting Vehicle, S.M.P.","Boîtes de vitesse intermédiaires/boîtes d'engrenage, assemblage de l'entraînement final, véhicule blindé de combat, modèle militaire standard",Active,Service
N2520C,"Vehicular Power Transmission Components, Ground Effect Vehicles","Composants de transmission de puissance des véhicules, véhicules à effet de sol",Active,Service
N2530,"Vehicular Brake, Steering, Axle, Wheel and Track Components","Composants de freins, de direction d'essieux, de roues et chenilles de véhicules",Active,Service
N2530001,"Vehicular Brake, Steering, Axle, and Wheel Components (Standard Commercial)","Composants de direction, essieux, roues et freins de véhicules, standard commercial",Active,Service
N2530AB,"Axle Assembly, for Tracked and Wheeled Vehicles, Except Ground Effect and Armoured Fighting Vehicles","Essieu, ensemble, pour véhicules à chenilles et à roues, sauf véhicules à effet de sol et blindés de combat",Active,Service
N2530AD,"Brake Shoes, Drums and Miscellaneous Brake Components (N.E.S.) for Tracked and Wheeled Vehicles, Except Ground Effect and Armoured Fighting Vehicles","Sabots de frein, tambour et divers composants de frein sauf véhicules à effet de sol et blindés de combat",Active,Service
N2530AK,"Track and Track Components, for Tracked and Wheeled Vehicles, Except Ground Effect and Armoured Fighting Vehicles","Chenille et composants de chenilles, pour véhicules à chenilles et à roues, sauf véhicules à effet de sol et blindés de combat",Active,Service
N2530AL,"Wheel, Pneumatic Tire, for Tracked and Wheeled Vehicles, Except Ground Effect and Armoured Fighting Vehicles","Roue, à pneumatique, pour véhicules à chenilles et à roues, sauf véhicules à effet de sol et blindés de combat",Active,Service
N2530AM,"Wheel, Solid Rubber, for Tracked and Wheeled Vehicles, Except Ground Effect and Armoured Fighting Vehicles","Roue, caoutchouc plein, pour véhicules à chenilles et à roues, sauf véhicules à effet de sol et blindés de combat",Active,Service
N2530B,"Vehicular Brake, Steering, Axle, Wheel and Track Components, Armoured Fighting Vehicle, S.M.P.","Composants de freins, de direction, d'essieux, de roues et de chenilles, véhicules blindés de combat, modèle militaire standard",Active,Service
N2530BLB,"Track Shoe Maintenance Equipment, Armoured Fighting Vehicle","Équipement d'entretien auxiliaire pour patin de chenille, véhicules blindés de combat",Active,Service
N2530BM,"Wheel, Pneumatic Tire, Armoured Fighting Vehicle, S.M.P.","Roue, pneumatique, véhicules blindés de combat, modèle militaire standard",Active,Service
N2530BN,"Wheel, Solid Rubber, Armoured Fighting Vehicle, S.M.P.","Roue, caoutchouc plein, véhicules blindés de combat, modèle militaire standard",Active,Service
N2530C,"Vehicular Brake, Steering, Axle, Wheel and Track Components, Ground Effect Vehicles","Composants de freins, de direction d'essieux, de roues et chenilles de véhicules, véhicules à effet de sol",Active,Service
N2540,Vehicular Furniture and Accessories,Accessoires et garnitures de véhicules,Active,Service
N2540000,Vehicular Furniture and Accessories (Standard Commercial),"Accessoires et garnitures de véhicules, standard commercial",Active,Service
N2540005,"Vehicle Accessory, Box Cap for Light Trucks (Fibreglass or Aluminum)","Accessoires de véhicule, chapeau de boîte pour camions légers, fibre de verre ou aluminium",Active,Service
N2540A,"Absorbers, Shock, for Tracked and Wheeled Vehicles, Except Ground Effect and Armoured Fighting Vehicles","Amortisseurs, pour véhicules à chenilles et à roues, sauf véhicules à effet de sol et blindé de combat",Active,Service
N2540C,"Furniture and Accessories, Miscellaneous, N.E.S., for Tracked and Wheeled Vehicles, Except Ground Effect and Armoured Fighting Vehicles","Garnitures et accessoires divers pour véhicules à chenilles et à roues, sauf véhicules à effet de sol et blindés de combat",Active,Service
N2540G,Vehicular Tire Chain Assembly (Standard Commercial),"Chaînes antidérapantes de pneus de véhicules, commerciales standard",Active,Service
N2540H,"Vehicular Furniture and Accessories, Ground Effect Vehicles","Accessoires et garnitures de véhicules, véhicules à effet de sol",Active,Service
N2541,Weapons Systems Specific Vehicular Accessories,Accessoires de véhicules de système d'arme,Active,Service
N2590,"Vehicular Components, Miscellaneous",Composants divers de véhicule,Active,Service
N2590A,"Vehicular Components, Miscellaneous, for Tracked and Wheeled Vehicles, Except Ground Effect and Armoured Fighting Vehicles","Composants de véhicules divers, pour véhicules à chenilles et à roues, sauf véhicules à effet de sol et blindés de combat",Active,Service
N2590AA,"Cylinder Assembly, Hydraulic, for Tracked and Wheeled Vehicles, Except Ground Effect and Armoured Fighting Vehicles","Cylindre équipé, hydraulique, pour véhicules à chenilles et à roues, sauf véhicules à effet de sol et blindés de combat",Active,Service
N2590C,"Miscellaneous Vehicular Components, Armoured Fighting Vehicle, S.M.P.","Composants divers de véhicules, véhicules blindés de combat, modèle militaire standard",Active,Service
N2590CA,"Miscellaneous Vehicular Components, N.E.S., Armoured Fighting Vehicle, S.M.P.","Composants divers de véhicules, non énumérés ailleurs véhicules blindés de combat, modèle militaire standard",Active,Service
N2590D,"Vehicular Components, Miscellaneous, N.E.S. (By Company)","Composants de véhicules, divers, N.E.A., par compagnie",Active,Service
N2590DCA,"Vehicular Components, Miscellaneous, N.E.S. - Ford","Composants de véhicules divers, N.E.A. - Ford",Active,Service
N2610,"Tires and Tubes, Pneumatic, Except Aircraft","Pneumatiques et chambres à air, sauf pour aéronefs",Active,Service
N2620,"Tires and Tubes, Pneumatic, Aircraft",Pneumatiques et chambres à air d'aéronefs,Active,Service
N2630,"Tires, Solid and Cushion",Bandages pleins et pneumatiques,Active,Service
N2640,Tire Rebuilding and Tire and Tube Repair Materials,Produits de rechapage et de réparation des pneumatiques et des chambres à air,Active,Service
N2640004,Tire Fill,Bandage pour pneumatique,Active,Service
N2805,Gasoline Reciprocating Engines (Except Aircraft) and Components,"Moteurs alternatifs à explosion, sauf aéronefs et composants",Active,Service
N2805001,"Motors, Outboard",Moteurs hors-bord,Active,Service
N2805002,"Motor, Outboard - Parts","Moteur, hors bord, pièces",Active,Service
N2805A,"Controls, Marine Engine","Commandes, moteur marin",Active,Service
N2805B,"Engines, Gasoline (Except Aircraft, Marine and Outboard Motors)","Moteurs à essence sauf d'aéronefs, marins et moteurs hors-bord",Active,Service
N2815,Diesel Engines and Components,Moteurs diesel et composants,Active,Service
N2815A,"Diesel Engines, Air Cooled","Moteurs diesel, refroidis par air",Active,Service
N2815AB,"Diesel Engines, Air Cooled, Marine","Moteurs diesel, refroidis par air, marine",Active,Service
N2815B,"Diesel Engines and Components, N.E.S.","Moteurs diesel et composants, N.E.A.",Active,Service
N2815BB,"Diesel Engines and Components, N.E.S., Marine","Moteurs diesel et composants, N.E.A., marine",Active,Service
N2815BRB,"Diesel Engines and Components, N.E.S. - Detroit","Moteurs diesel et composants, N.E.A., Détroit",Active,Service
N2815BRP,Diesel Engines and Components - Caterpillar,"Moteurs diesel et composants, Caterpillar",Active,Service
N2815D,Engine Valve Assemblies and Seats,Montages pour valves de moteur et sièges,Active,Service
N2815DB,"Engine Valve Assemblies and Seats, Marine","Montages pour valves de moteur et sièges, marin",Active,Service
N2815G,"Diesel Engines and Components, Ground Effect Vehicles","Moteurs diesel et composants, véhicules à effet de sol",Active,Service
N2820,"Steam Engines, Reciprocating and Components",Machines à vapeur à mouvement alternatif et composants,Active,Service
N2825,Steam Turbines and Components,Turbines à vapeur et composants,Active,Service
N2830,Water Turbines and Water Wheels and Components,Turbines hydrauliques et roues hydrauliques et composants,Active,Service
N2835,"Gas Turbines and Jet Engines; Non-Aircraft Prime Mover, Aircraft Non-Prime Mover, and Components","Turbines à gaz et moteurs à réaction; appareil moteur non-aéronef, appareil non-moteur d'aéronefs, et composants",Active,Service
N2840,"Gas Turbines and Jet Engines, Aircraft, Prime Moving and Components","Turbines à gaz et moteurs à réaction, Aéronef, Appareil moteur et composants",Active,Service
N2845,Rocket Engines and Components,Moteurs de roquettes et composants,Active,Service
N2850,Gasoline Rotary Engines and Components,Moteurs rotatifs à essence et composants,Active,Service
N2895,Miscellaneous Engines and Components,Moteurs divers et composants,Active,Service
N2895C,"Turbines, Wind Driven","Turbines, entraînées par vent",Active,Service
N2910,"Engine Fuel System Components, Non-Aircraft","Composants du système d'alimentation en carburant des moteurs, sauf pour aéronefs",Active,Service
N2910006,"Injectors, Fuel, Diesel Engine","Injecteurs, carburant, moteur diesel",Active,Service
N2910007,"Conversion Systems, Natural Gas, Vehicle","Systèmes de conversion au gaz naturel, véhicule",Active,Service
N2910D,"Engine Fuel System Components, Non-Aircraft, Armoured Fighting Vehicle, S.M.P.","Composants du système d'alimentation en carburant des moteurs, sauf pour aéronefs, véhicules blindés de combat, modèle militaire standard",Active,Service
N2910DB,"Injector, Fuel, Armoured Fighting Vehicle, S.M.P.","Injecteur de carburant, véhicules blindés de combat, modèle militaire standard",Active,Service
N2910DE,"Fuel, Tank,Armoured Fighting Vehicle, S.M.P.","Réservoir à carburant, véhicules blindés de combat, modèle militaire standard",Active,Service
N2915,"Engine Fuel System Components, Aircraft and Missile Prime Movers","Composants du système d'alimentation en carburant, appareils moteurs d'aéronefs et de missiles",Active,Service
N2915C,"Filter, Fuel, Aircraft","Filtre, carburant, aéronef",Active,Service
N2920,"Engine Electrical System Components, Non-Aircraft","Composants du système électrique des moteurs, sauf pour aéronefs",Active,Service
N2920A,Engine Electrical System Components,Composants du système électrique des moteurs,Active,Service
N2920AA,"Cable Assembly, Electrical, for Tracked and Wheeled Vehicles","Câble équipé, électrique, pour véhicules à chenilles et à roues",Active,Service
N2920AAA,"Cable Assembly, Electrical, for Tracked and Wheeled Vehicles, Except Marine, Ground Effect and Armoured Fighting Vehicles","Câble équipé, électrique, pour véhicules à chenilles et à roues, sauf véhicules marins, à effet de sol et blindé de combat",Active,Service
N2920AAC,Engine Electrical System Components (Marine) N.E.S.,"Composants de système électrique des moteurs, marins, N.E.A.",Active,Service
N2925,"Engine Electrical System Components, Aircraft Prime Moving","Composants du système électrique des moteurs, appareils moteurs d'aéronefs",Active,Service
N2925C,"Inverter Relays, Aircraft","Relais inverseur, aéronef",Active,Service
N2925F,"Relays, Aircraft","Relais, aéronef",Active,Service
N2925J,"Starters, Engine, Aircraft, Electrical",Démarreur électrique pour moteur d'aéronef,Active,Service
N2930,"Engine Cooling System Components, Non-Aircraft","Composants du système de refroidissement des moteurs, sauf pour aéronefs",Active,Service
N2930AB,Engine Cooling System Components (Marine),Composants de système de refroidissement des moteurs (marin),Active,Service
N2935,"Engine System Cooling Components, Aircraft Prime Moving","Composants du système de refroidissement du moteur, Appareil moteur d'aéronef",Active,Service
N2940,"Engine Air and Oil Filters, Strainers and Cleaners, Non-Aircraft","Filtres à air et à huile des moteurs, tamis et nettoyeurs, sauf pour aéronefs",Active,Service
N2940A,"Engine Air and Oil Filters, Strainers and Cleaners, Non-Aircraft, Armoured Fighting Vehicle, S.M.P.","Filtres à air et à huile des moteurs, tamis et nettoyeurs, sauf pour aéronefs véhicules blindés de combat, modèle militaire standard",Active,Service
N2945,"Engine Air and Oil Filters, Cleaners, Aircraft Prime Moving","Filtres à air et à huile du moteur, Agents nettoyants, Appareil moteur d'aéronef",Active,Service
N2945AAA,Air Cleaners,Filtres à air,Active,Service
N2945AAE,"Air Cleaner Elements, Intake",Éléments d'admission du filtre à air,Active,Service
N2990,"Engine Accessories, Miscellaneous, Non-Aircraft","Accessoires divers de moteurs, sauf pour aéronefs",Active,Service
N2990A,"Engine Accessories, Miscellaneous",Accessoires divers de moteurs,Active,Service
N2990B,"Mufflers, Exhaust",Silencieux d'échappement,Active,Service
N2990C,"Heaters, Engine, Gasoline or Diesel Operated","Réchauffeurs, moteur, à gaz ou diesel",Active,Service
N2990D,Exhaust Pipes and Tail Pipes,Tuyaux d'échappement et tuyaux arrière,Active,Service
N2990FA,"Miscellaneous Engine Accessories, Non-Aircraft, N.E.S., Armoured Fighting Vehicles, S.M.P.","Accessoires divers de moteurs, sauf pour aéronefs, véhicules blindés de combat, non énumérés ailleurs modèle militaire standard",Active,Service
N2995,"Miscellaneous Engine Accessories, Aircraft",Accessoires divers de moteurs d'aéronefs,Active,Service
N2995C,"Cylinders, Hydraulic Accumulators, Aircraft Engine","Cylindres, accumulateurs hydrauliques, moteur d'aéronef",Active,Service
N2995D,"Hydraulic Control Assemblies, Aircraft Engine","Ensembles de contrôles hydrauliques, moteur d'aéronef",Active,Service
N3010,Torque Converters and Speed Changers,Convertisseurs de couple et changeurs de vitesse,Active,Service
N3010AA,"Couplings, Flexible",Accouplements flexibles,Active,Service
N3010AB,"Couplings, Mechanical, N.E.S.","Accouplements mécaniques, N.E.A.",Active,Service
N3010CA,"Gear Assemblies, Reduction and Reverse",Ensembles d'engrenages de multiplicateurs et de marché arrière,Active,Service
N3010CB,"Variable Speed Gear Assemblies, Mechanical",Ensembles d'engrenages de changement de vitesse variable mécaniques,Active,Service
N3010D,Hydraulic Power Components,Composants à puissance hydraulique,Active,Service
N3010E,Hydraulic Power System,Système à puissance hydraulique,Active,Service
N3020,"Gears, Pulleys, Sprockets and Transmission Chain","Engrenages, poulies, pignons et chaînes de transmission",Active,Service
N3020A,"Gears, Pulleys, Sprockets and Transmission Chain, Non-Standard","Engrenages, poulies, pignons et chaînes de transmission, non standard",Active,Service
N3020B,Sheaves,Rouets,Active,Service
N3020CB,"Sprockets, Drive, Main, Armoured Fighting Vehicle, S.M.P.","Pignons entraînement, principaux, véhicules blindés de combat, modèle militaire standard",Active,Service
N3030,"Belting, Drive Belts and Accessories","Courroies de transmission, de commande, de ventilateurs et accessoires",Active,Service
N3040,"Power Transmission Equipment, Miscellaneous",Équipements divers de transmission de puissance,Active,Service
N3040E,"Miscellaneous Power Transmission Equipment, Armoured Fighting Vehicle, S.M.P.","Équipement divers de transmission de puissance, véhicules blindés de combat, modèle militaire standard",Active,Service
N3110,"Bearings, Antifriction, Unmounted","Roulements anti-frottement, non-montés",Active,Service
N3110B,"Bearings, Ball, Annular, Thrust Bearing, Roller Bearing and Multiapplication (Except Aircraft)","Roulements, à billes, annulaires, butée, roulement à rouleau et multiple application, sauf pour aéronef",Active,Service
N3110F,"Bearings, Cups and Cones","Paliers, cuvettes et cônes",Active,Service
N3110G,"Bearings, Roller, Tapered, FED. SPEC. FF-B-187A, DND QPL","Roulements, à rouleaux coniques, FED. SPEC. FF-B-187A, LPH du MDN",Active,Service
N3110H,"Bearings, Roller, Cylindrical , FED. SPEC. FF-B-185, DND QPL","Roulements, à rouleaux cylindriques, FED. SPEC. FF-B-185, LPH du MDN",Active,Service
N3120,"Bearings, Plain, Unmounted",Paliers lisses nus,Active,Service
N3130,"Bearings, Mounted",Roulements et paliers équipés,Active,Service
N3130A,"Bearings, Mounted, All Types","Coussinets, assemblés, tous les types",Active,Service
N3210,Sawmill and Planing Mill Machinery,Équipements de scieries,Active,Service
N3210D,Chippers,Déchiqueteurs,Active,Service
N3220,Woodworking Machines,Machines pour le travail du bois,Active,Service
N3220J,"Sawing Machines, Table, Band and Radial Arm (Woodworking)","Machines à sciage, table, bande et bras radial, pour le travail du bois",Active,Service
N3230,Tools and Attachments for Woodworking Machinery,Outils et accessoires pour machines à travailler le bois,Active,Service
N3405,Saws and Filing Machines,Scies et machines à limer,Active,Service
N3408,Machining Centres and Way-Type Machines,Machines à fonctions multiples et machines spéciales à transfert à indexage automatique,Active,Service
N3410,Electrical and Ultrasonic Erosion Machines,Machines à polir électriques et à ultrasons,Active,Service
N3411,Boring Machines,Aléseuses,Active,Service
N3412,Broaching Machines,Brocheuses,Active,Service
N3413,Drilling and Tapping Machines,Machines à percer et à tarauder,Active,Service
N3414,Gear Cutting and Finishing Machines,Machines à tailler et à finir les engrenages,Active,Service
N3415,Grinding Machines,"Machines à meuler. affûteur, rectifieur",Active,Service
N3416,Lathes (Metal Working),Tours,Active,Service
N3417,Milling Machines,Fraiseuses,Active,Service
N3418,Planers and Shapers,Raboteuses et étaux-limeurs,Active,Service
N3419,"Machine Tools, Miscellaneous",Machines et outils divers,Active,Service
N3422,Rolling Mills and Drawing Machines,Laminoirs et machines à étirer,Active,Service
N3424,Metal Heat Treating and Non-Thermal Treating Equipment,Équipements pour le traitement thermique et non thermique des métaux,Active,Service
N3426,Metal Finishing Equipment,Équipements pour le traitement de surface des métaux,Active,Service
N3431,Electric Arc Welding Equipment,Équipement de soudage à l'arc électrique,Active,Service
N3432,Electric Resistance Welding Equipment,Équipements de soudage par résistance électrique,Active,Service
N3433,"Gas Welding, Heat Cutting, and Metalizing Equipment","Équipements de soudage au gaz, de coupage à chaud et de métallisation",Active,Service
N3436,Welding Positioners and Manipulators,Manipulateurs et positionneurs de soudage,Active,Service
N3438,"Welding Equipment, Miscellaneous",Équipements divers de soudage,Active,Service
N3439,"Welding, Soldering and Brazing Supplies and Accessories, Miscellaneous",Fournitures et accessoires divers pour soudage et brasage,Active,Service
N3441,Bending and Forming Machines,Machines à cintrer et à former,Active,Service
N3441AB,"Machine, Bending, Hand, Brakes","Machine à cintrer manuelle, freins",Active,Service
N3442,"Hydraulic and Pneumatic Presses, Power Driven","Presses à moteur, hydrauliques et pneumatiques",Active,Service
N3443,"Mechanical Presses, Power Driven","Presses à moteur, mécaniques",Active,Service
N3444,Manual Presses,Presses à main,Active,Service
N3445,Punching and Shearing Machines,Machines à poinçonner et à cisailler,Active,Service
N3446,Forging Machinery and Hammers,Machines à forger et marteaux-pilons,Active,Service
N3447,Wire and Metal Ribbon Forming Machines,Machines à tréfiler et à faire les feuillards,Active,Service
N3448,Riveting Machines,Machines à river,Active,Service
N3449,"Secondary Metal Forming and Cutting Machines, Miscellaneous",Machines complémentaires diverses travaillant par enlèvement ou formage du métal,Active,Service
N3450,"Machine Tools, Portable",Machines et outils portatives,Active,Service
N3455,Cutting Tools for Machine Tools,Outils de coupe pour machines et outils,Active,Service
N3456,Cutting and Forming Tools for Secondary Metal Working Machinery,Outils à couper et former pour machines complémentaires à travailler les métaux,Active,Service
N3460,Machine Tool Accessories,Accessoires de machines et outils,Active,Service
N3461,Accessories for Secondary Metal Working Machinery,Accessoires de machines complémentaires à travailler les métaux,Active,Service
N3465,"Production Jigs, Fixtures and Templates","Calibres de formes, gabarits de guidage, appareils de contrôle",Active,Service
N3470,"Machine Shop Sets, Kits and Outfits","Jeux, trousses et équipements pour ateliers",Active,Service
N3510,Laundry and Dry Cleaning Equipment,Équipement de blanchissage et de nettoyage à sec,Active,Service
N3510A,"Washing Machines and Dryers, Laundry, Domestic, All Types","Laveuses et sécheuses, blanchisserie de maison, tous les types",Active,Service
N3510E,Washing Machine Parts,Pièces de machine à laver,Active,Service
N3510M,"Washer-Extractor, Commercial","Laveuse-essoreuse, commerciale",Active,Service
N3520,Shoe Repairing Equipment,Équipements de cordonnerie,Active,Service
N3530,Industrial Sewing Machines and Mobile Textile Repair Shops,Machines à coudre industrielles et ateliers mobiles de réparation d'effets,Active,Service
N3540,Wrapping and Packaging Machinery,Machines à emballer et à empaqueter,Active,Service
N3550,Vending and Coin Operated Machines,Machines automatiques à jetons ou pièces de monnaie,Active,Service
N3550B,Parking Device Systems,Systèmes de parcomètres,Active,Service
N3590,"Service and Trade Equipment, Miscellaneous",Équipement commercial et de service divers,Active,Service
N3605,Food Products Machinery and Equipment,Machines et matériel pour la préparation des aliments,Active,Service
N3610,"Printing, Duplicating and Bookbinding Equipment","Équipement d'impression, de duplication et de reliure",Active,Service
N3610BDD,"Offset Equipment, Sheet Fed","Équipement d'excentration, marge à la feuille",Active,Service
N3610BE,Photocopying Machines and Accessories,Machines à photocopier et accessoires,Active,Service
N3610BEC,Photocopier Control/Audit System,"Machine à photocopier, système de commande et contrôle",Active,Service
N3610BED,"Photocopying Machines, Laser-Intelligent Copier","Machines à photocopier, duplicateur intelligent au laser",Active,Service
N3610BEL,"Photocopying Machines, Full Colour","Machines à photocopier, tout en couleur",Active,Service
N3610C,Printing Equipment,Matériel d'imprimerie,Active,Service
N3610CPA,"Type, Metal, Printing","Métal à caractères, imprimerie",Active,Service
N3610G,"Folding, Machines, Paper","Plieuses, papier",Active,Service
N3611,Industrial Marking Machines,Machines industrielles de marquage,Active,Service
N3615,Pulp and Paper Industries Machinery,Machines des industries des pâtes et papiers,Active,Service
N3615C,"Shredder, Security, SEAC Type II (Top Secret)","Déchiqueteur de papier, sécurité, CCMC Type II (très secret)",Active,Service
N3615F,"Shredder, Commercial, Large Capacity","Déchiqueteur de papier, commercial, grande capacité",Active,Service
N3620,Rubber and Plastics Working Machinery,Machines pour le travail du caoutchouc et des matières plastiques,Active,Service
N3625,Textile Industries Machinery,Machines des industries textiles,Active,Service
N3630,Clay and Concrete Products Industries Machinery,Machines des industries de l'argile et du béton,Active,Service
N3635,Crystal and Glass Industries Machinery,Machines des industries du verre et du cristal,Active,Service
N3640,Tobacco Manufacturing Machinery,Machines à manufacturer les tabacs,Active,Service
N3645,Leather Tanning and Leather Working Industrial Machinery,Machines des industries du tannage et du travail des cuirs,Active,Service
N3650,Chemical and Pharmaceutical Products Manufacturing Machinery,Machines à manufacturer les produits chimiques et pharmaceutiques,Active,Service
N3650A,Chemical Processing Equipment,Équipement des traitements pour produits chimiques,Active,Service
N3655,"Gas Generating and Dispensing Systems, Fixed or Mobile","Systèmes générateurs et distributeurs de gaz, fixes ou mobiles",Active,Service
N3660,Industrial Size Reduction Machinery,Machines industrielles à réduction,Active,Service
N3660A,"Mixers, Industrial",Malaxeurs industriels,Active,Service
N3660C,"Shredders, Chippers and Pulverisers","Déchiqueteurs, burins et pulvériseurs",Active,Service
N3670,"Specialized Semiconductor, Micro-Circuit and Printed Circuit Board Manufacturing Machinery","Machines spéciales pour la fabrication de semi-conducteurs, de microcircuits et de plaques de circuits imprimés",Active,Service
N3680,"Foundry Machinery, Related Equipment and Supplies","Machines de fonderie, équipements et approvisionnements connexes",Active,Service
N3685,Specialized Metal Container Manufacturing Machinery and Related Equipment,Machines spéciales pour la fabrication des conteneurs métalliques et équipements connexes,Active,Service
N3690,"Specialized Ammunition, Ordnance Machinery and Related Equipment",Machines spéciales pour artillerie et munitions et équipements connexes,Active,Service
N3693,Industrial Assembly Machines,Machines industrielles d'assemblage,Active,Service
N3694,"Clean Work Stations, Controlled Environment and Related Equipment",Stations de travail de nettoyage à milieu ambiant et équipements connexes,Active,Service
N3695,Miscellaneous Special Industry Machinery,Machines diverses pour industries spéciales,Active,Service
N3695A,Custom Fabricating Machinery,Machines pour la fabrication hors-série,Active,Service
N3710,Soil Preparation Equipment,Équipement pour la préparation du sol,Active,Service
N3710V,"Sprayer, Field (Agricultural)","Pulvérisateur, champs (agricole)",Active,Service
N3720,Harvesting Equipment,Équipements pour moissonner,Active,Service
N3720C,"Combine, Harvester",Moissonneuse-batteuse,Active,Service
N3730,"Dairy, Poultry and Livestock Equipment","Équipements de laiterie, de basse-cour, et pour l'élevage du bétail",Active,Service
N3740,"Pest, Disease and Frost Control Equipment","Matériel de lutte contre les fleaux, les épidermes, le gel",Active,Service
N3740B,Sprayer,Pulvérisateur,Active,Service
N3740BE,"Sprayer, Insecticide, Electric (Institutional)","Pulvérisateur, pesticide, électrique (institut)",Active,Service
N3740BF,"Sprayer, Insecticide, Skid Mounted, Electric and Gas","Pulvérisateur, pesticide, plate-forme, électrique et gaz",Active,Service
N3740BL,"Sprayer, Wheel Mounted Type, Gas and Electric Power","Pulvérisateur, type sur roue, à gaz et électrique",Active,Service
N3740E,Bird Control Devices,Dispositifs pour le contrôle des oiseaux,Active,Service
N3750,Gardening Implements and Tools,Instruments et outils de jardinage,Active,Service
N3750A,"Brushcutter, Edger, Renovator, Sweeper and Tiller","Débroussailleuse, coupe-bordure, aérateur, balayeuse et cultivateur",Active,Service
N3750E,"Mowers, Lawn",Tondeuses à gazon,Active,Service
N3750S,"Sprinklers, Garden, Lawn","Diffuseurs, jardin, gazon",Active,Service
N3750TD,"Shredders, Leaves, Brush, Etc.","Broyeurs, feuilles, arbrisseau, etc.",Active,Service
N3760,Animal Drawn Vehicles and Farm Trailers,Véhicules à traction animale et remorques de ferme,Active,Service
N3770,"Saddlery, Harness, Whips and Related Animal Furnishings","Sellerie, harnachements, fouets et autres équipements se rapportant aux animaux",Active,Service
N3770A,"Cages, Animal","Cages, animaux",Active,Service
N3805,Earthmoving and Excavating Equipment,Équipement de terrassement et d'excavation,Active,Service
N3805F,"Loaders, Front End","Chargeuses, frontales",Active,Service
N3810,Cranes and Crane-Shovels,Grues et pelles-grues,Active,Service
N3815,Crane and Crane-Shovel Attachments,Accessoires de grues et de pelles-grues,Active,Service
N3820,"Mining, Rock Drilling, Earch Boring and Related Equipment","Équipement de mine, de forage, de sondage et autres matériaux",Active,Service
N3825,Road Clearing and Cleaning Equipment,Équipements pour nettoyer et dégager les routes,Active,Service
N3825G,"Sweepers, Airport, Runway","Balayeuses, piste d'aéroport",Active,Service
N3825L,"Sweepers, Warehouse, Riding Type, Self-Propelled","Balayeuses, entrepôt, à siège, automotrices",Active,Service
N3825N,"Trucks, Snow Removal, Equipment","Camions, équipement pour déblayage de la neige",Active,Service
N3825P,"Snowblowers, Self-Propelled","Souffleuses, automotrices",Active,Service
N3825PC,"Snowblower, Spare Parts","Souffleuses, pièces de rechange",Active,Service
N3825QB,"Airblower, Tractor/Loader Attachment","Ventilateur de soufflage, accessoire pour tracteur, chargeur",Active,Service
N3825S,"Scrubbers, Floor, Riding Type, Self-Propelled","Laveuses, plancher, à siège, automotrices",Active,Service
N3825T,"Brush, Sweeper, Road and Runway","Brosses, balayeuse, route et piste d'aéroport",Active,Service
N3830,Truck and Tractor Attachments,Dispositifs annexes pour camions et tracteurs,Active,Service
N3830A,"Truck and Tractor Attachments, N.E.S.","Équipement pour camions et tracteurs, N.E.A.",Active,Service
N3830D,"Blades, Vehicle Mounting","Lames, pour véhicule",Active,Service
N3830DA,"Blades, Dozer, Earth Moving","Lames, Bulldozer",Active,Service
N3830DB,"Blades, Snowplow","Lames, chasse-neige",Active,Service
N3830E,"Cutting Edges, Moldboard","Couteaux, lame de bulldozer",Active,Service
N3830G,"Deicing Equipment, Truck Mounted","Équipement pour dégivrage, sur camion",Active,Service
N3830H,"Dozers, Angle","Bulldozers, dirigés",Active,Service
N3830J,"Loaders, Scoop Type, Tractor Mounting","Chargeuses-pelleteuses, pour tracteur",Active,Service
N3830L,"Spreaders, Sand/Salt, Truck Mounting","Épandeuses, sable et sel, pour montage sur camion",Active,Service
N3830M,"Snowplows, Moldboard","Chasse-neige, à lame de bulldozer",Active,Service
N3830ND,Snowplow Replacement Parts,Pièces de rechange pour chasse-neige,Active,Service
N3830T,"Tailgates, Hydraulic Lifting","Hayons, levage hydraulique",Active,Service
N3830U,"Winches, Drum, Vehicle Mounting","Treuils à tambour, pour véhicule",Active,Service
N3835,Petroleum Production and Distribution Equipment,Équipements pour la production et la distribution des produits du pétrole,Active,Service
N3895,Miscellaneous Construction Equipment,Équipement divers pour travaux de construction,Active,Service
N3910,Conveyors,Appareils transporteurs,Active,Service
N3910G,"Conveyors, Towlines and Monorail","Transporteurs, remorques et monorail",Active,Service
N3915,Materials Feeders,Distributeurs-doseurs de matériaux,Active,Service
N3920,Materials Handling Equipment/NonSelf -Propelled,Équipements pour la manutention à bras des matériels,Active,Service
N3930,"Warehouse Trucks and Tractors, Self-Propelled","Camions et tracteurs automoteurs, d'entrepôts",Active,Service
N3930D,"Truck, Aircraft Cargo Loading/Unloading, Self-Propelled","Camion, automoteur, pour chargement et déchargement de marchandise à bord d'aéronefs",Active,Service
N3930E,"Truck, Forklift","Chariot, élévateur à fourche",Active,Service
N3930EC,"Truck, Forklift, Electric","Chariot, élévateur à fourche, électrique",Active,Service
N3930EH,"Truck, Forklift, Parts","Chariot, élévateur à fourche, pièces",Active,Service
N3940,"Blocks, Tackle, Rigging and Slings","Poulies, palans, mécanismes de manoeuvres et élingues",Active,Service
N3940E,"Sling, Endless","Élingue, fermée",Active,Service
N3940EC,"Sling, Non-Metallic","Élingue, non métallique",Active,Service
N3950,"Winches, Hoists, Cranes and Derricks","Treuils, monte-charge, grues, tours et derricks",Active,Service
N3950A,Capstans,Cabestans,Active,Service
N3950B,Cranes,Grues,Active,Service
N3950BJ,"Cranes, Shipboard",Grues à bord d'un navire,Active,Service
N3950BK,"Cranes, Floor, Portable",Grues d'atelier,Active,Service
N3950BL,"Cranes, Jib",Grues à potence,Active,Service
N3950BM,"Cranes, Hydraulic, Stationary or Mobile, Not Truck Mounted","Grues, hydrauliques, fixes ou mobiles, non montées sur un camion",Active,Service
N3950C,Derricks,Derricks,Active,Service
N3950D,Hoists,Palans,Active,Service
N3950F,Winches,Treuils,Active,Service
N3950FBC,"Winches, Powered, General Purpose","Treuils, motorisés, usage général",Active,Service
N3950FD,"Winches, Marine","Treuils, marins",Active,Service
N3950FE,"Winches, Oceanographic","Treuils, océanographiques",Active,Service
N3950FG,"Winches, Worm Gear Drive","Treuils, entraînement par engrenage à vis sans fin",Active,Service
N3950FH,"Winches, Truck and Trailer","Treuils, camion et remorque",Active,Service
N3950G,Windlass,Guindeau,Active,Service
N3960,Freight Elevators,Monte-charge,Active,Service
N3960A,"Dumbwaiter, Shipboard","Monte-plat, bord de navire",Active,Service
N3960B,Elevators,Élévateurs,Active,Service
N3990,"Materials Handling Equipment, Miscellaneous",Équipement général pour la manutention du matériel,Active,Service
N3990B,"Compacting Unit, Refuse, Stationary, Standard Commercial","Unité compacte, rebut, fixe, commercial standard",Active,Service
N3990E,"Pallets, Material Handling","Palettes, manutention",Active,Service
N3990EB,"Pallets, Material Handling, Steel","Palettes, manutention, acier",Active,Service
N3990ED,"Pallets, Material Handling, Plastic","Palettes, manutention, plastique",Active,Service
N3990F,"Ramp, Loading, General Purpose","Rampe, chargement, usage général",Active,Service
N3990G,"Skid, Platform, General Purpose","Plate-forme, manutention, usage général",Active,Service
N3990N,"Containers, Cargo Handling, Metal Non-Refrigerated (For Container Shipping Method)","Conteneurs, manutention de marchandises, métal, non réfrigérés, pour méthode d'expédition de conteneurs",Active,Service
N3990Q,"Lift, Hydraulic, Aerial Work","Monte-charge, hydraulique, travail aérien",Active,Service
N3990R,"Lift Platform, Load Dock","Plate-forme de chargement, embarcadère",Active,Service
N4010,Chain and Wire Rope,Chaînes et câbles métalliques,Active,Service
N4010A,"Chain, Steel Link, Welded, Brass and Bronze (Except Anchor Chain)","Chaîne, maillons en acier, soudée, laiton et bronze (sauf chaîne d'ancre)",Active,Service
N4010AD,Chain (Except Anchor Chain) Assembly,Chaîne équipée (sauf chaîne d'ancre),Active,Service
N4010C,"Wire Rope-Cable Assembly, Multiapplication","Câble métallique, câble équipé",Active,Service
N4010DA,"Wire Rope, Stainless Steel, Nonmagnetic","Câble métallique, acier inoxydable, non magnétique",Active,Service
N4010DB,"Wire Rope, Steel, Flameseal","Câble métallique, acier, ininflammable",Active,Service
N4010DC,"Wire Rope, Galvanized, for Safety Belts","Câble métallique, galvanisé, pour filets de sécurité",Active,Service
N4010E,"Cable, Anchor and Chain","Câbles, ancre et chaîne",Active,Service
N4010F,"Chain, Anchor and Mooring","Chaînes, ancrage et amarrage",Active,Service
N4020,"Fibre Rope, Cordage and Twine","Câbles de fibre, cordage et ficelles",Active,Service
N4020A,"Cord, Fibrous",Corde de fibre,Active,Service
N4020D,"Rope, Fibrous","Cordage, fibre",Active,Service
N4020G,"Tape, Lacing and Tying","Ruban, laçage et liage",Active,Service
N4030,"Fittings for Rope, Cable and Chain","Agencements pour cordes, câbles et chaînes",Active,Service
N4110,Refrigeration Equipment,Équipement de réfrigération,Active,Service
N4110AA,"Freezer, Deep, Domestic","Congélateur, profond, domestique",Active,Service
N4110B,"Refrigerator, Domestic","Réfrigérateur, domestique",Active,Service
N4110BA,"Refrigerator, Electric, Domestic","Réfrigérateur, électrique, domestique",Active,Service
N4110BD,"Refrigerator, Special, Small or Undercounter","Réfrigérateur, spécial, petit, ou à encastrer",Active,Service
N4110C,Chilling Equipment,Équipement de réfrigération,Active,Service
N4110CB,Water Chilling Equipment Systems,Systèmes d'équipement de réfrigération d'eau,Active,Service
N4110D,"Machinery, Ice Making (Industrial)","Machinerie, fabrication de glace, industriel",Active,Service
N4110E,"Plants, Refrigeration (Industrial)","Outillages, réfrigération, industriels",Active,Service
N4110F,Refrigeration and Air Conditioning Accessories (Industrial),"Accessoires de réfrigération et d'air climatisé, industriels",Active,Service
N4110G,"Refrigerators and Freezers, Walk-In (Industrial)","Chambres frigorifiques et congélateurs, industriels",Active,Service
N4110H,"Freezer, Ice Cream, Commercial","Congélateur, crème glacée, commercial",Active,Service
N4110J,"Dispensers, Drinking Water, Mechanically Cooled","Distributeur, eau potable, refroidi mécaniquement",Active,Service
N4110JA,"Dispensers, Drinking Water, Mechanically Cooled, Except Marine","Distributeur, eau potable, refroidi mécaniquement, sauf marins",Active,Service
N4110K,"Containers, Cargo Handling, Refrigerated (For Container Shipping Method)","Conteneurs, manutention de marchandises, réfrigérés, pour méthode d'expédition de conteneurs",Active,Service
N4110M,"Freezer, Deep, Commercial","Congélateur, profond, commercial",Active,Service
N4110N,"Counters, Refrigerated","Comptoir, réfrigéré",Active,Service
N4110P,"Refrigeration Equipment Components, Except Marine","Composants d'équipement de réfrigération, sauf marins",Active,Service
N4110Q,"Refrigeration Units, Vehicular","Unités de réfrigération, véhicules",Active,Service
N4120,Air Conditioning Equipment,Équipement de climatisation,Active,Service
N4120A,Air Conditioning Equipment (Domestic Only),"Équipement de climatiseurs, domestiques seulement",Active,Service
N4120AA,Air Conditioning Room and Window Units (Domestic Only),"Climatiseurs pour chambres et fenêtres, domestique seulement",Active,Service
N4120B,"Air Conditioning Equipment, Industrial",Équipement de climatisation industriel,Active,Service
N4120BA,"Air Conditioning Equipment, Refrigeration (Industrial)","Équipement de climatisation, réfrigération, industriel",Active,Service
N4120BB,Air Conditioning Units (Industrial),"Climatiseurs, industriels",Active,Service
N4120BC,Air Conditioning System-Spray Cooled (Industrial),"Système d'air climatisé, vaporisateur refroidi industriel",Active,Service
N4120BD,"Air Conditioning Units, Computer Room",Climatiseurs pour salles d'ordinateurs,Active,Service
N4120BDB,"Air Conditioning Units, Computer Room, Upward Flow","Climatiseurs pour salles d'ordinateurs, débit vers le haut",Active,Service
N4120BF,Air Conditioning Equipment (Industrial) N.E.S.,"Équipement de climatisation industriel, N.E.A.",Active,Service
N4120C,Air Handling Units (Industrial),"Déviateurs d'air, industriels",Active,Service
N4120D,Chillers (Industrial),"Réfrigérateurs, industriels",Active,Service
N4130,Refrigeration and Air Conditioning Components,Composants d'équipement pour la réfrigération et la climatisation,Active,Service
N4130A,Air Conditioning and Heating Combination Components (Domestic),"Composants de climatiseurs et de chauffage combinés, domestiques",Active,Service
N4130B,Air Conditioning Equipment Components (Industrial),"Composants d'équipement de climatisation, industriels",Active,Service
N4130C,Air Conditioning Heater Units (Industrial),"Chauffage, climatiseurs, industriels",Active,Service
N4130D,"Compressors, Reciprocating, Power Driven, Air Conditioning Equipment (Industrial) Except Marine, Armoured Fighting Vehicles and Aircraft","Compresseurs, alternatifs à moteur, équipement de climatisation, industriels, sauf véhicules marins, blindé de combat et aéronefs",Active,Service
N4130E,"Condensing Units, Refrigerating (Industrial)","Groupe compresseur-condensateur, frigorifique, industriels",Active,Service
N4130F,Cooling Tower Liquid (Industrial),"Tour de refroidissement, à liquide, industrielle",Active,Service
N4130G,Fan Coil Units (Industrial),"Bobines de ventilateurs, industriels",Active,Service
N4130H,"Filter, Air (Industrial)","Filtres, à air, industriels",Active,Service
N4130HC,"Filters, Air, Disposable","Filtres à air, jetables",Active,Service
N4130J,Heating Coils (Industrial),"Bobines thermiques, industrielles",Active,Service
N4130JA,Refrigeration Systems and Components (Marine),"Composants d'équipements et systèmes pour la réfrigération, marins",Active,Service
N4130K,"Refrigeration, A/C Supplies (Valves, Fittings, Etc.) (Industrial)","Réfrigération, fournitures de climatiseurs (valves, raccords, etc.) industriel",Active,Service
N4130L,"Condensers, Refrigeration (Industrial)","Condenseurs, réfrigération, industriels",Active,Service
N4130LA,"Condensers, Refrigeration, Water-Cooled (Industrial)","Condenseurs, réfrigération, refroidis à l'eau, industriels",Active,Service
N4130LB,"Condenseurs, réfrigération, Air-Cooled (Industrial)","Condenseurs, réfrigération, refroidis à l'air, industriels",Active,Service
N4130M,"Water Chillers, Except Marine, Armoured Fighting Vehicles and Aircraft","Refroidisseurs d'eau, sauf véhicules marins, blindés de combat et aéronefs",Active,Service
N4130N,"Refrigeration and Air Conditioning Components, Armoured Fighting Vehicle, S.M.P.","Composants d'équipements pour la réfrigération et la climatisation de véhicule blindé de combat, modèle militaire standard",Active,Service
N4130P,"Compressors, Refrigeration (Industrial) Except Marine, Armoured Fighting Vehicle, and Aircraft","Compresseurs rotatifs pour réfrigération, industriels, sauf marins, véhicules blindés de combat et aéronefs",Active,Service
N4130PA,"Compressors, Refrigeration, Rotary (Industrial) Except Marine, Armoured Fighting Vehicle and Aircraft","Compresseurs rotatifs pour réfrigération, industriels, sauf marins, véhicules blindés de combat et aéronefs",Active,Service
N4140,"Fans, Air Circulators and Blower Equipment","Équipement de ventilation, de circulation d'air et de souffleries",Active,Service
N4140A,Axial Fans (Industrial),"Ventilateurs axiaux, industriels",Active,Service
N4140C,"Fans (Except Industrial) Except Marine, Armoured Fighting Vehicles and Aircraft","Ventilateurs, sauf industriels et véhicules marins, blindés de combat et aéronefs",Active,Service
N4140CA,"Fans, Centrifugal, General Purpose (Air Circulation, Blower and for Cooling) (Domestic) Except Marine, Armoured Fighting Vehicles and Aircraft","Ventilateurs, centrifuges, usage général, brasseur d'air, souffleur et pour refroidissement, domestiques sauf véhicules marins, blindés de combat et aéronefs",Active,Service
N4140CE,"Fans, Portable, Office Desk and Column","Ventilateurs, portatifs de bureau et à colonne",Active,Service
N4140CF,"Fans, Tube and Vane, Axial, Except Marine, Armoured Fighting Vehicles and Aircraft","Ventilateurs, hélicoïdes, pour tuyauterie et à volets, sauf véhicules marins, blindés de combat et aéronefs",Active,Service
N4140G,"Fans, Exhaust (Industrial)","Ventilateurs, aspirants, industriels",Active,Service
N4150,Vortex Tubes and Other Related Cooling Tubes,Tubes Vortex et tubes de refroidissement connexes,Active,Service
N4210,Fire Fighting Equipment,Équipement de lutte contre l'incendie,Active,Service
N4210A,"Alarm, Automatic Sprinkler","Avertisseur, extinction automatique par aspersion",Active,Service
N4210B,Ground Fire Fighting Equipment,"Équipement de lutte contre l'incendie, au sol",Active,Service
N4210E,"Hydrants, Fire",Borne d'incendie,Active,Service
N4210F,"Extinguishers, Fire, Marine Only","Extincteurs, marine seulement",Active,Service
N4210H,"Extinguisher, Fire and Recharges, Except Marine, Armoured Fighting Vehicles and Aircraft","Extincteur, et groupes de recharge, sauf véhicules marins, blindés de combat et aéronefs",Active,Service
N4210K,"Pumping Equipment, Portable (Firefighting, Ground)","Matériel de pompage, portatif - lutte contre l'incendie, au sol",Active,Service
N4210N,Extinguisher Agents,Agents extincteurs,Active,Service
N4210P,Firefighting Equipment - Complete Fire Trucks and Trailers Only,Équipement de lutte contre l'incendie - camions et remorques de pompiers complets,Active,Service
N4210PA,"Tracked Vehicle, Firefighting","Véhicule à chenilles, lutte contre l'incendie",Active,Service
N4210PB,"Trailer, Fire Pumper","Remorque, pompe à incendie",Active,Service
N4210PC,"Truck, Fire, Crash","Camion, incendie, antichoc",Active,Service
N4210PD,"Truck, Firefighting",Camion de lutte contre l'incendie,Active,Service
N4210W,"Firefighting Equipment, Special, Customer or Systems Engineered Products","Équipement de lutte contre l'incendie, spécial, produits conçus pour le client ou pour les systèmes",Active,Service
N4210Y,"Firefighting Equipment, Armoured Fighting Vehicle, S.M.P.","Équipement de lutte contre l'incendie, véhicule blindé de combat, modèle militaire standard",Active,Service
N4220,Marine Life Saving and Diving Equipment,Équipements marins de plongée et de sauvetage,Active,Service
N4220E,Life Preservers,Accessoires de sauvetage,Active,Service
N4220F,Life Rafts Inflatable,Radeaux de sauvetage gonflables,Active,Service
N4220G,Diver Suit and Accessories,Accessoires et costumes de plongeurs,Active,Service
N4220L,"Pressure Vessels, Compressed Air","Navires à pression, air comprimé",Active,Service
N4230,Decontaminating and Impregnating Equipment,Équipements d'imprégnation et de décontamination,Active,Service
N4230B,Decontaminating Equipment and Components NBCW (Vehicles Excepted),"Équipement de contamination et composants, GNBC, sauf véhicules",Active,Service
N4230C,Personnel Decontamination Lotion (C.W. Agents),"Lotion de décontamination pour le personnel, agent GC",Active,Service
N4235,Hazardous Material Spill Containment and Clean-up Equipment and Material,Retenue des fuites et débordements de produits dangereux et matérial de nettoyage,Active,Service
N4235D,Absorbents - Chemicals,Absorbants - produits chimiques,Active,Service
N4235F,Anti-Pollution Oil Booms,Estacade flottante antipollution,Active,Service
N4235P,Contaminant Containment Equipment,Matériel de confinement des contaminants,Active,Service
N4240,Safety and Rescue Equipment,Équipement de protection et de sauvetage,Active,Service
N4240LA,Hydraulic Shear,Cisailles hydrauliques,Active,Service
N4240NA,"Mask, Chemical/Biological (Non-Marine)","Masque, produit chimique, biologique, non-marin",Active,Service
N4240NAG,"Filter, Air, Chemical-Biological (CW)","Filtre à air, chimique, biologique, GC",Active,Service
N4240NAL,"Filter, Gas (CW)","Filtre pour gaz, GC",Active,Service
N4240NAM,"Filter, Gas-Particulate (CW)","Filtre à gaz à particules, GC",Active,Service
N4240R,Personnel Stairway Evacuation (Chair),"Évacuation du personnel par les escaliers, chaise",Active,Service
N4250,Recycling and Reclamation Equipment,Matériel de recyclage et de regénération,Active,Service
N4310,Compressors and Vacuum Pumps,Compresseurs et pompes à vide,Active,Service
N4310A,"Compressors, Portable",Compresseurs portatifs,Active,Service
N4310AA,"Compressors, Portable or Mobile, Except Marine","Compresseurs, portatifs ou mobiles, sauf marins",Active,Service
N4310B,"Compressors, Reciprocating (Except Refrigeration)","Compresseurs, alternatifs, sauf frigorifiques",Active,Service
N4310BA,"Compressors, Reciprocating (Except Refrigeration) Except Marine","Compresseurs, alternatifs, sauf frigorifiques, sauf marins",Active,Service
N4310BD,"Compressors, Reciprocating, Portable, Except Refrigeration, Except Marine","Compresseurs, alternatifs, portatifs, sauf frigorifiques et marins",Active,Service
N4310BG,"Compressors, Reciprocating, Fixed Displacement, (Except Refrigeration) Except Marine","Compresseurs, alternatifs, fixes, sauf frigorifiques et marins",Active,Service
N4310C,"Compressors, Rotary (Except Refrigeration)","Compresseurs, rotatifs, sauf frigorifiques",Active,Service
N4310CG,"Compressors, Rotary, Portable (Except Refrigeration) Except Marine","Compresseurs, rotatifs, portatifs, sauf frigorifiques et marins",Active,Service
N4310CH,"Compressors, Rotary, Screw Type (Except Refrigeration) Except Marine","Compresseurs, rotatifs, type à vis, sauf frigorifiques et marins",Active,Service
N4310CHA,"Compressors, Rotary, Screw Type, Less Than 150 CFM (Except Refrigeration) Except Marine","Compresseurs, rotatifs, type à vis, moins de 150 pieds cubes/min., sauf frigorifiques et marins",Active,Service
N4310CHB,"Compressors, Rotary, Screw Type, 150 to 1500 CFM, (Except Refrigeration), Except Marine","Compresseurs, rotatifs, type à vis, 150 à 1500 pieds cubes/min., sauf frigorifiques et marins",Active,Service
N4310CHC,"Compressors, Rotary, Screw Type, Greater Than 1500 CFM, (Except Refrigeration) Except Marine","Compresseurs, rotatifs, type à vis, plus de 1500 pieds cubes/min., sauf frigorifiques et marins",Active,Service
N4310D,"Pump, Vacuum",Pompes à vide,Active,Service
N4310DAB,"Pumps, Vacuum, 10 to 100 CFM, Except Marine","Pompes à vide, 10 à 100 pieds cubes/min., sauf marines",Active,Service
N4310E,"Compressors, Super Pressure","Compresseurs, super pression",Active,Service
N4310EA,"Compressors, Super Pressure, Except Marine","Compresseurs, super pression, sauf marins",Active,Service
N4310F,"Compressor, Accessories","Compresseurs, accessoires",Active,Service
N4320,Power and Hand Pumps,Pompes à moteur et pompes à main,Active,Service
N4320A,"Pumps, Axial Flow","Pompes, écoulement axial",Active,Service
N4320AB,"Pumps, Axial Flow, Turbine","Pompes, écoulement axial, turbine",Active,Service
N4320B,"Pumps, Centrifugal",Pompes centrifuges,Active,Service
N4320BA,"Pumps, Centrifugal, Chemical Process","Pompes centrifuges, procédé chimique",Active,Service
N4320BB,"Pumps, Centrifugal, Circulation/Distillation","Pompes centrifuges, de circulation et distillation",Active,Service
N4320BC,"Pumps, Centrifugal, Condensate/Boiler Feed","Pompes centrifuges, eau de condensation et alimentation de chaudière",Active,Service
N4320BCA,"Pumps, Centrifugal, Condensate/Boiler Feed, Less Than 5000 L/M, Except Marine","Pompes centrifuges, eau de condensation et alimentation de chaudière, moins de 5000 L/M, sauf marines",Active,Service
N4320BF,"Pumps, Centrifugal, Fire Pumps","Pompes centrifuges, pompes à incendie",Active,Service
N4320BG,"Pumps, Centrifugal, Regenerative Turbine","Pompes centrifuges, turbine à réaction",Active,Service
N4320BJ,"Pumps, Centrifugal, Sump","Pompes d'assèchement, centrifuges",Active,Service
N4320BJB,"Pumps, Centrifugal, Sump, 1000 to 10,000 L/M, Except Marine","Pompes d'assèchement, centrifuges, 1000 à 10,000 L/M, sauf marines",Active,Service
N4320C,"Pumps, Corrosion Resistant","Pompes, résistant à la corrosion",Active,Service
N4320D,"Pumps, Hand Operated",Pompes à main,Active,Service
N4320DA,"Pumps, Hand Operated, Hydraulic","Pompes à main, hydrauliques",Active,Service
N4320DB,"Pumps, Hand Operated, Water Service","Pompes à main, service d'eau",Active,Service
N4320DBA,"Pumps, Hand Operated, Water Service, Except Marine","Pompes à main, service d'eau, sauf marines",Active,Service
N4320E,"Pumps, Reciprocating",Pompes alternatives,Active,Service
N4320EB,"Pumps, Reciprocating, Portable","Pompes, alternatives, portatives",Active,Service
N4320ED,"Pumps, Reciprocating, Diaphragm","Pompes alternatives, diaphragme",Active,Service
N4320F,"Pumps, Rotary",Pompes rotatives,Active,Service
N4320FA,"Pumps, Rotary Positive Displacement, Gear Type","Pompes rotatives, déplacement positif, type engrenage",Active,Service
N4320FB,"Pumps, Rotary Positive Displacement, Lobe Type","Pompes rotatives, déplacement positif, type à oreille",Active,Service
N4320FF,"Pumps, Rotary Positive Displacement, Progressive Cavity","Pompes rotatives, déplacement positif, cavité progressive",Active,Service
N4320G,"Pumps, Sewage","Pompes, eaux résiduaires",Active,Service
N4320H,"Pumps, Submersible or Floating",Pompes submersibles ou flottantes,Active,Service
N4320HA,"Pumps, Submersible or Floating, Except Marine","Pompes submersibles ou flottantes, sauf marines",Active,Service
N4320J,"Pumps, Super Pressure","Pompes, super pression",Active,Service
N4320K,"Pumps, Deep Well Turbine","Pompes, turbine pour puits profonds",Active,Service
N4320KAB,"Pumps, Deep Well Turbine, Greater Than 20,000 L/M, Except Marine","Pompes, turbine pour puits profonds, plus de 20,000 L/M, sauf marines",Active,Service
N4320L,"Pumps, Metering",Pompes à débit étalonné,Active,Service
N4320LAA,"Pumps, Metering, Less Than 60 L/M, Except Marine","Pompes à débit étalonné, moins de 60 L/M, sauf marines",Active,Service
N4320M,"Pumps, Hydraulic, Multi-Application, N.E.S.","Pompes hydrauliques, usages multiples, N.E.A.",Active,Service
N4320N,"Pumps, Mixed Flow","Pompes, écoulement mixte",Active,Service
N4320PA,"Pumps, Plastic","Pompes, en plastique",Active,Service
N4320QA,"Pumps, Vertical Cantilever","Pompes, installation en porte-à-faux vertical",Active,Service
N4320RA,"Pumps, Solar Powered","Pompes, à énergie solaire",Active,Service
N4330,"Centrifugals, Separators, and Pressure and Vacuum Filters","Centrifugeurs, séparateurs et filtres à pression et à vide",Active,Service
N4330AA,"Centrifuge, Oil, Except Laboratory","Centrifugeurs, huile, sauf laboratoire",Active,Service
N4330B,"Filter, Centrifugal, Separator, Pressure and Vacuum","Filtres, centrifugeurs et séparateurs, à pression et dépression",Active,Service
N4330C,Oil Separators,Séparateurs d'huile,Active,Service
N4330D,Oil Treatment Unit,Unité de traitement d'huile,Active,Service
N4330E,"Separators, Screen","Séparateurs, tamis",Active,Service
N4330F,"Separators, Magnetic","Séparateurs, magnétiques",Active,Service
N4410,Industrial Boilers,Chaudières industrielles,Active,Service
N4410A,Boilers (Over 15 Pounds WSP/Over 100 Gallons Recovery Capacity),"Chaudières, pression de vapeur de fonctionnement de 15 livres, capacité de récupération de plus de 100 gallons",Active,Service
N4410AA,"Boilers, Commercial","Chaudières, commerciales",Active,Service
N4410B,"Boilers, Marine",Chaudières marines,Active,Service
N4410D,"Boiler-Tubes, Studded, Marine","Tubes rouilleurs, goujonnes, marins",Active,Service
N4410E,"Controls, Combustion","Thermocommandes, dispositifs de réglage de la combustion",Active,Service
N4410F,Feedwater System (Package),Système pour eau d'alimentation (paquet),Active,Service
N4410G,"Generator, Steam, Portable","Générateur de vapeur, portatif",Active,Service
N4410J,Steam Generators,Générateurs de vapeur,Active,Service
N4410K,"Heaters, Water (Over 15 Pounds WSP/Over 100 Gallons Recovery Capacity)","Chauffe-eau, pression de vapeur de fonctionnement de 15 livres, capacité de récupération de plus de 100 gallons",Active,Service
N4410KA,"Heaters, Water, Commercial","Chauffe-eau, commerciaux",Active,Service
N4410KB,"Heaters, Water, Industrial","Chauffe-eau, industriels",Active,Service
N4410L,Boiler Components,Chaudières et composants,Active,Service
N4410LA,"Boiler Components, Industrial","Chaudières et composants, industrielles",Active,Service
N4410LB,"Boiler Components, Marine","Chaudières et composants, marins",Active,Service
N4420,Heat Exchangers and Steam Condensers,Échangeurs de chaleur et condenseurs de vapeur,Active,Service
N4420B,"Dearators, Marine","Dé-aérateurs, marines",Active,Service
N4420C,Heat Exchangers,Échangeurs de chaleur,Active,Service
N4420D,"Heat Exchangers and Steam Condensers, N.E.S.","Échangeurs de chaleur et condenseurs de vapeur, N.E.A.",Active,Service
N4420E,"Plants, Evaporating and Distilling, Marine","Installations d'évaporation et de distillation, marines",Active,Service
N4420F,"Pumps, Condensation","Pompes, condensation",Active,Service
N4420G,"Pressure Vessels, Heat Exchangers and Steam Condensers","Autoclaves, échangeurs de chaleur et condenseurs de vapeur",Active,Service
N4420H,"Heat Exchangers, Diesel Fuel Heater and Hydraulic Heater","Échangeurs de chaleur, chaufferette à combustible diesel et chaufferette hydraulique",Active,Service
N4430,"Industrial Furnaces, Kilns, Lehrs and Ovens","Foyers industriels, fours à céramique, étuves, fours",Active,Service
N4430A,"Furnaces, Industrial",Fours industriels,Active,Service
N4430AA,"Furnaces, Metal Melting, Electric Fired","Fours, fonderie, électriques",Active,Service
N4430AC,"Furnaces, Metal Melting, Oil Fired","Fours, fonderie, à l'huile",Active,Service
N4430AD,"Furnaces, Vacuum","Fours, à vide",Active,Service
N4430AE,"Furnaces, Industrial, N.E.S.","Fours industriels, N.E.A.",Active,Service
N4430B,Kilns,Fours de séchage,Active,Service
N4430C,"Ovens, Drying",Étuves,Active,Service
N4430CA,"Ovens, Drying, Paint","Étuves, peinture",Active,Service
N4430CB,"Ovens, Drying, N.E.S.","Étuves, N.E.A.",Active,Service
N4440,"Dryers, Dehydrators and Anhydrators","Dessécheurs, déshydrateurs et anhydrateurs",Active,Service
N4440A,"Evaporators, Drying Equipment","Évaporateurs, équipement de séchage",Active,Service
N4440B,"Separators, Scrubbers and Dryers","Séparateurs, épurateurs et dessiccateurs",Active,Service
N4440C,"Dryer, Compressed Air","Séchoir, à air comprimé",Active,Service
N4440D,Dehumidifiers Industrial,"Déshumidificateurs, industriels",Active,Service
N4440G,"Dehumidifiers, Space","Déshumidificateurs, espace",Active,Service
N4460,Air Purification Equipment,Équipements de purification d'air,Active,Service
N4460A,"Air Purification Equipment, N.E.S.","Équipement de purification d'air, N.E.A.",Active,Service
N4460B,"Collectors, Dust",Collecteurs de poussière,Active,Service
N4460C,Systems Industrial Exhaust,Systèmes d'échappement industriels,Active,Service
N4460D,Air Washing Units (Industrial),"Purificateurs d'air, industriels",Active,Service
N4460E,"Air Cleaners, Electronic","Épurateurs d'air, électroniques",Active,Service
N4460F,Filters Compressed Air,Filtres à air comprimé,Active,Service
N4470,Nuclear Reactors,Réacteurs nucléaires,Active,Service
N4470A,Nuclear Reactors and Associated Equipment,Réacteurs nucléaires et équipement connexe,Active,Service
N4510,Plumbing Fixtures and Accessories,Agencements et accessoires de plomberie,Active,Service
N4510A,Plumbing Fixtures,Agencements de plomberie,Active,Service
N4510AA,"Basin, Lavatory",Lavabos,Active,Service
N4510AB,Urinals and Water Closets,Urinoirs et cabinets d'aisance,Active,Service
N4510AC,Bathtubs,Bains,Active,Service
N4510AD,"Bowls, Toilet",Cuvettes de toilette,Active,Service
N4510AE,"Plumbing Fixtures, Institutional","Agencements de plomberie, institution",Active,Service
N4510AF,Shower Cabinets,Cabinets de douche,Active,Service
N4510AG,"Sink, Kitchen","Évier, cuisine",Active,Service
N4510AGA,"Sink, Stainless Steel, Mobile","Évier, acier inoxydable, mobile",Active,Service
N4510AH,"Toilet, Electric/Gas, Sanitation","Toilette, électrique ou à gaz, système sanitaire",Active,Service
N4510AK,Portable Toilets,Toilettes portatives,Active,Service
N4510E,Dispensers (Bathroom/Washroom Fixtures),"Distributeurs, accessoires de salle de bain",Active,Service
N4510EB,"Dispensers, Liquid Soap","Distributeurs, savon liquide",Active,Service
N4510EC,"Dispensers, Paper Towel","Distributeurs, serviettes papier",Active,Service
N4510EE,"Dispensers, Disinfecting, Automatic, Washrooms","Distributeurs, désinfectants, automatiques, salles de bain",Active,Service
N4510FB,"Holders, Toilet Paper, Metal","Supports, papier hygiénique, métal",Active,Service
N4510G,Plumbing Fixture Trim,Garniture d'appareil de plomberie,Active,Service
N4510GA,"Plumbing Supplies, Fittings, Faucets, Etc.","Fournitures, raccords, robinets de plomberie, etc.",Active,Service
N4510GAA,"Plumbing Supplies, Fitting, Faucets, N.E.S.","Fournitures de plomberie, raccord, robinets, N.E.A.",Active,Service
N4510GAB,"Plumbing Supplies, Energy Conserving Types","Fournitures de plomberie, types pour conserver l'énergie",Active,Service
N4510GC,"Valves, Mixing, Thermostatic","Soupape, mélange, thermostatique",Active,Service
N4510GD,"Seats, Toilet, Plastic","Sièges, toilette, plastique",Active,Service
N4520,Space and Water Heating Equipment,Équipement de chauffage des locaux et de l'eau,Active,Service
N4520A,"Furnaces, Warm Air, Oil, Gas or Solid Fuel (Domestic)","Fournaises, air chaud, huile, gaz ou combustible solide, domestiques",Active,Service
N4520B,Heaters,Radiateurs,Active,Service
N4520BA,"Heaters, Space, Electric","Radiateurs, électriques",Active,Service
N4520BAD,"Heaters, Space, Electric, Radiant","Radiateurs, électriques, radiants",Active,Service
N4520BB,"Heaters, Gas or Oil (Domestic)","Chauffe-eau, à gaz ou à l'huile, domestiques",Active,Service
N4520BE,"Heaters, Water (Domestic)","Chauffe-eau, domestiques",Active,Service
N4520BEB,"Heaters, Water, Gas (Domestic)","Chauffe-eau, à gaz, domestiques",Active,Service
N4520BED,"Heaters, Water, Steam, Thermostatic (Domestic)","Chauffe-eau, à vapeur, thermostatiques, domestiques",Active,Service
N4520BEE,"Heaters, Water, Oil (Industrial)","Chauffe-eau, huile, industriels",Active,Service
N4520BEF,"Heaters, Water, Steam, Thermostatic (Industrial)","Chauffe-eau, vapeur, thermostatiques, industriels",Active,Service
N4520D,"Radiators, Steam and Hot Water (Domestic)","Radiateurs, vapeur et eau chaude, domestiques",Active,Service
N4520E,"Tanks, Hot Water Storage (Domestic)","Réservoirs, eau chaude, domestiques",Active,Service
N4520F,"Valves, Radiator, Heating and Plumbing (Domestic)","Robinets, radiateur, chauffage et plomberie, domestiques",Active,Service
N4520G,Heating and Air Circulating Ductwork and Accessories,Canalisation et accessoires de chauffage et circulation d'air,Active,Service
N4520GA,Heating and Air Circulating Ductwork and Accessories (Domestic),"Canalisation et accessoires de chauffage et circulation d'air, domestiques",Active,Service
N4520GB,Heating and Air Circulating Ductwork and Accessories (Industrial and Commercial),"Canalisation et accessoires de chauffage et circulation d'air, industriel et commercial",Active,Service
N4520J,Non-Domestic Space and Water Heater Equipment,"Équipement pour chauffage et chauffe-eau, non domestiques",Active,Service
N4520JA,"Heaters, Space, Industrial, Portable","Chaufferettes industrielles, portatives",Active,Service
N4520JB,"Heaters, Extraction (Industrial)","Réchauffeurs par soutirage, industriels",Active,Service
N4520JC,Solar Space Heating Systems (Industrial),"Systèmes solaires de chauffage des locaux, industriels",Active,Service
N4520JD,"Humidifiers, Industrial","Humidificateurs, industriels",Active,Service
N4520JE,"Solar, Collectors, Heating Units (Industrial)","Collecteurs solaire, unités de chauffage, industriels",Active,Service
N4520K,"Stoves, Wood, Space Heating","Poêles, à bois, chauffage des locaux",Active,Service
N4520L,Humidifiers (Self Contained) Domestic,"Humidificateurs, autonomes, domestiques",Active,Service
N4520M,Geothermal Heating and Cooling Equipment,Équipement de chauffage et de refroidissement géothermiques,Active,Service
N4530,Fuel Burning Equipment Units,Éléments d'appareils de chauffage,Active,Service
N4530A,"Burners, Oil",Brûleur à mazout,Active,Service
N4530AA,"Burners, Oil, Commercial","Brûleur à mazout, commercial",Active,Service
N4530AC,"Burners, Gas, Commercial","Brûleur à gaz, commercial",Active,Service
N4530B,"Oil Burner, Components","Brûleur à l'huile, composants",Active,Service
N4540,Waste Disposal Equipment,Équipement d'élimination des déchets,Active,Service
N4540A,Garbage Disposal Units,Broyeurs à ordures,Active,Service
N4540AA,"Garbage Disposal Machine, Commercial","Broyeur à ordures, commercial",Active,Service
N4540AD,"Garbage Disposal Units, N.E.S.","Broyeurs à ordures, N.E.A.",Active,Service
N4540D,Incinerators,Incinérateurs,Active,Service
N4540DA,"Incinerator, Sewage and Solids","Incinérateur, eaux résiduaires et solides",Active,Service
N4540E,Septic Tanks,Fossés sceptiques,Active,Service
N4540G,"Disposal Equipment, Fluorescent Lamp (bulb)","Équipement d'élimination, lampe fluorescente (ampoule)",Active,Service
N4610,Water Purification Equipment,Équipement de purification des eaux,Active,Service
N4610A,"Anti-Pollution Chlorination Systems, Marine","Systèmes de chloruration antipollution, marins",Active,Service
N4610E,"Filter, Fluid, Water Purification","Filtre, pour liquides, purification de l'eau",Active,Service
N4610L,Water Purification Systems,Systèmes de purification des eaux,Active,Service
N4610LA,"Water Purification System, Reverse Osmosis","Système de purification des eaux, osmose inverse",Active,Service
N4610LB,"Water Purification System, Ultraviolet","Système de purification des eaux, ultraviolet",Active,Service
N4610LC,"Water Purification Equipment, N.E.S.","Équipement de purification des eaux, N.E.A.",Active,Service
N4610LD,"Water Purification Systems, Disinfectant Addition","Systèmes de purification des eaux, additionnés de désinfectant",Active,Service
N4610N,Water Separators,Séparateurs d'eau,Active,Service
N4610P,Water Softeners,Adoucisseurs d'eau,Active,Service
N4610Q,Water Softening Equipment,Équipement d'adoucissement des eaux,Active,Service
N4610R,Water Softening System,Système d'adoucissement des eaux,Active,Service
N4620,"Water Distillation Equipment, Marine and Industrial",Équipements marins et industriels de distillation des eaux,Active,Service
N4620A,Water Distillation Equipment,Équipement de distillation des eaux,Active,Service
N4620AA,Water Distillation Equipment (Except Marine),"Équipement de distillation des eaux, sauf marin",Active,Service
N4620AB,Water Distillation Equipment (Marine),"Équipement de distillation des eaux, marin",Active,Service
N4620ABA,"Water Distillation Equipment, Marine, Reverse Osmosis","Équipement marin de distillation des eaux, osmose renversée",Active,Service
N4620ABB,"Water Distillation Equipment, Marine, Steam Operated","Équipement marin de distillation des eaux, commandes par vapeur",Active,Service
N4620ABC,"Water Distillation Equipment, Marine, Heat Recovery","Équipement marin de distillation des eaux, recouvrement de chaleur",Active,Service
N4630,Sewage Treatment Equipment,Équipement de traitement des eaux usées,Active,Service
N4630AC,"Screens, Sewage Treatment Plant","Filtres, système de traitement des eaux résiduaires",Active,Service
N4630AF,Clarifier/Settling Tank,"Réservoir de clarification, décantation",Active,Service
N4630AG,Field Erected Treatment Plants,Usines de traitement construites sur le terrain,Active,Service
N4630AK,Aerator Mechanical,Aérateur de mécanique,Active,Service
N4630AL,Sludge Collector,Collecteur de débris,Active,Service
N4630AP,Sludge De-Watering Equipment,Équipement de déshydratation de débris,Active,Service
N4630AS,Package Plant - Marine,"Système de traitement, marin",Active,Service
N4630BA,"Distillation Plant, Sewage Treatment","Unité de distillation, traitement des eaux résiduaires",Active,Service
N4630BC,"Chlorination Plant, Sewage Treatment",Traitement des eaux résiduaires - installation de chloruration,Active,Service
N4630BE,"Mixers, Sewage Treatment Plant","Malaxeurs, système de traitement des eaux résiduaires",Active,Service
N4630BF,Lift Stations,Centrales d'élévation,Active,Service
N4630BG,Submersible Sewage Pumps,Pompes submersibles pour les eaux résiduaires,Active,Service
N4630BH,"Solids Pumps, Sewage Treatment Plant","Pompes pour les solides, système de traitement des eaux résiduaires",Active,Service
N4630BJ,"Blowers, Sewage Aeration","Ventilateurs, aération des eaux résiduaires",Active,Service
N4630BL,"Instruments and Controls, Sewage Treatment Plant","Instruments et commandes, système de traitement des eaux résiduaires",Active,Service
N4630BM,"Samplers, Sewage Treatment Plant","Appareils de prélèvement, système de traitement des eaux résiduaires",Active,Service
N4710,"Pipe, Tube and Rigid Tubing","Conduites, tubes et tubes rigides",Active,Service
N4710A,Pipe (Except Aircraft),"Tuyau, sauf aéronef",Active,Service
N4710AA,Pipe Brass (Except Aircraft),"Tuyau, laiton, sauf aéronef",Active,Service
N4710AB,"Pipe, Culvert, Except Nestable","Buse de drainage, sauf demi coquilles",Active,Service
N4710AE,"Pipe, Galvanized and Black (Except Aircraft)","Tuyau, galvanisé et noir, sauf aéronef",Active,Service
N4710AF,"Pipe, Hydraulic (Except Aircraft)","Tuyau, hydraulique, sauf aéronef",Active,Service
N4710AH,"Pipe, Plastic (Except Aircraft)","Tuyau, plastique, sauf aéronef",Active,Service
N4710AJ,"Pipe, Soil, Cast Iron","Tuyau, sol, fonte",Active,Service
N4710AK,"Pipe, Stainless Steel (Except Aircraft)","Tuyau, acier inoxydable, sauf aéronef",Active,Service
N4710AL,"Pipe, Welded Steel (Except Aircraft)","Tuyau, acier corroyé, sauf aéronef",Active,Service
N4710AM,"Pipe, Steel, Polyurethane Insulated","Tuyau, acier isolé de polyuréthane",Active,Service
N4710AN,"Pipe, Copper, Polyurethane Insulated","Tuyau, cuivre isolé de polyuréthane",Active,Service
N4710B,"Piping, Prefabricated Steel and Iron","Tuyauterie, préfabriquée, acier et fer",Active,Service
N4710C,"Tube, Metallic and Nonmetallic (Except Special Purpose)","Tube, métallique et non métallique, sauf usage spécial",Active,Service
N4710DE,"Tube Assemblies, Aircraft","Tuyauterie, aéronef",Active,Service
N4710E,"Pipe, Sewer",Tuyau d'égout,Active,Service
N4720,Hose and Flexible Tubing,"Tubes et tuyaux, flexibles",Active,Service
N4720A,"Hose, Flexible (Except Fire Hose)",Sauf tuyau d'incendie,Active,Service
N4720AA,"Hose, Air Breathing, Multiapplication","Tuyau flexible, inhalateur, usage multiple",Active,Service
N4720AB,"Hose, Air Duck, Ventilating",Conduite d'aération,Active,Service
N4720AC,"Hose, Hydraulic Multiapplication","Tuyau flexible, hydraulique usage multiple",Active,Service
N4720AD,"Hose, Hydraulic and Pneumatic, High Pressure","Tuyau flexible, hydraulique et pneumatique, haute pression",Active,Service
N4720AF,"Hose, Metallic, Flexible","Tuyau flexible, métallique",Active,Service
N4720AHB,"Hose, Plastic, Tetrafluoroethylene, High Temperature, Medium Pressure","Tuyau flexible, plastique, tétrafluoroéthylène, haute température, pression moyenne",Active,Service
N4720AJ,"Hose, Rubber","Tuyau flexible, caoutchouc",Active,Service
N4720B,Hose Assemblies,"Tuyaux flexibles, équipés",Active,Service
N4720BB,"Hose Assemblies, Corrugated Steel","Tuyaux flexibles, acier ondulé, équipés",Active,Service
N4720BC,"Hose Assemblies, Fuel","Tuyaux flexibles équipés, carburant",Active,Service
N4720BK,"Hose Assemblies, Rubber, Fuel, Collapsible","Tuyaux flexibles, caoutchouc, carburant, pliant, équipés",Active,Service
N4720C,Tubing Rubber,"Tuyau, caoutchouc",Active,Service
N4720E,Hose Aircraft,"Tuyau flexible, aéronef",Active,Service
N4720EA,"Hose, Aircraft, All Pressures (Approved)","Tuyau flexible, aéronef, tous pressions, approuvé",Active,Service
N4720F,"Hose Assemblies, Aircraft","Tuyaux flexibles, aéronef, équipés",Active,Service
N4720H,"Tubing, polyethylene","Tuyau, polyéthylène",Active,Service
N4720J,"Tubing, Polyvinylchloride","Tuyau, chlorure de polyvinyle",Active,Service
N4720K,"Hose, Flotation, Oil Resistant","Tuyau flexible, flottant, résistant à l'huile",Active,Service
N4730,"Hose, Pipe, Tube, Lubrication, and Railing Fittings","Raccords pour tuyaux souples, tuyaux, tubes, et rampes et balustrades et raccords de graissage",Active,Service
N4730A,"Clamp, Hose","Collier, tuyau flexible",Active,Service
N4730B,"Couplings, Hose-Pipe","Raccords, à filet rond et pour tuyaux",Active,Service
N4730BB,"Couplings, Pipe","Raccords, tuyaux",Active,Service
N4730BC,"Coupling, Assemblies, Quick Disconnect, Non-Airborne","Raccord, débranchement rapide, sauf aéronef",Active,Service
N4730C,"Fittings, Hose, Pipe and Tube (Except Aircraft)","Raccords, tuyaux flexibles, tuyaux et tubes, sauf aéronef",Active,Service
N4730CA,"Fittings, Hose","Raccords, tuyaux flexibles",Active,Service
N4730CB,"Fittings, Hose, Tetrafluoroethylene, Medium Pressure","Raccords de boyau, tétrafluoroéthylène, pression moyenne",Active,Service
N4730CD,"Fittings, Pressure","Raccords, pression",Active,Service
N4730CF,"Fittings, Pipe, Plastic, PVC","Raccord, tube, matière plastique, PVC",Active,Service
N4730F,"Joints, Expansion",Joints d'expansion,Active,Service
N4730J,"Traps, Steam (Except Marine)","Purgeurs, vapeur, sauf marins",Active,Service
N4730M,"Fittings, Pipe, Cast Iron and Steel (Underground Use)","Raccords, tuyaux, fonte et acier, usage souterrain",Active,Service
N4810,"Valves, Powered","Soupapes et robinets, à commande électromécanique ou hydraulique",Active,Service
N4810A,"Valves, Angle and Cross, Powered","Robinets d'angle et à trois voies, à commande mécanique",Active,Service
N4810AE,"Valve, Butterfly, Powered","Robinet à papillon, à commande mécanique",Active,Service
N4810AL,"Valve, Gate, Powered","Robinet, vanne, à commande mécanique",Active,Service
N4810AN,"Valve, Globe, Powered","Robinet, à soupape, à commande mécanique",Active,Service
N4810AU,"Valve, Marine, Specially Designed, Powered","Soupape marine, conçue spécialement, à commande mécanique",Active,Service
N4810AY,"Valve, Needle, Powered","Soupape, à pointeau, à commande mécanique",Active,Service
N4810BE,"Valve, Rotary Cam, Directional Control, Powered","Robinet, came rotative, multidirections, à commande mécanique",Active,Service
N4810BG,"Valve, Solenoid, Powered","Vanne, électromagnétique, à commande mécanique",Active,Service
N4810D,"Valves, Globe and Gate, Powered","Robinets-vannes et soupapes sphériques, à commande mécanique",Active,Service
N4810G,"Valves, Miniature, Special Application (All Types) Powered","Soupapes-miniatures, usage spécial, tous les types, à commande mécanique",Active,Service
N4810J,"Valves, Marine, Specially Designed, Powered","Soupapes marines, conçues spécialement, à commande mécanique",Active,Service
N4810L,"Valves, Solenoid, Powered","Robinets solénoïdes, à commande mécanique",Active,Service
N4820,"Valves, Nonpowered","Soupapes et robinets, à commande directe",Active,Service
N4820AB,"Valves, Automatic Regulating Blender, Expansion, Pressure, Temperature and Tempering, Non-Powered","Robinets, mélangeurs de réglage automatique, détendeurs, de pression, de température et de revenu, à commande directe",Active,Service
N4820AD,"Valves, Bleeder Hydraulic System and Breather, Non-Powered","Robinets purgeurs à système hydraulique et reniflard, à commande directe",Active,Service
N4820AE,"Valve, Air Pressure Relief, Non-Powered","Soupape de décharge, à commande directe",Active,Service
N4820AF,"Valves, Check, Fire Check, Lift Check, Restriction Check and Dashpot, Non-Powered","Soupapes de retenue, avertisseur d'incendie, à levée, à diaphragme et dashpot, à commande directe",Active,Service
N4820AJ,"Valve, Ball, Non-Powered","Robinet, à tournant sphérique, à commande directe",Active,Service
N4820AL,"Valve, Ball Check, Non-Powered","Robinet de non retour à tournant sphérique, à commande directe",Active,Service
N4820AP,"Valves, Globe, Y and Plastic, Non-Powered","Soupapes sphériques, en Y et plastique, à commande directe",Active,Service
N4820AS,"Valve, Check, Non-Powered","Claret de non-retour, à commande directe",Active,Service
N4820AZ,"Valves, Regulating Fluid Pressure and Temperature, Non-Powered","Robinets de réglage de la pression et température des fluides, à commande directe",Active,Service
N4820BE,"Diaphragm Relief Valve, Non-Powered","Soupape, de sûreté, à membrane, à commande directe",Active,Service
N4820BN,"Valve, Exhaust Control, Non-Powered","Robinet contrôleur de gaz d'échappement, à commande directe",Active,Service
N4820C,"Valves, Flushing",Soupapes de curage,Active,Service
N4820CC,"Valve, Gate, Non-Powered","Robinet, vanne, à commande directe",Active,Service
N4820CE,"Valve, Marine, Specially Designed, Non-Powered","Soupape marine, conçue spécialement, à commande directe",Active,Service
N4820CJ,"Valve, Globe, Non-Powered","Robinet, à soupape, à commande directe",Active,Service
N4820CK,"Valves, Hydraulic",Valves hydrauliques,Active,Service
N4820CN,"Valve, Needle, Non-Powered","Soupape, à pointeau, à commande directe",Active,Service
N4820CQ,"Valve, Plug, Non-Powered","Robinet, à tournant conique, à commande directe",Active,Service
N4820DA,"Valve, Regulating Fluid Pressure, Non-Powered","Soupape, régulatrice, pression fluide, à commande directe",Active,Service
N4820DC,"Valve, Regulating Non-Fluid Pressure, Non-Powered","Soupape, régulatrice, pression non fluide, à commande directe",Active,Service
N4820DE,"Valve, Regulating Temperature, Non-Powered","Robinet, régulateur de température, à commande directe",Active,Service
N4820DG,"Valve, Relief, Non-Powered","Soupape de sûreté, à commande directe",Active,Service
N4820DL,"Valve, Relief, Pressure and Temperature, Non-Powered","Soupape de sûreté, pression et température, à commande directe",Active,Service
N4820DN,"Valve, Relief, Safety, Non-Powered","Soupape de sûreté et de décharge, à commande directe",Active,Service
N4820DQ,"Valve, Relief, Vacuum, Non-Powered","Soupape de sûreté, à vide, à commande directe",Active,Service
N4910,Motor Vehicle Maintenance and Repair Shop Specialized Equipment,Équipement spécialisé pour atelier de réparations et d'entretien de véhicules-moteur,Active,Service
N4910B,"Balancers, Automotive","Équilibreuses, automobiles",Active,Service
N4910D,"Bead Breakers, Tire","Décolleuse de talons, pneus, à main",Active,Service
N4910E,Brake Service Equipment,Équipement pour l'entretien et la réparation des freins,Active,Service
N4910H,"Dynamometer, Automotive","dynamomètre, automobiles",Active,Service
N4910L,"Lifts, Motor Vehicle","Ponts élévateurs, véhicule",Active,Service
N4910M,"Mounters and Demounters, Tire",Monte-pneus,Active,Service
N4910N,"Jacks, Automotive","Crics, automobiles",Active,Service
N4910P,"Spreader, Tire",Ouvre-pneus,Active,Service
N4910RB,"Testers, Diesel Fuel Injection","Contrôleur, injecteur diesel",Active,Service
N4910V,Vehicle Washing Systems,Systèmes pour lavage de véhicule,Active,Service
N4920,Aircraft Maintenance and Repair Shop Specialized Equipment,Équipement spécialisé pour ateliers de réparations et d'entretien d'aéronefs,Active,Service
N4921,"Torpedo Maintenance, Repair and Checkout Specialized Equipment","Équipement spécialisé pour l'entretien, la réparation et le contrôle des torpilles",Active,Service
N4923,"Depth Charges and Underwater Mines Maintenance, Repair and Checkout Specialized Equipment","Équipement spécialisé pour l'entretien, la réparation et le contrôle des mines et grenades sous-marines",Active,Service
N4925,"Ammunition Maintenance, Repair and Checkout Specialized Equipment","Équipement spécialisé pour l'entretien, la réparation et le contrôle des munitions",Active,Service
N4927,"Rocket Maintenance, Repair and Checkout Specialized Equipment","Équipement spécialisé pour l'entretien, la réparation et le contrôle des roquettes",Active,Service
N4930,Lubrication and Fuel Dispensing Equipment,Équipement de lubrification et de distribution de carburant,Active,Service
N4931,"Fire Control Maintenance and Repair Shop Specialized Equipment, Unless Installed in a Vehicle, Aircraft, or Ship",Équipement spécialisé pour ateliers d'entretien et de réparations d'appareils de conduite de tir,Active,Service
N4933,"Weapons Maintenance and Repair Shop Specialized Equipment, Excludes Airborne Weapons Maintenance and Repair Shop Equipment",Équipement spécialisé pour ateliers d'entretien et de réparations d'armes,Active,Service
N4935,"Guided Missile Maintenance, Repair and Checkout Specialized Equipment","Équipement spécialisé d'entretien, de réparations et de vérification pour missiles",Active,Service
N4940,"Maintenance and Repair Shop Specialized Equipment, Miscellaneous",Équipement spécialisé divers d'ateliers de réparation et d'entretien,Active,Service
N4940B,"Auger Machines, Pipe and Sewer, Power Operated","Furets à moteur, canalisations et égouts",Active,Service
N4940C,Blast Cleaning Cabinets,"Sableuses, cabine",Active,Service
N4940D,Blast Cleaning Machines,Sableuses,Active,Service
N4940E,"Blowers, Electrical, Portable","Ventilateurs, soufflants, électriques, portatifs",Active,Service
N4940F,"Booths, Spraying","Cabines, pulvérisation",Active,Service
N4940G,"Cleaner, Chassis","Nettoyeur, châssis",Active,Service
N4940J,"Cleaning Machines, Small Parts","Nettoyeuses, petites pièces",Active,Service
N4940K,"Cleaning Machines, Ultrasonic","Nettoyeuses, ultrasoniques",Active,Service
N4940L,Degreasers,Postes de dégraissage,Active,Service
N4940M,"Maintenance Platforms, Industrial","Plates-formes d'entretien, industrielles",Active,Service
N4940N,"Sprayer, Paint","Pulvérisateur, peinture",Active,Service
N4940P,"Tube and Flue Cleaners, Boiler","Décapeurs, tube, chaudière",Active,Service
N4940R,"Cleaner, Pressure, Solvent-Water","Postes de lavage, sous pression, véhicule",Active,Service
N4940S,Tank Cleaning Machines,Nettoyeuses pour réservoir,Active,Service
N4940T,"Cleaner, Steam, Trailer Mounted","Lavage vapeur, sur remorque",Active,Service
N4940W,"Enclosures, Prefabricated, Special Purpose, Electromagnetic Shielding","Enceintes, préfabriquées, usage spécial, blindage électromagnétique",Active,Service
N4970,"Multiple Guided Weapons, Specialized Maintenance and Repair Shop Equipment",Équipements spécialisés des ateliers d'entretien et de réparation d'armes guidées,Active,Service
N5110,"Hand Tools, Edged, Nonpowered","Outils à main tranchants, sans moteur",Active,Service
N5110B,"Blades, Hand, Hacksaw, CGSB 46-GP-1","Lames, scie à métaux à main, ONGC 46-GP-1",Active,Service
N5110C,"Chisel,Metal and Woodworking","Ciseau, à froid et à bois",Active,Service
N5110D,"Cutters, Hand Powered","Cisaille, à main, motorisée",Active,Service
N5110DC,"Cutters, Pipe and Tube, CGSB 39-GP-49","Coupe-tuyaux et coupe-tubes, ONGC 39-GP-49",Active,Service
N5110DE,"Cutters, Wire Rope, Hand Operated","Coupe-câble métallique, à main",Active,Service
N5110GC,"Handles, Wood, Tool, Small (Chisels, Files, etc.)","Manches, en bois, outil, petits, ciseaux, limes, etc.",Active,Service
N5110J,Planes,Rabots,Active,Service
N5110L,"Saws, Hand, Nonpowered, all Types","Scies, sans moteur, tous les genres",Active,Service
N5110P,"Shears, Hand, Workshop Tools","Ciseaux, à main, outils d'atelier",Active,Service
N5110Q,"Stamp, Marking, Steel (Die Set, Metal Stamping, Hand)","Poinçon à marquer, acier (bloc à colonnes, emboutissage de métal manuel)",Active,Service
N5110R,"Stripper, Wire, Bench","Pinces a dénuder les fils, établi",Active,Service
N5120,"Hand Tools, Nonedged, Nonpowered","Outils à main, non tranchants, sans moteur",Active,Service
N5120A,Shoptools and Equipment - General,Outillage et équipement - général,Active,Service
N5120E,Jacks,Vérins,Active,Service
N5120EA,"Jacks, Hydraulic, Hand","Vérins, hydrauliques, à main",Active,Service
N5120EB,"Jacks, Hydraulic, Lifting","Vérins hydrauliques, levage",Active,Service
N5120GB,"Pliers, Retaining Ring","Pinces, anneau d'arrêt",Active,Service
N5120H,Pullers,Extracteur,Active,Service
N5120J,Punches,Poinçons,Active,Service
N5120LH,"Vises, Tool Room, Drill Press, Graduated","Étau, atelier, perceuse à colonne, gradué",Active,Service
N5120M,Wrenches,Clés,Active,Service
N5120MG,"Wrenches, Combination, Open End and Box, CGSB 39-GP-11C, 39-GP-11M","Clés mixtes à oeil et à fourche, ONGC 39-GP-11C, 39-GP-11M",Active,Service
N5120MJ,"Wrenches, Ratchet, Crow Foot, CGSB 39-GP-12B","Clés désaxées, a cliquet, ONGC 39-GP-12B",Active,Service
N5120ML,"Wrenches, Torque",Clé dynamométrique,Active,Service
N5120MN,"Wrenches, Tap and Reamer",Tourne-à-gauche,Active,Service
N5120N,Tradesman and Special Tasks Tools,Outils de chantiers et outils spéciaux,Active,Service
N5120NA,"Alignment Tools, Electronic Equipment","Outils d'alignement, circuits électroniques",Active,Service
N5120ND,Mechanics Hand Tools (Canadian MFR),"Outils à main de mécanicien, (fabricant canadien)",Active,Service
N5120NE,"Rivet Tools, Sheet Metal","Bouterolle, tôle",Active,Service
N5120NG,Logging Tools,Outils pour exploitation forestière,Active,Service
N5120NJ,"Aircraft Tools, Special","Outils pour aéronef, spéciaux",Active,Service
N5120NL,"Tools, Linesmen",Outils de poseur de lignes,Active,Service
N5120NN,"Crimping, Installing and Removal Tools, Connector","Gaufrage, outils d'installation et de démontage, connecteur",Active,Service
N5130,"Hand Tools, Power-Driven","Outils à main, à moteur",Active,Service
N5130A,Power Driven Hand Tool Accessories,Accessoires pour outils à main à moteur,Active,Service
N5130AB,"Wheels, Abrasive and Buffing for Hand Power Tools",Meules abrasives et disques à lustrer pour outils à main à moteur,Active,Service
N5130BA,"Cutters, Cable, Cartridge Actuated","Coupe-câble, à cartouche",Active,Service
N5130BB,"Driver, Stud, Powder Actuated","Pistolet, scellement, à goujon, à cartouche",Active,Service
N5130C,"Electric Portable Tools, All Types","Outils électriques portatifs, tous genres",Active,Service
N5130CA,"Drills, Electric, Portable","Perceuses, électriques, portatives",Active,Service
N5130CB,"Grinders, Electric, Portable","Meules, électriques, portatives",Active,Service
N5130CE,"Polisher, Portable, Electric, Aircraft","Polisseuse, électrique, portative, aéronef",Active,Service
N5130CG,"Sander, Belt, Electric, Portable","Ponceuse, à bande, électrique, portative",Active,Service
N5130CK,"Saw, Circular, Portable, Electric","Scie, circulaire, portative, électrique",Active,Service
N5130CM,"Tools, Electric, Portable, N.E.S.","Outils, électriques, portatifs, N.E.A.",Active,Service
N5130D,"Pneumatic Portable Tools, All Types","Outils pneumatiques portatifs, tous genres",Active,Service
N5130DA,"Drills Pneumatic, Portable","Perceuses, pneumatiques, portatives",Active,Service
N5130DB,"Hammers, Chipping, Pneumatic","Marteau, à clivage, pneumatique",Active,Service
N5130DC,"Nut Runner and Screwdriver, Pneumatic","Visseuse-boulonneuse, pneumatique",Active,Service
N5130DE,"Saw, Circular, Portable, Pneumatic","Scie, circulaire, portative, pneumatique",Active,Service
N5130DG,"Tools, Pneumatic, Portable, N.E.S.","Outils, pneumatiques, portatifs, N.E.A.",Active,Service
N5130DH,"Wrenches, Impact, Pneumatic","Clé, à choc, pneumatique",Active,Service
N5130DK,"Socket, Socket Wrench, Impact Type","Douille, clé à douille, type à percussion",Active,Service
N5133,"Drill Bits, Counterbores and Countersinks, Hand and Machine","Mèches et forêts, fraises à chanfreiner, fraises à lamer, à main et machines-outils",Active,Service
N5133A,"Bits, Auger","Mèches, perçage",Active,Service
N5133B,Drillbits,Forets,Active,Service
N5136,"Taps, Dies and Collets, Hand and Machine","Tarauds, matrices et mandrins à main et pour machines",Active,Service
N5136A,"Die and Tap Set, Thread Cutting","Filières et tarauds, jeu",Active,Service
N5136B,"Pipe Threader and Dies, Hand and Power Operated","Filières pour tuyau, à main et à moteur",Active,Service
N5136C,"Die, Thread Cutting",Filière à tailler les filets,Active,Service
N5140,Tools and Hardware Boxes,Boîtes à outils et à quincaillerie,Active,Service
N5140B,"Pouch, Mechanics Tools","Sac, outils mécaniques",Active,Service
N5140C,"Tool Box, Portable","Boîte à outils, portative",Active,Service
N5140CA,"Tool Box Portable, Metal","Boîte à outils, portative, métallique",Active,Service
N5140E,"Bag, Tool, Satchel","Sac, sacoche à outils",Active,Service
N5180,"Sets, Kits, and Outfits of Hand Tools","Ensembles, jeux et trousses d'outils à main",Active,Service
N5180A,"Tool Kit, Automotic Mechanics","Lot d'outillage, mécaniciens automobile",Active,Service
N5180B,"Tool Kit, Body and Fender Repair","Lot d'outillage, carrosserie",Active,Service
N5180C,"Tool Kit, Electricians","Lot d'outillage, électriciens",Active,Service
N5180D,"Special Tools Automotive, Gasoline and Diesel","Outils spéciaux, automobile, à essence et diesel",Active,Service
N5210,"Measuring Tools, Craftsmen",Instruments de mesure et de vérification pour artisans,Active,Service
N5210A,Gage (Measuring Tool),Jauge,Active,Service
N5210AB,"Gage, Blocks, Square, Cylindrical, Ring","Cales étalons, carrés, cylindriques, annulaires",Active,Service
N5210AE,"Gage, Centre",Jauge à centrer,Active,Service
N5210B,"Indicator, Dial",Comparateur à cadran,Active,Service
N5210C,"Instruments, Measuring",Instruments de mesure,Active,Service
N5210D,"Levels, Bench, Carpenter and Machinist","Niveaux, à semelle, menuisier et mécanicien",Active,Service
N5210E,"Tape Measuring, Surveyor","Mesure à ruban, arpenteur",Active,Service
N5210F,"Micrometers and Calipers, Inside and Outside",Micromètres d'intérieur et d'extérieur,Active,Service
N5220,Inspection Gages and Precision Layout Tools,Jauges de contrôle et instruments de précision,Active,Service
N5220A,"Gage, Precision","Jauge, précision",Active,Service
N5220B,"Plates, Surface",Marbres de contrôle,Active,Service
N5220C,"Plates, Surface and Angle",Plaques de contrôle et équerres,Active,Service
N5220D,Test Equipment and Inspection Gages,Équipement d'essai et jauges d'inspection,Active,Service
N5280,"Sets, Kits, and Outfits of Measuring Tools","Ensembles, jeux et trousses d'instruments de mesure et de vérification",Active,Service
N5305,Screws,Vis,Active,Service
N5305B,"Screws, All Types and Materials (Except Aircraft)","Vis, tous genres et matériaux (sauf aéronef)",Active,Service
N5306,Bolts,Boulons,Active,Service
N5306A,"Bolts, Aircraft","Boulons, aéronef",Active,Service
N5306B,"Bolts, All Types and Materials (Except Aircraft)","Boulons, tous genres et matériaux, sauf aéronef",Active,Service
N5307,Studs,Goujons,Active,Service
N5307A,"Studs, Aircraft","Goujons, aéronef",Active,Service
N5310,Nuts and Washers,Écrous et rondelles,Active,Service
N5310A,"Nuts, All Types and Materials (Except Aircraft)","Écrous, tous genres et matériaux, sauf aéronef",Active,Service
N5310D,"Washers, (Except Aircraft)",Rondelles (sauf aéronef),Active,Service
N5315,"Nails, Keys and Pins","Clous, clavettes et goupilles",Active,Service
N5315A,"Keys and Pins, Aircraft","Clés et goupilles, aéronef",Active,Service
N5315C,Nails,Clous,Active,Service
N5315D,"Pins, (Except Aircraft)","Goupilles, sauf aéronef",Active,Service
N5320,Rivets,Rivets,Active,Service
N5320A,"Rivets, Aircraft","Rivets, aéronef",Active,Service
N5325,Fastening Devices,Dispositifs d'attache,Active,Service
N5325C,"Fastening Device, All Types (Except Aircraft and Concrete Forms)","Dispositifs d'attache, tous les types, sauf pour aéronef et coffrages de béton",Active,Service
N5325F,"Fastening Devices, Concrete Forms","Dispositifs de fixation, coffrages",Active,Service
N5330,Packing and Gasket Material,Joints et garnitures,Active,Service
N5330A,Packing-Gasket-Seal,Joint et garniture d'étanchéité,Active,Service
N5330AD,"Gasket Sets, Rubber","Assortiments de joints, caoutchouc",Active,Service
N5330AE,Gasket Sets (N.E.S.),Jeux de joints,Active,Service
N5330C,"Packing, Preformed/Material","Garniture, préformée, matière première",Active,Service
N5330CA,"Packing Materials, All Types (Except Spec and Aircraft)","Garnitures, matières premières, tous les types, sauf spec. et pour aéronef",Active,Service
N5330E,"Seals, and Seal Rings (Except Specially Designed)","Bagues d'étanchéité et segments d'étanchéité, sauf modèle spécial",Active,Service
N5330EB,Seal Rings,Anneaux d'étanchéité,Active,Service
N5330EE,"Seals, Self Locking","Joints, auto-verrouillage",Active,Service
N5331,O-Ring,Joint torique,Active,Service
N5335,Metal Screening,Écrans métalliques,Active,Service
N5335E,Steel Mesh,Maille métallique,Active,Service
N5340,"Hardware, Commercial",Quincaillerie commerciale,Active,Service
N5340A,General Hardware,Quincaillerie générale,Active,Service
N5340B,"Caster, Rigid/Swivel","Roulette, fixe ou pivotante",Active,Service
N5340C,"Mounts, Shock and Vibration","Supports, choc et vibration",Active,Service
N5340D,"Pads, Shock Mount","Tampons, support d'amortisseur",Active,Service
N5340E,Hangers (Miscellaneous Hardware),"Crochets, quincaillerie diverse",Active,Service
N5340EA,Hangers for Drop Ceilings,Crochets pour plafonds suspendus,Active,Service
N5340F,"Hardware, General, Aircraft","Quincaillerie, générale, aéronef",Active,Service
N5340G,"Hardware, General, Builders and Wholesale","Quincaillerie, construction et vente en gros",Active,Service
N5340H,Clamps,Colliers,Active,Service
N5340K,Keys and Key Blanks,Clavettes et ébauches de clavettes,Active,Service
N5340L,"Locks, Flush",Serrures à encastrer,Active,Service
N5340M,"Locks, Security, Correctional Services Only","Serrures, sécurité, service correctionnel seulement",Active,Service
N5340N,Padlocks,Cadenas,Active,Service
N5340NT,"Padlock, Keyed Type","Cadenas, type clé",Active,Service
N5340PA,Seals Plastic,Joints en plastique,Active,Service
N5340S,Lock Sets,Jeux de serrures,Active,Service
N5340X,Brackets,Supports,Active,Service
N5342,"Hardware, Weapon System Refer to Parent Weapon System. Anodes used on Navy Ships belong to HN Division","Quincaillerie, système d'armes",Active,Service
N5345,"Disks and Stones, Abrasive",Pierres et disques abrasifs,Active,Service
N5345A,Knife Sharpener (Abrasive),"Affûteuse, couteau, abrasive",Active,Service
N5345B,"Stone, Sharpening",Pierre à affûter,Active,Service
N5350,Abrasive Materials,Matériaux abrasifs,Active,Service
N5350A,Abrasive Cloth Assortments,"Abrasif, assortiments de toiles",Active,Service
N5350D,Steel Shot,"Acier, grenaille",Active,Service
N5350E,"Sand, Sandblast","Sable, sableuse",Active,Service
N5350F,"Abrasive, Grain","Abrasif, à grain",Active,Service
N5355,Knobs and Pointers,Boutons et aiguilles,Active,Service
N5355A,"Dials, Control/Scale, All Types","Cadrans, sélecteur, gradué, tous genres",Active,Service
N5360,"Coil, Flat and Wire Springs","Ressorts hélicoïdaux, spirales, plats et en fil métallique",Active,Service
N5360A,Springs (Except Extension and Compression),"Ressorts, sauf extension et compression",Active,Service
N5360B,"Springs, Extension and Compression","Ressorts, extension et compression",Active,Service
N5365,"Bushings, Rings, Shims and Spacers","Douilles, bagues, cales et bagues d'espacement",Active,Service
N5365A,Retaining Rings,Anneaux d'arrêt,Active,Service
N5365B,"Shims, Spacers","Cales, entretoises",Active,Service
N5410,Prefabricated and Portable Buildings,Bâtiments préfabriqués et démontables,Active,Service
N5410A,"Buildings, Prefabricated (Types)","Bâtiments, préfabriqués, types",Active,Service
N5410AB,"Buildings, Prefabricated, Inflatable or Air-Supported","Bâtiments, préfabriqués, gonflables ou soutenus par air",Active,Service
N5410AC,"Buildings, Prefabricated, Metal","Bâtiments, préfabriqués, en métal",Active,Service
N5410AD,"Buildings, Prefabricated, Wood","Bâtiments, préfabriqués, en bois",Active,Service
N5410AE,"Buildings, Prefabricated, Molded Concrete","Bâtiments, préfabriqués, béton moulé",Active,Service
N5410AF,"Buildings, Prefabricated, Modular or Sectional","Bâtiments, préfabriqués, modulaires ou en sections",Active,Service
N5410AG,"Buildings, Prefabricated, Portable or Relocatable","Bâtiments, préfabriqués, portatifs ou déplaçables",Active,Service
N5410AH,"Buildings, Prefabricated, Panelized (Open or Closed Panels)","Bâtiments, préfabriqués, lambrissés (panneaux ouverts ou fermés)",Active,Service
N5410AN,"Buildings, Prefabricated, Fibreglass","Bâtiments, préfabriqués, en fibre de verre",Active,Service
N5410B,"Buildings, Prefabricated (Special Purpose)","Bâtiments, préfabriqués, usage spécial",Active,Service
N5410BH,"Buildings, Prefabricated, Portable or Relocatable, Laboratory","Bâtiments, préfabriqués, portatifs ou déplaçables, laboratoire",Active,Service
N5410BP,"Buildings, Prefabricated, Greenhouse","Bâtiments, préfabriqués, serre",Active,Service
N5410BR,"Buildings, Prefabricated, Storage","Bâtiments, préfabriqués, pour entreposage",Active,Service
N5410BT,"Buildings, Prefabricated, Garage","Bâtiments, préfabriqués, garage",Active,Service
N5410BU,"Buildings, Prefabricated, Portable or Relocatable, Industrial Self-Contained Camp","Bâtiments, préfabriqués, portatifs ou déplaçables, chantier industriel autonome",Active,Service
N5410C,"Buildings, Prefabricated and Portable (Customengineered)","Bâtiments préfabriqués et démontables, construction spéciale",Active,Service
N5410D,"Hangars, Helicopter, Telescopic (Custom Engineered)","Hangars, hélicoptère, télescopique (construction spéciale)",Active,Service
N5410F,"Booth, Sound Proof","Cabine, insonore",Active,Service
N5410G,"Buildings, Prefabricated (Bullet Proof)","Bâtiments préfabriqués, à l'épreuve des balles",Active,Service
N5410H,"Building, Prefabricated, Kiosk, Unarmoured","Bâtiments, préfabriqués, lambrissés, panneaux ouverts ou fermés",Active,Service
N5411,Rigid Wall Shelters,Abris à murs rigides,Active,Service
N5411A,"Rigid Wall Shelters, Portable (Military Application)","Abris à murs rigides, transportables, usage militaire",Active,Service
N5419,Collective Modular Support System,Système modulaire de services collectifs,Active,Service
N5420,"Bridges, Fixed and Floating",Ponts fixes et flottants,Active,Service
N5420A,Bridge Bearings and Bearing Pads,Supports et coussinets de ponts,Active,Service
N5420C,"Pontoons, Rubber (Bridge Sets)","Pontons, caoutchouc, jeux de ponts",Active,Service
N5430,Storage Tanks,Réservoirs d'emmagasinage,Active,Service
N5430A,"Tanks, Canvas, Water","Réservoirs, grosse toile, eau",Active,Service
N5430B,"Tanks, Fabric, Collapsible","Réservoirs, tissu, pliants",Active,Service
N5430C,"Tanks, Fibreglass","Réservoirs, fibre de verre",Active,Service
N5430D,"Tanks, Oil Storage","Réservoirs, emmagasinage des pétroles",Active,Service
N5430E,"Tanks, Storage, Metal","Réservoirs, emmagasinage, métal",Active,Service
N5430F,"Tanks, Underground Storage","Réservoirs, emmagasinage souterrain",Active,Service
N5430H,"Tanks, Storage, Plastic","Réservoirs, emmagasinage, plastique",Active,Service
N5440,Scaffolding Equipment and Concrete Forms,Équipements d'échafaudage et coffrages à béton,Active,Service
N5440A,"Forms, Concrete","Coffrages, à béton",Active,Service
N5440B,"Ladders, Extension and Stepladder",Échelles à extension et simples,Active,Service
N5440BA,"Ladders, Extension and Stepladder, Aluminum","Échelles à extension et simples, aluminium",Active,Service
N5440BC,"Ladder, Mobile Safety","Échelle, sécurité mobile",Active,Service
N5440BD,"Ladder, Special Purpose, Aluminum or Fibreglass","Échelle, usage spécial, en aluminium ou en fibre de verre",Active,Service
N5440C,Scaffolding,Échafaudage,Active,Service
N5440CA,"Scaffolding, Aluminum","Échafaudage, aluminium",Active,Service
N5440CB,"Scaffolding, Steel","Échafaudage, acier",Active,Service
N5440E,"Ladders, Fixed, Metal","Échelles, fixes, métal",Active,Service
N5440F,"Platforms, Telescoping","Plates-formes, télescopiques",Active,Service
N5440G,Accessories for Concrete Forms and Scaffolding,"Accessoires pour béton, coffrage et échafaudage",Active,Service
N5445,Prefabricated Tower Structures,Structures de pylônes préfabriqués,Active,Service
N5445A,"Prefabricated Tower Structures, Aluminum","Structures de pylônes préfabriquées, aluminium",Active,Service
N5445B,"Prefabricated Tower Structures, Steel","Structures de pylônes préfabriquées, acier",Active,Service
N5445C,"Towers, Airport Control, Cabin","Tours de contrôle, aérodrome, cabine",Active,Service
N5450,"Structures, Prefabricated, Miscellaneous","Constructions, préfabriquées, diverses",Active,Service
N5450A,"Structures, Prefabricated, Wood, Energy Saving","Bâtiments, préfabriqués, bois, économie d'énergie",Active,Service
N5450B,Miscellaneous Prefabricated Structure - Steel,Structure préfabriquée diverse - acier,Active,Service
N5450C,Miscellaneous Prefabricated Structure - Aluminum,Structures préfabriquées diverses - aluminium,Active,Service
N5450D,"Bleachers, Seating",Tribunes,Active,Service
N5510,Lumber and Related Basic Wood Material,Bois débite et autres matériaux de base dérivés du bois,Active,Service
N5510A,"Crossarms, Wood, Treated","Traverses, en bois, traité",Active,Service
N5510B,Wharf Sticks - DPW Specification,Poteaux de quai - spécification du TPC,Active,Service
N5510C,"Log, Wood",Bûche,Active,Service
N5510D,Lumber,Bois de construction,Active,Service
N5510DA,"Lumber, Hardwood","Bois de construction, bois dur",Active,Service
N5510DAA,"Lumber, Hardwood, Teak","Bois de construction, bois dur, teck",Active,Service
N5510DB,"Lumber, Softwood (Balsam, Fir and Jack Pine)","Bois de construction, bois tendre, baume, sapin et jaquier",Active,Service
N5510DBC,"Lumber, Cedar","Bois de construction, cèdre",Active,Service
N5510DC,"Lumber, Softwood, Western","Bois de construction, bois tendre, de l'ouest",Active,Service
N5510DCA,"Lumber, Softwood (Dense Douglas Fir)","Bois de construction, bois tendre, sapin de Douglas dense",Active,Service
N5510DD,"Lumber, Pressure Treated",Bois de construction pressurisé,Active,Service
N5510DE,"Lumber, Fire Retardant","Bois de construction, ignifuge",Active,Service
N5510DF,"Lumber, Hardwood Wharf Decking","Bois de construction, bois dur, planchéiage de quai",Active,Service
N5510DG,"Lumber, Softwood, Dressed, Graded","Bois de construction, bois tendre, blanchi, classifié",Active,Service
N5510DH,"Lumber, Treated, Marine Construction","Bois de construction, traité, construction marine",Active,Service
N5510DJ,"Lumber, Rough, Local","Bois de construction, brut, local",Active,Service
N5510E,"Handrail, Wood","Main courante, bois",Active,Service
N5510F,"Poles, Line Construction",Poteaux de ligne,Active,Service
N5510FA,"Poles, Line Construction, Wood","Poteaux de ligne, bois",Active,Service
N5510FAA,"Poles, Creosote Treated",Poteaux créosotés,Active,Service
N5510FB,"Poles, Line Construction, Wood, Export","Poteaux de ligne, bois, exportés",Active,Service
N5510H,"Trusses, Roof, Wood","Fermes, toiture, bois",Active,Service
N5510K,"Shavings, Wood (Bedding)","Copeaux de bois, litière",Active,Service
N5510L,Runway Markers,Balises de piste d'envol,Active,Service
N5510M,"Post, Cedar",Poteaux; cèdre,Active,Service
N5510N,"Posts, Sign (Fir, Pine, Spruce)","Poteaux indicateurs (en sapin, pin, épinette)",Active,Service
N5510P,"Sawdust, Wood",Sciure de bois,Active,Service
N5510R,"Flooring, Hardwood",Bois feuillu pour parquetage,Active,Service
N5520,Millwork,Bois de menuiserie,Active,Service
N5520A,"Door Frames, Wood","Bâti de porte, bois",Active,Service
N5520B,"Doors, Wood Construction","Porte, en bois",Active,Service
N5520BB,"Doors, Wood","Porte, bois",Active,Service
N5520BC,"Doors, Wood, Folding","Portes, bois, pliantes",Active,Service
N5520BD,"Doors, Wood, Overhead","Portes en bois, basculantes",Active,Service
N5520D,"Window Frames, Wood","Bâtis de fenêtre, bois",Active,Service
N5520E,"Shutters, Wood, Louvered, Window","Persiennes en bois, pour fenêtre",Active,Service
N5530,Plywood and Veneer,Contre-plaque et placage,Active,Service
N5530A,"Plywood, Export","Contre-plaque, exportation",Active,Service
N5530B,"Plywood, Hardwood","Contre-plaqué, bois dur",Active,Service
N5530C,"Panels, Wood","Panneaux, bois",Active,Service
N5530D,"Veneer, Wood","Placage, bois",Active,Service
N5530E,"Plywood, Softwood",Contre-plaqué bois tendre,Active,Service
N5610,"Mineral Construction Materials, Bulk","Matériaux minéraux de construction, en vrac",Active,Service
N5610A,"Asphalt, Liquid Petroleum, Primer and Cement for Road Purpose","Bitume asphaltique liquide, apprêt et ciment, pour route",Active,Service
N5610B,Cement,Ciment,Active,Service
N5610BA,"Cement, Portland","Ciment, portland",Active,Service
N5610BC,"Cement, Roofing","Ciment, toiture",Active,Service
N5610C,Concrete,Béton,Active,Service
N5610CB,"Concrete, Joint Sealer","Béton, scellant pour joint",Active,Service
N5610CD,"Concrete, Ready-Mix",Béton prémélangé,Active,Service
N5610CE,"Concrete, Pre-Mixed in Bags","Béton, mélangé, en sacs",Active,Service
N5610D,"Emulsion, Asphalt",Béton prémélangé,Active,Service
N5610E,"Primer, Asphalt","Apprêt, pour bitume",Active,Service
N5610F,Precast Concrete Products,Produits de béton manufacturé,Active,Service
N5610G,Walk Way Compound (R-MIR-DEK),"Revêtement, pistes et ponts, R-MIR-DEK",Active,Service
N5610H,Compound Covering Deck (DEX-O-TEX),"Revêtements recouvrant les ponts, DEX-O-TEX",Active,Service
N5610J,Compound Wing Walk,"Revêtement, passerelle",Active,Service
N5610K,Seamless Flooring,Plancher sans joint,Active,Service
N5610L,Stone and Aggregate,Pierre et agrégat,Active,Service
N5610LA,"Aggregate, Construction, Fire Clay, Crushed","Agrégat, construction, argile réfractaire, concassé",Active,Service
N5610LC,"Stone, Aggregate, for Runway Ice Control","Pierre, agrégat, pour le contrôle de la glace sur les pistes d'envol",Active,Service
N5610LE,"Gravel, Road","Gravier, route",Active,Service
N5610LF,"Stone, Crushed (Quarry Rock)","Pierre concassée, pierre de carrière",Active,Service
N5610N,"Asphalt, Petroleum, Roofing","Bitume asphaltique, toiture",Active,Service
N5610R,"Expansion Joint Filler, for Concrete","Pâte à joint de dilatation, pour béton",Active,Service
N5610S,"Sand, Runway","Sable, chemin de roulement",Active,Service
N5610T,"Lime, Hydrated, Structural","Chaux hydratée, de construction",Active,Service
N5610U,Soil,Terre,Active,Service
N5610V,"Stone, Decorative",Pierre décorative,Active,Service
N5610W,Sand,Sable,Active,Service
N5620,"Tiles, Bricks and Blocks","Tuiles, briques et blocs",Active,Service
N5620A,"Tiles, Floor and Wall, Ceramic","carreaux, pour plancher et mur, céramique",Active,Service
N5620AA,"Tile, Terrazzo and Marble","carreaux, terrazo et marbre",Active,Service
N5620B,"Precast, Prestressed Concrete Units","Éléments de béton préfabriqués, précontraints",Active,Service
N5620BA,"Structural Members, Concrete, Precast, Prestressed","Membres de charpente, béton, préfabriqués, précontraints",Active,Service
N5620BB,"Slabs, Roof, Wall and Floor, Concrete, Precast, Prestressed","Dalles, toiture, mur et plancher, béton, préfabriquées, précontraintes",Active,Service
N5620BC,"Piling, Concrete, Precast, Prestressed","Piliers, béton, préfabriqués, précontraints",Active,Service
N5620BD,"Trenches, Concrete, Precast, Prestressed","Tranchées, béton, préfabriquées, précontraintes",Active,Service
N5620BE,"Walls, Retaining, Concrete, Precast, Prestressed","Murs de soutènement, béton, préfabriqués, précontraints",Active,Service
N5620C,"Tiles, Structural, Clay","carreaux, structuraux, argile",Active,Service
N5620D,"Bricks, Clay (Nonrefractory)","Briques, argiles, non réfractaires",Active,Service
N5620F,"Bricks and Blocks, Concrete",Parpaings et blocs de béton,Active,Service
N5630,"Pipe and Conduit, Nonmetallic","Tuyaux et conduites, non métalliques",Active,Service
N5630B,"Pipe, Nonmetallic",Tuyau non métallique,Active,Service
N5630BC,"Pipe, Nonmetallic, Concrete","Tuyau non métallique, béton",Active,Service
N5630C,"Manholes, Concrete, Precast, Prestressed","Trous d'homme, béton, préfabriqués, précontraints",Active,Service
N5640,"Wallboard, Building Paper and Thermal Insulation Materials","Panneaux muraux, cartonnage de construction et matériaux d'isolation thermique",Active,Service
N5640A,Asbestos,Amiante,Active,Service
N5640E,"Insulation, Thermal","Isolation, thermique",Active,Service
N5640EB,"Insulation, Thermal, Fibreglass","Isolation, thermique, fibre de verre",Active,Service
N5640EC,"Insulation, Thermal, Pipe Covering (Except Asbestos)","Isolation, thermique, recouvrement de tuyau, sauf amiante",Active,Service
N5640ED,"Insulation, Thermal, Pipe Fitting Coverings, Fabricated","Isolation, thermique, recouvrement de raccord de tuyau, préfabriquée",Active,Service
N5640EF,"Insulation, Thermal, Polystyrene","Isolation, thermique, polystyrène",Active,Service
N5640EG,"Heaters, Water, Gas or Oil (Domestic)","Isolation, thermique, mousse de polystyrène",Active,Service
N5640EK,"Insulation, Thermal, Pipe Covering, Asbestos","Isolation, thermique, recouvrement de tuyau, amiante",Active,Service
N5640EM,"Insulation, Thermal, Mineral Fibre","Isolation, thermique, fibre minérale",Active,Service
N5640EMC,"Insulation, Thermal, Mineral Fibre, Block or Board","Isolation, thermique, fibre minérale, blocs et panneaux",Active,Service
N5640EME,"Insulation, Thermal, Mineral Fibre, Blanket","Isolation, thermique, fibre minérale, matelas",Active,Service
N5640EP,"Insulation, Thermal, Granular, Vermiculite","Isolation, thermique, granuleuse, vermiculite",Active,Service
N5640EQ,"Insulation, Thermal, Fireproofing","Isolation, thermique, ignifugation",Active,Service
N5640ER,"Insulation, Thermal, Marinite M","Isolation thermique, marinite M",Active,Service
N5640FD,"Insulation, Board, Thermal, Foam Faced, Polyurethane (General Purpose)","Isolation, plaque calorifuge, revêtue de mousse, polyuréthanne usage général",Active,Service
N5640FF,"Insulation, Board, Thermal, Foam Faced, Polyurethane (Roofing) CGSB 51-GP-26M, Type 4","Isolation plaque calorifuge, revêtue de mousse, polyuréthanne, toiture, ONGC 51-GP-26M, type 4",Active,Service
N5640H,"Tiles, Acoustical, Ceiling","carreau, acoustique, plafond",Active,Service
N5640J,Wallboard,Panneaux muraux,Active,Service
N5640JA,"Wallboard, Gypsum","Plaque, plâtre",Active,Service
N5640JB,"Wallboard, Laminates (Arborite and Formica)","Panneaux muraux, laminés, arborite et formica",Active,Service
N5640JC,"Wallboard, Gyproc","Panneaux muraux, gyproc",Active,Service
N5640JE,"Wallboard, Ten Test","Panneaux muraux, panneaux de fibres",Active,Service
N5640K,"Insulation Tape, Thermal","Bande, calorifuge",Active,Service
N5640M,"Insulation, Sound Controlling","Isolation, insonorisante",Active,Service
N5640MB,Sound Controlling Blankets (Except Fitted to Equipment),"Couvertures insonorisantes, sauf ajustées à l'équipement",Active,Service
N5640N,"Panel, Ceiling","Panneau, plafond",Active,Service
N5640P,Wallpaper,Papier peint,Active,Service
N5650,Roofing and Siding Materials,Matériaux de couverture et de bardage,Active,Service
N5650A,Roofing Materials,Matériaux de couverture,Active,Service
N5650AC,"Roofing Materials, Metal","Matériaux de couverture, métal",Active,Service
N5650AD,"Roofing Materials, Asbestos Asphalt","Matériaux pour toiture, bitume d'amiante",Active,Service
N5650AF,"Roofing Materials, Cedar","Matériaux de couverture, cèdre",Active,Service
N5650B,Siding Materials,Matériaux de bardage,Active,Service
N5650BC,"Siding Materials, Metal, ALuminum","Matériaux de bardage, métal, aluminium",Active,Service
N5650BE,"Siding, Hardboard",Panneaux rigides pour revêtement extérieur,Active,Service
N5650C,"Shingles, Wood","Bardeaux, bois",Active,Service
N5650D,"Shingles, Asbestos",Bardeaux d'amiante,Active,Service
N5660,"Fencing, Fences, Gates and Components","Clôtures, barrières, portails et composants",Active,Service
N5660B,Fencing,Clôtures,Active,Service
N5660BA,"Fencing, Chain Link","Clôture, maille de chaîne",Active,Service
N5660BC,"Fencing, Wire","Grillage, métallique",Active,Service
N5660BD,"Fencing, Steel Panel","Clôture, panneau d'acier",Active,Service
N5660BE,"Fencing, Electrical",Clôture électrique,Active,Service
N5660C,"Post, Fence","Poteaux, clôture",Active,Service
N5660CA,"Post, Fence, Metal",Piquet métallique,Active,Service
N5660D,"Rail, Guard, Highway","Contre-rail, voie routière",Active,Service
N5660E,Barbed Wire,Barbelé,Active,Service
N5660F,"Fences, Metal",Clôtures métalliques,Active,Service
N5660G,"Gates, Metal",Barrières métalliques,Active,Service
N5660GA,Gate Security Hydraulic,Barrière de sécurité hydraulique,Active,Service
N5660H,"Post, Metal Signs, U Channel and Telescopic Type","Poteaux, écriteaux métalliques, canal en U et de type télescopique",Active,Service
N5670,"Building Components, Prefabricated",Produits architecturaux et produits métalliques connexes,Active,Service
N5670A,"Doors, Metal Construction",Portes métalliques,Active,Service
N5670AA,"Doors, ALuminum","Porte, aluminium",Active,Service
N5670AB,"Doors, Metal, Rolling","Porte, métallique, à rouleau",Active,Service
N5670AC,"Doors, Metal, Sliding","Porte, métallique, coulissante",Active,Service
N5670AD,"Doors, Steel","Portes, acier",Active,Service
N5670AE,"Doors, Metal, Security","Portes, métalliques, sécurité",Active,Service
N5670AF,"Doors, Metal, Fire, Mineral Core","Portes métalliques, de secours, âme minérale",Active,Service
N5670AG,"Doors, Overhead, Metal Construction",Portes métalliques basculantes,Active,Service
N5670AH,"Doors, Metal, Automatic Opening and Closing","Portes métalliques, ouverture et fermeture automatique",Active,Service
N5670AJ,"Doors, Garage Metal","Portes de garage, métalliques",Active,Service
N5670AJA,"Door, Garage, Overhead","Porte de garage, basculante",Active,Service
N5670AK,"Doors, Metal, Cold Storage","Portes métalliques, conservation par le froid",Active,Service
N5670B,"Grating, Metal","Caillebotis, métallique",Active,Service
N5670C,"Railing, Hand (Metal)","Rampe, pour main (métallique)",Active,Service
N5670E,"WINDOW, METAL","Fenêtre, métallique",Active,Service
N5670EA,"Window, Metal, Storm, Aluminum","Fenêtre, métallique, tempête, aluminium",Active,Service
N5670EC,"Window, Metal, N.E.S.","Fenêtre, métallique, N.E.A.",Active,Service
N5670EE,"Window, Metal, Security","Fenêtres, métalliques, sécurité",Active,Service
N5670EF,"Window Metal, Storm","Contre-fenêtre, métallique",Active,Service
N5670F,"Skylights, Metal, Plastic Pane","Châssis métalliques, toiture, vitre en plastique",Active,Service
N5670GA,"Stair Tread Grating, Metal","Marche d'escalier, grillage de métal",Active,Service
N5670H,"Troughs, Eaves, Metal","Gouttières, métalliques",Active,Service
N5670K,"Walls, Metal, Folding","Parois métalliques, repliables",Active,Service
N5670L,"Partitions, Metal, Security","Cloisons, métalliques, sécurité",Active,Service
N5670N,"Studs and Trims, Steel, For Drywall","Colombages et encadrements, acier, mur en pierres sèches",Active,Service
N5670P,"Screens, Window, Aluminum","Moustiquaire, aluminium",Active,Service
N5670S,"Frames, Door, Metal",Cadres de porte en métal,Active,Service
N5670V,"Access Hatches, Building, Custom","Trappes d'accès, bâtiment, sur mesure",Active,Service
N5675,Nonwood Construction Lumber and Related Materials,Bois modulaire de services collectifs,Active,Service
N5680,"Construction Material, Miscellaneous",Matériaux de construction divers,Active,Service
N5680A,"Covers, Manhole (Except Marine and Tank)","Panneau, trou d'homme (sauf marine et char d'assaut)",Active,Service
N5680B,"Steel Bar, Reinforcing",Armature à béton,Active,Service
N5680C,Gabion,Gabion,Active,Service
N5680E,Flooring Systems,Systèmes de couvre-plancher,Active,Service
N5680EB,"Flooring Systems, Sectional, Non-Slip (Except Metal Grating)","Systèmes de couvre-plancher, antidérapant (sauf le grillage métallique)",Active,Service
N5680F,"Deck Floor, N.E.S.","Pontage, N.E.A.",Active,Service
N5680H,"Weather Stripping, Door, Window","Calfeutrage, porte, fenêtre",Active,Service
N5680J,"Panels, Building, Insulated, Metal","Panneaux isolés, construction, métal",Active,Service
N5680L,"Texel, Road Surfacing Material (Textile)","Matériaux pour surfaçage de route, texel",Active,Service
N5805,Telephone and Telegraph Equipment,Équipement téléphonique et télégraphique,Active,Service
N5805010,Carrier Systems Telephone,Système téléphonique à courants porteurs,Active,Service
N5805017,"Carrier Systems, Fiber Optics Systems","Systèmes téléphoniques à courants porteurs, systèmes à fibres optiques",Active,Service
N5805024,"Private Access Branch Exchange/Interconnect Low Capacity Voice and/or Digital Data, 0-250 Lines","Installation d'abonné avec postes supplémentaires faible capacité d'interconnexion, voix et/ou données numériques, 0-250 lignes",Active,Service
N5805028,"Private Access Branch Exchange/Interconnect High Capacity Voice and/or Digital Data, Over 250 Lines","Installation d'abonné avec postes supplémentaires, capacité d'interconnexion élevée, voix et/ou données numériques, 250 lignes et plus",Active,Service
N5805029,Telecommunications/Digital Data Network,Télécommunications/circuit de données numériques,Active,Service
N5805032,Teleconferencing Equipment,Équipement pour conférence téléphonique,Active,Service
N5805034,Videoconferencing Equipment,Équipement de vidéoconférence,Active,Service
N5805036,"Telephone Central Offices, Dial, Private Branch Exchange, Transportable","Centraux téléphoniques, automatiques, installation d'abonné avec poste supplémentaire, transportables",Active,Service
N5805039,"Telephone Central Offices, Dial, Manufacture to Drawings","Centrales téléphoniques, automatiques, fabrication conforme aux plans",Active,Service
N5805041,Telephone Call Detail Recording Systems,Systèmes d'enregistrement de détail d'appel téléphonique,Active,Service
N5805042,"Telephones, Cellular","Téléphones, cellulaires",Active,Service
N5805050,"Telephone System, Transportable",Système téléphonique transportable,Active,Service
N5805051,"Telephone Systems, Sound Powered","Systèmes téléphoniques, autogénérateurs",Active,Service
N5805060,"Telephone System, Transportable, Voice/Data Channel Multiplexers, Low Capacity","Système téléphonique transportable, multiplexeurs des voies téléphoniques/de données, faible capacité",Active,Service
N5805070,"Modems, Wideband Communications","Modems, communications sur large bande",Active,Service
N5805071,"Modems, Voice Channel Communications","Modems, communications, transmission par voix",Active,Service
N5805074,Digital Data Set,Poste de données numériques,Active,Service
N5805078,Modems Special Purpose/Design,"Modems, modèle/conception sur demande",Active,Service
N5805081,"Converters, Signals","Convertisseurs, signaux",Active,Service
N5805083,"Converters, Special Purpose/Design","Convertisseurs, conception pour buts spéciaux",Active,Service
N5805091,"Switching Systems, Manual","Systèmes de commutation, manuels",Active,Service
N5805098,"Switching Systems, Special Design","Systèmes de commutation, modèle spécial",Active,Service
N5805100,"Switching Systems, Electronic","Systèmes de commutation, électroniques",Active,Service
N5805111,Telephone Set,Appareil téléphonique,Active,Service
N5805118,"Terminals, Telephone and Telegraph Equipment, Special Design","Terminaux, équipements téléphonique et télégraphique, modèle spécial",Active,Service
N5805119,"Terminals, Telephone Telegraph Equipment Miscellaneous","Terminaux, équipements téléphonique et télégraphique, divers",Active,Service
N5805120,Key Telephone Systems,Systèmes téléphoniques à touche,Active,Service
N5805125,"Voice Messaging System, Electronic","Système de communication vocale, électronique",Active,Service
N5805126,"Voice Response System, Automatic",Système automatique de réponse vocale,Active,Service
N5805993,Repeater Telegraph Electrical and Electronic Components and Spares,"Répéteur télégraphique, composants et rechanges électriques et électroniques",Active,Service
N5805998,"Telephone and Telegraph Tactical, Operational and Special Application Systems, Including Ground and Ship Communication Systems and Systems Installation","Systèmes téléphonique et télégraphique, tactiques, opérationnels et spéciaux, comprenant les systèmes de communication terre/mer et installation des systèmes",Active,Service
N5810,Communications Security Equipment and Components,Équipements de sécurité des télécommunications et composants,Active,Service
N5810310,Communications Security Equipment and Components (COMSEC) Secure Facsimile Systems,Équipements de sécurité des télécommunications et composants. Systèmes de télécopie sécuritaires,Active,Service
N5810400,Communications Security Equipment and Components (COMSEC) Secure Optical Data Systems,Équipements de sécurité des télécommunications et composants. Systèmes de données optiques sécuritaires,Active,Service
N5810500,Communications Security Equipment and Components (COMSEC) Secure Controller Systems,Équipements de sécurité des télécommunications et composants. Systèmes contrôleur sécuritaires,Active,Service
N5810520,Communications Security Equipment and Components (COMSEC) Secure Communications Interface Systems,Équipements de sécurité des télécommunications et composants. Systèmes de communication interfaces sécuritaires,Active,Service
N5811,Other Cryptologic Equipment and Components,Autres équipements de sécurité des télécommunications et composants,Active,Service
N5811300,Telephone/Line Disconnect Devices,Dispositifs de débranchement de ligne téléphonique,Active,Service
N5815,Teletype and Facsimile Equipment,Matériel de télétype et de télécopie,Active,Service
N5815010,Teleprinter Equipment,Matériel de téléimprimeur,Active,Service
N5815023,"Facsimile Equipment, Analog","Matériel de télécopie, analogique",Active,Service
N5815026,"Facsimile Equipment, Digital","Matériel de télécopie, numérique",Active,Service
N5815028,"Facsimile Equipment, Special Purpose/Design (Weather, Finger Printing)","Matériel de télécopie, modèle et usage spécial, météorologique, empreintes digitales",Active,Service
N5820,"Radio and Television Communications Equipment, Except Airborne","Matériel de communications radio et télévisuel, sauf aéroporté",Active,Service
N5820010,Communications Control Consoles (Except Airborne),"Pupitres de commande des communications, sauf aéronefs",Active,Service
N5820020,Radio Transmitters-VLF (Except Airborne),"Transmetteurs radio, VLF, sauf aéronefs",Active,Service
N5820041,"Radio Transmitters, HF, Low Power, Commercial","Transmetteurs radio, HF, à faible puissance, commerciaux",Active,Service
N5820043,"Radio Transmitters, HF, High Power, Commercial","Transmetteurs radio, HF, à puissance élevée, commerciaux",Active,Service
N5820047,"Radio Transmitters, HF, High Power, Military","Transmetteurs radio, HF, à puissance élevée, militaires",Active,Service
N5820050,Radio Transmitters-VHF AM (Except Airborne),"Transmetteurs radio, VHF, FM, AM, sauf pour aéronefs",Active,Service
N5820052,"Radio Transmitters, VHF AM Mobile","Transmetteurs radio, VHF AM, mobiles",Active,Service
N5820053,"Radio Transmitters, VHF AM, Base Station","Transmetteurs radio, VHF AM, station de base",Active,Service
N5820062,"Radio Transmitters, VHF FM, Mobile","Transmetteurs radio, VHF FM, mobiles",Active,Service
N5820063,"Radio Transmitters, VHF FM, Base Station","Transmetteurs radio, VHF FM, station de base",Active,Service
N5820068,"Radio Transmitters, VHF FM, Special Design","Transmetteurs radio, VHF FM, modèle spécial",Active,Service
N5820070,Radio Transmitters UHF AM (Except Airborne),"Transmetteurs radio, UHF AM, sauf aéronefs",Active,Service
N5820072,"Radio Transmitters, UHF AM, Mobile","Transmetteurs radio, UHF AM, mobiles",Active,Service
N5820110,Radio Transmitters-Telemetry (Except Airborne),"Transmetteurs radio, télémétrie, sauf aéronefs",Active,Service
N5820150,"Radio Transmitters, Mobile (Except Airborne)","Transmetteurs radio, mobiles, sauf aéronefs",Active,Service
N5820160,Radio Transmitters-Marine (Except Airborne),"Transmetteurs radio-marins, sauf aéronefs",Active,Service
N5820200,"Radio Receivers, VHF AM (Except Airborne)","Récepteurs radio, VHF AM, sauf aéronefs",Active,Service
N5820210,"Radio Receivers, VHF FM (Except Airborne)","Récepteurs radio, VHF FM, sauf aéronefs",Active,Service
N5820230,Radio Receivers UHF FM (Except Airborne),"Récepteurs radio, UHF AM, sauf aéronefs",Active,Service
N5820240,"Radio Receivers, Microwave (Except Airborne)","Récepteurs radio, micro-ondes, sauf aéronefs",Active,Service
N5820260,"Radio Receivers, Telemetry (Except Airborne)","Récepteurs radio, télémétrie, sauf aéronefs",Active,Service
N5820330,"Radio Receivers, Satellite","Récepteurs radio, satellite",Active,Service
N5820340,"Radio Receivers, Radio Telescope (Except Airborne)","Récepteurs radio, télescope radio, sauf aéronefs",Active,Service
N5820350,"Radio Receivers, Mobile (Except Airborne)","Récepteurs radio, mobiles, sauf aéronefs",Active,Service
N5820380,"Radio Transceivers and Transmitter-Receiver, VHF (Except Airborne)","Émetteurs-récepteurs combinés et séparés, VHF, sauf aéronefs",Active,Service
N5820388,"Radio Transceivers and Transmitter-Receiver, VHF, Special Design","Émetteurs-récepteurs combinés et séparés, VHF, modèle spécial",Active,Service
N5820390,"Radio Transceivers and Transmitter - Receiver, UHF (Except Airborne)","Émetteurs-récepteurs combinés et séparés, UHF, sauf aéronefs",Active,Service
N5820420,"Radio Transceivers and Transmitter-Receiver, Marine","Émetteurs-récepteurs combinés et séparés, marins",Active,Service
N5820430,"Radio Transceivers and Transmitter-Receiver, Mobile (EXcept Airborne)","Émetteurs-récepteurs combinés et séparés, mobiles, sauf aéronefs",Active,Service
N5820450,"Radio Transceivers and Transmitter-Receivers, Portable (Except Airborne)","Émetteurs-récepteurs combinés et séparés, portatifs, sauf aéronefs",Active,Service
N5820460,"Radio Transceivers and Transmitter-Receiver, Satellite","Émetteurs-récepteurs combinés et séparés, satellite",Active,Service
N5820A,"Camera, Video","Caméra, vidéo",Active,Service
N5820C,Television Systems,Système de télévision,Active,Service
N5820CC,"Television System, Program Production, Studio Package (Camera, Recorder, Video Monitors, Supports etc.)","Système de télévision, production d'émissions, ensemble studio caméra, enregistreur, moniteurs vidéo, supports, etc.",Active,Service
N5820D,"Camera, CCTV, Low Light Level (LLL) Application",Équipement de télévision à circuit fermé,Active,Service
N5820DA,"Camera, CCTV, Medical/Microscope Application, High Resolution","Caméra, système de télévision à circuit fermé",Active,Service
N5820DAF,"Camera, CCTV, Infrared","Caméra, système de télévision à circuit fermé, infrarouge",Active,Service
N5820DAK,"Camera, CCTV, Underwater Application","Caméra, système de télévision à circuit fermé, application, sous-marin",Active,Service
N5820DB,"Lenses, CCTV Camera","Lentilles, caméra de système de télévision à circuit fermé",Active,Service
N5820DC,"Monitors, CCTV, Video","Moniteur, système de télévision à circuit fermé",Active,Service
N5820DD,"Accessories, CCTV","Accessoires, télévision en circuit fermé",Active,Service
N5820DF,"Television Systems, CCTV","Systèmes de télévision, télévision en circuit fermé",Active,Service
N5821,"Radio and Television Communications Equipment, Airborne","Matériel de communications, radio et télévisuel pour aéronefs",Active,Service
N5821201,"Voice Communications Equipment, Airborne","Équipement de télécommunications orales, pour aéronefs",Active,Service
N5821202,"Radio and Television Communications Data and Telemetry Equipment, Airborne","Équipements de radiocommunication, de télévision et de télémétrie, pour aéronefs",Active,Service
N5825,"Radio Navigation Equipment, Except Airborne","Équipement de radionavigation, sauf aéronefs",Active,Service
N5825010,"Beacons, Radio Navigation Equipment (Except Airborne)","Radiophares, équipement de radionavigation, sauf aéronefs",Active,Service
N5825015,"Global Positioning System, Navigation Equipment (Except Airborne)","Systèmes de positionnement global, équipement de radionavigation, sauf aéronefs",Active,Service
N5825100,Direction Finding Equipment,Équipement de goniométrie,Active,Service
N5825110,Satellite Navigation Equipment (Except Airborne),"Équipement de navigation pour satellite, sauf aéronefs",Active,Service
N5825999,"Radio Navigation Equipment Except Airborne, Electrical and Electronic Components and Spares","Équipement de radio navigation, sauf pour aéronefs, composants et pièces de rechange électriques et électroniques",Active,Service
N5826,"Radio Navigation Equipment, Airborne",Équipements de radionavigation pour aéronefs,Active,Service
N5826205,Inertial Navigation Equipment (Airborne),"Équipement de navigation par inertie, pour aéronefs",Active,Service
N5826207,Satellite Navigation Equipment (Airborne),"Équipement de navigation par satellite, pour aéronefs",Active,Service
N5826208,Transponders Navigation Equipment (Airborne),"Équipement de navigation par transpondeurs, pour aéronefs",Active,Service
N5826212,Global Positioning Systems (Airborne),Systèmes mondiaux de localisation pour aéronefs,Active,Service
N5826999,Radio Navigation Equipment Airborne Electrical and Electronic Components and Spares,"Équipement de radionavigation, pour aéronefs, composants et rechanges électriques et électroniques",Active,Service
N5830,"Intercommunication and Public Address Systems, Except Airborne","Systèmes d'intercommunication et de sonorisation, sauf aéronefs",Active,Service
N5830A,Intercommunication Systems,Systèmes d'intercommunication,Active,Service
N5830B,Public Address Systems,Systèmes pour diffusion en public,Active,Service
N5830C,Paging Systems,Systèmes téléavertisseurs,Active,Service
N5830D,Sound Masking Systems,Systèmes de masquage du son,Active,Service
N5830Y,"Intercommunication and Public Address System (Except Airborne), Components and Spares",Système d'intercommunication et diffusion en public (Sauf aéroporté) composantes et pièces de rechange,Active,Service
N5831,"Intercommunication and Public Address Systems, Airborne",Systèmes d'intercommunication et de diffusion pour aéronefs,Active,Service
N5831999,Intercommunication and Public Address Systems Airborne Electrical and Electronic Components,"Systèmes d'intercommunication et de diffusion, pour aéronefs, composants et rechanges électriques et électroniques",Active,Service
N5835,Sound Recording and Reproducing Equipment,Équipement d'enregistrement et de reproduction du son,Active,Service
N5835A,Sound Reinforcement Components and Systems,"Enregistreur, audio, sauf bureau",Active,Service
N5835AA,"Recorder, Magnetic Tape, Reel to Reel, Audio","Enregistreur, bande magnétique, bobine, audio",Active,Service
N5835AB,Audio Players and Recorders - analog and digital,"Enregistreur, bande magnétique, bobine, multipiste, audio",Active,Service
N5835AC,"Recorder, Magnetic Tape, Reel to Reel, Digital Recording, Audio","Enregistreur, bande magnétique, enregistrement numérique audio",Active,Service
N5835H,Audio Recording Media,Media d'enregistrement audio,Active,Service
N5835J,Sound Recording Accessories,Accessoires d'enregistrement du son,Active,Service
N5835L,"Mixers, Audio","Mélangeur, audio",Active,Service
N5835Y,"Sound Recording and Reproducing Equipment, Components and Spares","Équipement d'enregistrement et de reproduction du son, composantes et pièces de rechange",Active,Service
N5836,Video Recording and Reproduction Equipment,Équipement d'enregistrement et de production vidéo,Active,Service
N5836A,Camera-Recorder,Caméra-enregistreuse,Active,Service
N5836AA,"Camera-Recorder, Broadcast, 1/2 in. Tape, Colour","Caméra-enregistreuse, pour diffusion, ruban 1/2 po, couleur, vidéo",Active,Service
N5836AB,"Camera-Recorder, Broadcast, 1/2 in. Tape, Digital, Colour","Caméra-enregistreuse, pour diffusion, ruban 1/2 po, numérique, couleur, vidéo",Active,Service
N5836B,Video Recorder/Player,"Enregistreur, lecture, vidéo",Active,Service
N5836C,Video Recording Media,"Media d'enregistrement, vidéo",Active,Service
N5836D,"Lenses, Video Camera","Lentilles, caméra vidéo",Active,Service
N5836DA,"Lenses, Video Camera, Broadcast","Lentilles, caméra vidéo, diffusion",Active,Service
N5836DB,"Lenses, Video Camera, Special","Lentilles, caméra vidéo, spécial",Active,Service
N5836E,"Switchers, Video","Commutateurs, vidéo",Active,Service
N5836HE,"Colour Encoder/Decorder, Video","Encodeur, décodeur de couleur, vidéo",Active,Service
N5836Y,"Video Recording and Reproducing, Components and Spares","Enregistreur et lecteur vidéo, composants et pièces de rechange",Active,Service
N5840,"Radar Equipment, Except Airborne","Équipement de radar, sauf aéronefs",Active,Service
N5840202,"Weather Radar Equipment, Except Airborne","Équipement radar météorologique, sauf aéronefs",Active,Service
N5840203,Speed Law Enforcement Radar Equipment,Equipement radar pour exécution de la loi sur la vitesse,Active,Service
N5840205,Marine Radar Equipment,Équipement radar marin,Active,Service
N5840206,"Beacon, Secondary Surveillance Radar (SSR) Radar Equipment, Except Airborne","Balise, radar de veille secondaire (RVS) équipement radar, sauf aéronefs",Active,Service
N5840207,"Precision Tracking Radar (PTR) Radar Equipment, Except Airborne","Radar a dépistage de précision (RDP) équipement radar, sauf aéronefs",Active,Service
N5840208,"Remote Monitoring and Control Systems, Radar Equipment, Except Airborne","Systèmes de surveillance et de contrôle à distance, équipement radar, sauf aéronefs",Active,Service
N5840209,"Stand-Off Electronic Location/Identification System, Radar Equipment, Except Airborne","Système d'identification/localisation électronique à montage vertical, équipement radar, sauf aéronefs",Active,Service
N5840999,Radar Equipment Except Airborne Electronic and Electrical Components and Spares,"Équipement radar, sauf aéronefs, composants et rechanges électriques et électroniques",Active,Service
N5841,"Radar Equipment, Airborne",Équipement de radar aéroporte,Active,Service
N5841201,"Weather, Mapping Radar Equipment, (Airborne)","Équipement radar météorologique et cartographique, pour aéronefs",Active,Service
N5841204,Altimeter Radar Equipment (Airborne),"Équipement radar d'altimétrie, pour aéronefs",Active,Service
N5845,Underwater Sound Equipment,Équipement de détection sous-marine,Active,Service
N5845010,Underwater Communications Systems,Équipement de communication sous-marine,Active,Service
N5845201,"Sonar Systems, ASW","Systèmes sonar, GASM",Active,Service
N5845202,Sonar Systems Other Than ASW,"Systèmes sonar, autres que GASM",Active,Service
N5845203,Sonobuoys,Bouées acoustiques,Active,Service
N5845204,"Underwater Sound Equipment, Fairings, Towed Bodies","Équipement de détection sous-marine, carénages, corps remorqués",Active,Service
N5845205,"Transducers, Hydrophones","Transducteurs, hydrophobes",Active,Service
N5845206,"Cable, Electric/Mechanical, Underwater Sound Equipment","Câbles, électriques, mécaniques, équipement de détection sous-marine",Active,Service
N5845207,"Underwater Sound Equipment, Miscellaneous","Équipement de détection sous-marine, divers",Active,Service
N5845209,"Pingers, Underwater Equipment","Émetteurs d'ultrasons, équipement sous-marin",Active,Service
N5845210,"Sonar Systems, ASW (Except Airborne)","Système sonar GASM, sauf aéronefs",Active,Service
N5845211,"Underwater Sound Equipment, Mine and Torpedo Detection","Équipement de détection sous-marine, mine et torpille",Active,Service
N5845212,Acoustic Data Processing System,Système de traitement des données acoustiques,Active,Service
N5845213,Magnetic Anomaly Detection Equipment (MAD),Matériel de détection d'anomalies magnétiques,Active,Service
N5845214,Echo Sounder Equipment,Matériel d'échosondeur,Active,Service
N5845999,Underwater Sound Equipment Electrical and Electronic Components and Spares,"Équipement de détection sous-marine, composants et rechanges électriques et électroniques",Active,Service
N5850,Visible and Invisible Light Communication Equipment,Équipements de transmissions par ondes électromagnétiques visibles et invisibles,Active,Service
N5850010,Infra-Red Communications Systems,Systèmes de transmissions infrarouges,Active,Service
N5850020,Fibre Optics Communications,"Transmissions, optique à filament",Active,Service
N5855,"Night Vision Equipment, Emitted and Reflected Radiation","Équipements de vision de nuit, par rayonnement émis ou réfléchi",Active,Service
N5855201,"Image Intensifiers, Night Vision","Intensificateurs d'image, vision de nuit",Active,Service
N5855202,"Infra Red Equipment, Night Vision","Équipement infrarouge, vision de nuit",Active,Service
N5855999,Night Vision Equipment Emitted and Relected Radiation Electrical and Electronic Components and Spares,"Équipement de vision de nuit, par rayonnement émis ou réfléchi composants et rechanges électriques et électroniques",Active,Service
N5860,"Stimulated Coherent Radiation Devices, Components and Accessories","Équipements à rayonnement cohérent, composants et accessoires",Active,Service
N5865,"Electronic Countermeasures, Counter-Countermeasures and Quick Reaction Capability Equipment",Équipements de contre-mesures et d'anti-contre mesures électroniques et équipements à capacité de réaction rapide,Active,Service
N5895,Miscellaneous Communications Equipment,Équipements divers de télécommunications,Active,Service
N5895010,"Communication Systems, Radio, Except Armoured Fighting Vehicles and Aircraft","Systèmes de télécommunications, radio, sauf véhicules blindés de combat et aéronefs",Active,Service
N5895202,Data Recorders (Airborne),"Enregistreurs de données, pour aéronefs",Active,Service
N5905,Resistors,Résistances,Active,Service
N5910,Capacitors,Condensateurs,Active,Service
N5915,Filter and Networks,Filtres et réseaux,Active,Service
N5920,"Fuses, Arresters, Absorbers, and Protectors",Coupe-circuits à fusibles et parafoudres,Active,Service
N5925,Circuit Breakers,Disjoncteurs,Active,Service
N5930,Switches,"Contacteurs, commutateurs",Active,Service
N5935,"Connectors, Electrical",Connecteurs électriques,Active,Service
N5935100,"Connectors, Electrical, Military","Connecteurs électriques, militaires",Active,Service
N5935150,"Connectors, Electrical, Commercial","Connecteurs électriques, commerciaux",Active,Service
N5940,"Lugs, Terminals and Terminal Strips","Cosses, bornes et barrettes de raccordement",Active,Service
N5945,Relays and Solenoids,Relais et solénoïdes,Active,Service
N5950,Coils and Transformers,Bobines d'auto-induction et transformateurs,Active,Service
N5955,Oscillators and Piezoelectric Crystals,Oscillateurs et Cristaux piézoélectriques,Active,Service
N5960,Electron Tubes and Associated Hardware,Tubes électroniques et matériel connexe,Active,Service
N5960CG,"Electron Tubes, Cathode Ray, Avionics","Tubes électroniques, aéronautiques à rayons cathodiques",Active,Service
N5961,Semiconductor Devices and Associated Hardware,Dispositifs à semi-conducteurs matériel connexe,Active,Service
N5962,"Microcircuits, Electronic","Microstructures, électroniques",Active,Service
N5963,Electronic Modules,Modules électroniques,Active,Service
N5965,"Headsets, Handsets, Microphones and Speakers","Casques d'écoute, combinés, microphones et haut-parleurs",Active,Service
N5970,Electrical Insulators and Insulating Materials,Isolateurs électriques et matières isolantes,Active,Service
N5975,Electrical Hardware and Supplies,Quincaillerie et fournitures électriques,Active,Service
N5977,Electrical Contact Brushes and Electrodes,Balais électriques et électrodes,Active,Service
N5980,Optoelectronic Devices and Associated Hardware,Appareils optoélectroniques et matériel connexe,Active,Service
N5985,"Antennas, Waveguides and Related Equipment","Antennes, guides d'ondes et équipement connexe",Active,Service
N5985020,"Antenna, Systems - LF","Systèmes d'antennes, LF",Active,Service
N5985260,"Masts, Communications (non marine)",Mâts de communications (non maritimes),Active,Service
N5990,Synchros and Resolvers,Synchros et résolveurs,Active,Service
N5995,"Cable, Cord, and Wire Assemblies, Communication Equipment","Câbles, cordons et fils électriques équipés, équipement de télécommunication",Active,Service
N5996,Amplifiers,Amplificateurs,Active,Service
N5996A,"Amplifiers, Radio Frequency","Amplificateurs, radiofréquence",Active,Service
N5998,"Electrical and Electronic Assemblies, Boards, Cards and Associated Hardware","Panneaux d'assemblages électriques et électroniques, cartes et matériel connexe",Active,Service
N5999,Miscellaneous Electrical and Electronic Components,Composants électriques et électroniques divers,Active,Service
N5999250,"Components, Electrical, N.E.S.","Composants électriques, N.E.A.",Active,Service
N5999A,Electronic Instruments and Recorders,Instruments et enregistreurs électroniques,Active,Service
N5999B,Electronic Specialties,Spécialités électroniques,Active,Service
N6010,Fiber Optic Conductors,Conducteurs en fibre optiques,Active,Service
N6015,Fiber Optic Cables,Câbles optiques en fibre,Active,Service
N6020,Fiber Optic Cable Assemblies and Harnesses,Assemblages et faisceaux de câbles en fibres optiques,Active,Service
N6021,Fiber Optic Switches,Commutateurs pour fibres optiques,Active,Service
N6030,Fiber Optic Devices,Dispositifs en fibres optiques,Active,Service
N6032,Fiber Optic Light Sources,Sources lumineuses pour fibres optiques,Active,Service
N6035,Fiber Optic Light Transfer and Image Transfer Devices,Dispositifs de transmission de la lumière et de l'image en fibres optiques,Active,Service
N6040,Fiber Optic Sensors,Capteurs pour fibres optiques,Active,Service
N6060,Fiber Optic Interconnectors,Interconnecteurs et fournitures pour fibres optiques,Active,Service
N6070,Fiber Optic Accessories and Supplies,Accessoires et fournitures pour fibres optiques,Active,Service
N6080,Fiber Optic Kits and Sets,Lots et jeux pour fibres optiques,Active,Service
N6099,Miscellaneous Fiber Optic Components,Composants divers pour fibres optiques,Active,Service
N6100,"Electric Wire, and Power and Distribution Equipment",Fils électriques et équipements générateurs et distributeurs d'énergie,Active,Service
N6105,"Motors, Electrical",Moteurs électriques,Active,Service
N6105200,"Motors, Electrical, General Purpose AC","Moteurs électriques, tout usage, courant alternatif",Active,Service
N6110,Electrical Control Equipment,Équipement électrique de commande,Active,Service
N6110100,Circuit Breakers,Disjoncteurs,Active,Service
N6115,"Generators and Generator Sets, Electrical",Génératrices électriques et groupes électrogènes,Active,Service
N6115312,"Generator Set, Diesel, Under 100KW, Except Aerospace, Marine and Armament","Groupe électrogène, diesel, moins de 100 kW, sauf aérospatial, marine et armement",Active,Service
N6115A,"Generators and Generator Sets, Electrical (Auxiliary Aircraft Generators Only)","Générateurs électriques et groupes électrogènes, générateurs auxiliaires seulement, aéronef",Active,Service
N6115B,"Generator Set, Diesel Engine","Groupe électrogène, moteur diesel",Active,Service
N6115BA,"Generator Set, Diesel Engine - Under 20 KW (Special Design) Marine","Groupe électrogène, moteur diesel, moins de 20 kW, modèle spécial, marin",Active,Service
N6115BB,"Generator Set, Diesel Engine - 20 KW to Under 100 KW (Special Design) Marine","Groupe électrogène, moteur diesel, 20 kW à 100 kW exclusivement, modèle spécial, marin",Active,Service
N6115C,"Generator Set, Gasoline Engine","Groupe électrogène, moteur à essence",Active,Service
N6115F,"Generators,Electrical","Générateurs, électriques",Active,Service
N6116,"Fuel Cell Power Units, Components, and Accessories","Piles à combustible, composants et accessoires",Active,Service
N6117,Solar Electric Power Systems,Alimentation électrique solaire,Active,Service
N6120,Transformers: Distribution and Power Station,Transformateurs: station d'alimentation et de distribution,Active,Service
N6120100,"Transformers, Electrical, over 1KVA","Transformateurs électriques, plus de 1 KVA",Active,Service
N6125,"Converters, Electrical, Rotating","Convertisseurs électriques, tournants",Active,Service
N6130,"Converters, Electrical, Nonrotating","Convertisseurs électriques, statiques",Active,Service
N6135,"Batteries, Primary",Éléments de piles,Active,Service
N6135250,"Batteries, Dry, Alkaline","Piles sèches, alcalines",Active,Service
N6135450,"Batteries, Dry, Lithium","Piles sèches, lithium",Active,Service
N6140,"Batteries, Rechargeable",Piles rechargeables,Active,Service
N6140650,"Batteries, Forklift Truck",Piles pour chariots élévateurs,Active,Service
N6145,"Wire and Cable, Electrical",Fils et câbles électriques,Active,Service
N6150,Miscellaneous Electric Power and Distribution Equipment,Équipement varié en alimentation et distribution électriques,Active,Service
N6160,"Miscellaneous Battery Retaining Fixtures, Liners and Ancillary Items",Dispositifs divers de montage de batterie et garnitures,Active,Service
N6210,Indoor and Outdoor Electric Lighting Fixtures,Dispositifs d'éclairage électrique intérieur et extérieur,Active,Service
N6210A,"Lighting Equipment, Emergency",Équipement d'éclairage d'urgence,Active,Service
N6210C,Lighting Equipment,Équipement d'éclairage,Active,Service
N6210CA,"Lighting Equipment, Aerodrome, Including Marker Lights","Équipement d'éclairage, aérodrome, incluant feux de balisage",Active,Service
N6220,Electric Vehicular Lights and Fixtures,Dispositifs d'éclairage électrique de véhicules,Active,Service
N6230,Electric Portable and Hand Lighting Equipment,Équipements d'éclairage électrique transportables et à main,Active,Service
N6230A,Flashlights (Except Underwater Type),"Lampes portatives, sauf type sous-marines",Active,Service
N6240,Electric Lamps,Lampes électriques,Active,Service
N6250,"Ballasts, Lampholders, and Starters","Ballasts de lampes, douilles et starters",Active,Service
N6260,Nonelectrical Lighting Fixtures,Dispositifs d'éclairage non électriques,Active,Service
N6300,Alarm and Signal Systems,Systèmes d'alarme et de signalisation,Active,Service
N6310,Traffic and Transit Signal Systems,Systèmes de signalisation pour la circulation et le transit,Active,Service
N6320,Shipboard Alarm and Signal Systems,"Systèmes d'alarme et de signalisation de bord, navires",Active,Service
N6330,Railroad Signal and Warning Devices,Signalisation de voies ferrées dispositifs avertisseurs,Active,Service
N6340,Aircraft Alarm and Signal Systems,"Systèmes d'alarme et de signalisation, d'aéronefs",Active,Service
N6350,"Alarm, Signal, and Security Detection Systems , Miscellaneous",Systèmes divers d'alarme de signalisation et de détection de sécurité,Active,Service
N6350010,Intrusion Alarms,Alarmes anti-intrusion,Active,Service
N6350050,Electronic Identification Devices - RFID,Dispositifs d' indentification électronique - DIRF,Active,Service
N6350304,"Sirens, Fire, Electrical and Mechanical","Sirènes, incendie, électriques et mécaniques",Active,Service
N6350999,Miscellaneous Alarm and Signal Systems Electrical and Electronic Components and Spares,"Systèmes divers de signalisation et d alarme, composants et rechanges électriques et électroniques",Active,Service
N6350A,"Bells, Buoy, Navigation Marker, Marine","Cloches, bouée, marqueur de navigation, marines",Active,Service
N6350B,"Bells, Ship (Non Electric)","Cloches, navire, non électriques",Active,Service
N6505,Drugs and Biologicals,Produits pharmaceutiques et biologiques,Active,Service
N6505088,BCG Vaccine (Freeze-Dried),Vaccin BCG (cryodesséché),Active,Service
N6505552,PANCREATIN BILE SALTS AND HEMICELLULOSE TABLETS,"Pancréatine, sels de bile et hemicellulose, comprimés",Active,Service
N6505CP,FOOT POWDER,Poudre pour les pieds,Active,Service
N6508,Medicated Cosmetics and Toiletries,Cosmétiques et produits de toilette médicamenteux,Active,Service
N6508B,SUNBURN PREVENTATIVE PREPARATIONS,Préparations antisolaires,Active,Service
N6508E,"Skin and Hand Creams, Lotions and Foams; Silicone Based","Derma shield, protection de la peau",Active,Service
N6508F,Protective Cream,Crème protectrice,Active,Service
N6509,"Drugs and Biologicals, Veterinary Use","Médicaments et produits biologiques, usage vétérinaire",Active,Service
N6510,Surgical Dressing Materials,Matériels de pansements chirurgicaux,Active,Service
N6510E,BANDAGES AND DRESSINGS,Bandages et pansements,Active,Service
N6510ES,"DRESSING MATERIEL, WOUND TREATMENT","Matériau pour pansement, traitement des blessures",Active,Service
N6510ET,"SUPPORTS ELASTIC, ANKLE, KNEE, ELBOW","Supports, élastiques, chevilles, genoux, épaules",Active,Service
N6510M,PACKS AND PADS (SURGICAL DRESSING MATERIALS),Pansements et tampon (matériels pour pansement chirurgical),Active,Service
N6510MH,PADS INCONTINENCE,Culottes d'incontinence,Active,Service
N6510QC,"SPONGE, ABSORBABLE GELATIN","Éponge, gélatine résorbable, chirurgie",Active,Service
N6515,"Medical and Surgical Instruments, Equipment and Supplies","Instruments, équipements et approvisionnements médicaux et chirurgicaux",Active,Service
N6515001,DRUG DELIVERY SYSTEMS (N.E.S.),"Produits pharmaceutiques intraveineux, N.E.A.",Active,Service
N6515002,"VENTILATORS, INFANTS AND ADULTS",Ventilateurs pour enfants et adultes,Active,Service
N6515004,EMERGENCY ASSISTANCE REQUEST SYSTEMS,Système de demande d'aide en cas d'urgence,Active,Service
N6515005,PLASMA THAWING UNITS,Unités de décongélation de plasma,Active,Service
N6515007,IV - PUSH PRESSURE INFUSOR,"Intraveineuse, pompe de perfusion sous pression",Active,Service
N6515BD,WALKERS (TML) FOLDING,Marcheuses (TML) pliantes,Active,Service
N6515C,MEDICAL EQUIPMENT SURGICAL/DIAGNOSTIC AND ACCESSORIES,"Équipement médical pour chirurgie/diagnostic, et accessoires",Active,Service
N6515CC,"BOOTHS, AUDIOMETRIC EXAMINATION","Cabine, examen audiométrique",Active,Service
N6515CEA,"BULB, SPHYGMOMANOMETER","Poire, sphygmomanomètre",Active,Service
N6515CF,DEFIBRILLATORS,Défibrillateurs,Active,Service
N6515CG,ELECTROCARDIOGRAPH,Électrocardiographe,Active,Service
N6515CH,ELECTROENCEPHALOGRAPH,Électroencéphalographe,Active,Service
N6515CLA,ULTRASONIC UNIT PHYSIOTHERAPEUTIC,"Unité à ultrasons, physiothérapeutique",Active,Service
N6515CN,OXYGEN MEDICAL EQUIPMENT,Équipement médical d'oxygène,Active,Service
N6515CS,"MONITOR, PHYSIOLOGICAL FUNCTIONS AND ACCESSORIES","Contrôleur, fonctions physiologiques et accessoires",Active,Service
N6515CSA,"DEVICE BIOFEEDBACK, HEART RATE MONITORING","Dispositif de biorétroaction, contrôle de fréquence cardiaque",Active,Service
N6515CVA,VALVES AND CATHETERS CARDIAC,Valves et cathéters cardiaques,Active,Service
N6515CW,ENDOSCOPES,Endoscopes,Active,Service
N6515CZ,PATHOLOGY EQUIPMENT,Équipement de pathologie,Active,Service
N6515D,SURGICAL INSTRUMENT,Instruments chirurgicaux,Active,Service
N6515HC,"GLOVES, LATEX, DISPOSABLE","Gants, latex, jetables",Active,Service
N6515J,HEARING AIDS,Appareils auditifs,Active,Service
N6515K,INSUFFLATORS AND ACCESSORIES,Insufflateurs et accessoires,Active,Service
N6515L,"NEBULIZER, MEDICINAL","Appareil aérosol, médical",Active,Service
N6515N,"PLUG, EAR",Obturateur auriculaire,Active,Service
N6515NC,"PLUG, EAR, RUBBER","Obturateur auriculaire, caoutchouc",Active,Service
N6515T,"CONDOM (SHEATH, PROPHYLACTIC)","Condom (gaines, prophylactiques)",Active,Service
N6515V,Veterinary Equipment and Supplies,Équipement et accessoires de vétérinaire,Active,Service
N6515Y,PROSTHETIC SUPPLIES,Fournitures prosthétiques,Active,Service
N6515ZA,THERMAL TRANSFER OR COLD/HOT PACKS,Enveloppement froid/chaud ou de transmission thermique,Active,Service
N6515ZB,HYPOTHERMIA EQUIPMENT,Matériel hypothermique,Active,Service
N6520,"Dental Instruments, Equipment, and Supplies","Instruments, équipement et approvisionnements dentaires",Active,Service
N6520A,DENTAL BURR,Fraise dentaire,Active,Service
N6520B,DENTAL CHAIR,Fauteuil dentaire,Active,Service
N6520Q,DENTAL UNITS,Groupes dentaires,Active,Service
N6520U,"DENTAL INSTRUMENTS, EQUIPMENT AND SUPPLIES (N.E.S.)","Instruments, équipement et accessoires dentaires (N.E.A.)",Active,Service
N6525,"Imaging Equipment and Supplies: Medical, Dental, Veterinary","Fournitures et équipement de formation d'images: medical,dentaire, vétérinaire",Active,Service
N6525A,X-RAY EQUIPMENT (EXCEPT INDUSTRIAL),"Équipement à rayons X, sauf industriel",Active,Service
N6525AA,"X-RAY EQUIPMENT, RADIOGRAPHIC, MEDICAL","Équipement à rayons X, radiographique, médical",Active,Service
N6525B,"CHEMICALS, X-RAY FILM",Pellicules radiographiques chimiques,Active,Service
N6525E,"PROCESSORS, X-RAY FILM","Développeurs, films radiographiques",Active,Service
N6525F,"X-RAY FILM, MEDICAL (ALL TYPES)","Film, radiographique, médical, de tous genres",Active,Service
N6525G,"Ultrasonic Unit, Diagnostic, Human","Unité à ultrasons, diagnostique humain",Active,Service
N6525H,Nuclear Magnetic Resonance Spectroscopy,Spectroscopie à résonnance nucléaire magnétique,Active,Service
N6525J,Computed Tomography (CT) Scanner,"Lecteur pour tomographie informatisée, CT",Active,Service
N6525K,Magnetic Resonance Imaging Equipment (MRI),Équipement d'imagerie par résonance magnétique (IRM),Active,Service
N6530,"Hospital Furniture, Equipment, Utensils and Supplies","Mobiliers, équipements, ustensiles et approvisionnements d'hôpitaux",Active,Service
N6530001,DRUG RECOVERY EQUIPMENT,Matériel de récupération des drogues,Active,Service
N6530A,"BED, HOSPITAL","Lit, hôpital",Active,Service
N6530AB,"BED, HOSPITAL, STEEL, ELECTRICALLY OPERATED","Lit, hôpital, acier, électrique",Active,Service
N6530B,"CHAIR, HOSPITAL","Fauteuil, hôpital",Active,Service
N6530BA,"CHAIR, HOSPITAL, GERIATRIC TYPE","Fauteuil, hôpital, type gériatrie",Active,Service
N6530BB,"CHAIR, HOSPITAL, CONVALESCENT TYPE","Fauteuil, hôpital, type convalescence",Active,Service
N6530C,"FURNITURE, HOSPITAL","Mobilier, hôpital",Active,Service
N6530E,STOOL (HOSPITAL),Tabouret (hôpital),Active,Service
N6530EA,"STOOL, REVOLVING, ADJUSTABLE (HOSPITAL)","Tabouret, tournant, ajustable, hôpital",Active,Service
N6530F,TABLE (HOSPITAL),"Table, hôpital",Active,Service
N6530GAC,"BAG, URINE","Sac, urine",Active,Service
N6530GBB,"BASIN, EMESIS, STAINLESS STEEL","Bassin, réniforme, acier inoxydable",Active,Service
N6530GC,"BEDPAN, STEELWARE","Bassin de lit, en acier",Active,Service
N6530GEC,"BOTTLE/VIAL, GLASS (PRESCRIPTION DISPENSING)","Bouteille, fiole, verre, distribution d'ordonnances",Active,Service
N6530GJ,"CABINETS, HOSPITAL","Armoire vitrine, hôpital",Active,Service
N6530GL,"CART, HOSPITAL","Chariots, hôpital",Active,Service
N6530LAB,"Lights, Examining","Lampe, examen",Active,Service
N6530LB,LITTER/STRETCHER,"Litière, chariot",Active,Service
N6530LBA,"LITTER/STRETCHER, ALUMINUM","Litière, chariot, aluminium",Active,Service
N6530LBB,"LITTER/STRETCHER, FOLDING","Litière, chariot, pliant",Active,Service
N6530LBC,"LITTER/STRETCHER, SURVIVAL","Litière, chariot, survivance",Active,Service
N6530NB,ORTHOPEDIC EQUIPMENT,Équipement orthopédique,Active,Service
N6530PB,"PAPER, SHEETING, EXAMINATION-TREATMENT, TABLES","Garniture de propreté, tables examens et traitements",Active,Service
N6530PC,PHYSIOTHERAPY EQUIPMENT,Équipement de physiothérapie,Active,Service
N6530PCA,BATH WHIRLPOOL,Bain tourbillon,Active,Service
N6530PD,"PIN, SAFETY, ORTHOPEDIC TYPE","Épingle de sûreté, type orthopédique",Active,Service
N6530PG,PULMONARY EQUIPMENT,Équipement pulmonaire,Active,Service
N6530PL,RADIOLOGY EQUIPMENT,Équipement de radiologie,Active,Service
N6530Q,CHAIR EVACUATION,Chaise d'aisance,Active,Service
N6530RA,RESPIRATOR,Respirateur,Active,Service
N6530SA,STAND (HOSPITAL),"Support, hôpital",Active,Service
N6530SB,STERILIZER,Stérilisateur,Active,Service
N6530SBA,"STERILIZER/AUTOCLAVE, PORTABLE","Stérilisateur, autoclave, portatif",Active,Service
N6530SBB,"STERILIZER, BEDPAN, BOILING TYPE","Stérilisateur, bassin de lit, type ébullition",Active,Service
N6530SBG,"STERILIZER, WATER TYPE","Stérilisateur, type à eau",Active,Service
N6530SBH,"STERILIZER, WATER, ULTRAVIOLET","Stérilisateur, à eau, à ondes ultraviolettes",Active,Service
N6530SC,STERILIZER CONTROLS,Commandes de stérilisateur,Active,Service
N6530SE,"STRETCHER, AMBULANCE/HOSPITAL, WHEELED","Civière, ambulance, hôpital, sur roues",Active,Service
N6530SH,"STRAPS, RESTRAINT",Pontets,Active,Service
N6530TAB,"TABLE, EXAMINING","Table, examen malade",Active,Service
N6530TD,"TUBE, DRINKING, BENT TYPE, GLASS","Chalumeau, boisson, type flexible, verre",Active,Service
N6530WB,"Wheelchair, All Types","Fauteuil roulant, tous les types",Active,Service
N6530WC,PATIENT LIFT AND TRANSPORT DEVICE,Dispositif de levage et de transport de patient,Active,Service
N6530X,AMBULATORY AIDS,Aides ambulatoires,Active,Service
N6532,Hospital and Surgical Clothing and Related Special Purpose Items,Vêtements d'hôpital et de salle d'opération et articles apparentes à usage spécial,Active,Service
N6540,"Opticians Equipment, Instruments and Supplies","Équipement, instruments et approvisionnements d'opticien",Active,Service
N6540A,"OPTICIANS INSTRUMENTS, EQUIPMENT AND SUPPLIES (N.E.S.)","Instruments, équipements et approvisionnements d'opticiens (N.E.A.)",Active,Service
N6540C,Eyeglasses,Lunettes,Active,Service
N6545,"Replenishable Field Medical Sets, Kits, and Outfits",Trousses médicales de campagne à réapprovisionner,Active,Service
N6545B,"FIRST AID KIT, GENERAL PURPOSE","Nécessaire de premiers soins, tout usage",Active,Service
N6545D,"OPTICAL EQUIPMENT SET, DIAGNOSTIC, FIELD SERVICE UNIT","Lot d'équipement optique, diagnostic, unité de service sur le champ",Active,Service
N6545EA,KIT SEXUAL ASSAULT EXAMINATION,Trousse d'examen pour assaut sexuel,Active,Service
N6550,"In Vitro Diagnostic Substances, Reagents, Test Kits and Sets","Substances et réactifs pour le diagnostic en vitro, jeux et trousses",Active,Service
N6550FR,TEST KITS,Trousses d'analyse,Active,Service
N6550FRJ,"TEST KITS, DIAGNOSTIC REAGENTS","Trousses d'analyse, réactifs pour le diagnostic",Active,Service
N6550FS,TEST STRIPS AND COLOUR CHART,Bâtonnets réactifs et tableau colorimétrique,Active,Service
N6550G,"SENSITIVITY DISCS, DIAGNOSTIC (ANTIBIOTIC)","Disques, sensibilité, diagnostic, antibiotique",Active,Service
N6605,Navigational Instruments,Instruments de navigation,Active,Service
N6605201,"NAVIGATIONAL INSTRUMENTS, AIRBORNE","Instruments de navigation, pour aéronefs",Active,Service
N6605993,"COMPASS, MAGNETIC, UNMOUNTED, WRIST TYPE","Boussole portative, genre bracelet",Active,Service
N6605999,NAVIGATIONAL INSTRUMENTS MISCELLANEOUS SPARES,"Instruments de navigation divers, de rechange",Active,Service
N6610,Flight Instruments,Instruments de contrôle de vol,Active,Service
N6615,Automatic Pilot Mechanisms and Airborne Gyro Components,Mécanismes de pilotes automatiques et composants gyroscopiques pour aéronefs,Active,Service
N6620,Engine Instruments,Instruments de moteurs,Active,Service
N6625,Electrical and Electronic Properties Measuring and Testing Instruments,Instruments de mesure et d'essai de propriétés électriques et électroniques,Active,Service
N6625A,"AMPLIFIERS AND PREAMPLIFIERS, TEST","Amplificateurs et préamplificateurs, essai",Active,Service
N6625AA,"AMPLIFIERS, TEST","Amplificateurs, essai",Active,Service
N6625B,"ANALYZERS, ELECTRONIC TEST EQUIPMENT (SEE ALSO TEST SETS, ELECTRONIC TEST EQUIPMENT)","Analyseurs, équipement d'essai électronique, voir aussi trousses d'essai, équipement d'essai électronique",Active,Service
N6625BV,"ANALYZERS, SPECTRUM","Analyseurs, de spectres",Active,Service
N6625C,"ATTENUATORS, TEST","Atténuateurs, essai",Active,Service
N6625E,"CALIBRATORS, ELECTRONIC TEST EQUIPMENT","Calibreurs, équipement d'essai électronique",Active,Service
N6625F,"COMPARATORS, TEST","Comparateurs, essai",Active,Service
N6625G,"COUNTERS, ELECTRONIC TEST EQUIPMENT","Compteurs, équipement d'essai électronique",Active,Service
N6625H,"GENERATORS, ELECTRONIC TEST EQUIPMENT (SEE ALSO OSCILLATORS, ELECTRONIC TEST EQUIPMENT)","Générateurs, équipements d'essai électronique, voir aussi oscillateurs, équipement d'essai électronique",Active,Service
N6625K,"INDICATORS AND DETECTORS, ELECTRONIC TEST EQUIPMENT","Indicateurs et détecteurs, équipement d'essai électronique",Active,Service
N6625L,"LOADS, ELECTRONIC TEST EQUIPMENT","Charges, équipement d'essai électronique",Active,Service
N6625M,"METERS, ELECTRONIC TEST EQUIPMENT","Instruments de mesure, équipement d'essai électronique",Active,Service
N6625MDA,"METERS, AUDIO",Sonomètres,Active,Service
N6625MES,"METERS, RADIATION","Instruments de mesure, radiamètre",Active,Service
N6625N,"MODULATORS AND DEMODULATORS, TEST","Modulateurs et démodulateurs, essai",Active,Service
N6625P,"OSCILLATORS, ELECTRONIC TEST EQUIPMENT (SEE ALSO GENERATORS, ELECTRONIC TEST EQUIPMENT)","Oscillateurs, équipement d'essai électronique, voir aussi, générateurs, équipement d'essai électronique",Active,Service
N6625R,OSCILLOSCOPES AND ACCESSORIES,Oscilloscopes et accessoires,Active,Service
N6625RB,"OSCILLOSCOPES, BANDWIDTH GREATER THAN 100 MH Z","Oscilloscopes, largeur de bande plus de 100 mHz",Active,Service
N6625RC,"OSCILLOSCOPES, 50 MH Z, 4 CHANNEL","Oscilloscopes, 50 mHz, canaux",Active,Service
N6625S,"POWER SUPPLIES, ELECTRICAL TEST EQUIPMENT","Alimentation, équipement d'essai électrique",Active,Service
N6625T,"PROBES, ELECTRONIC TEST EQUIPMENT (EXCEPT OSCILLOSCOPE)","Sondes, équipement d'essai électronique, sauf oscilloscope",Active,Service
N6625U,"RECORDERS AND PLOTTERS, ELECTRONIC TEST EQUIPMENT","Enregistreurs et traceurs, équipement d'essai électronique",Active,Service
N6625V,"STANDARDS, ELECTRICAL","Étalons, électriques",Active,Service
N6625W,"TEST SETS, ELECTRONIC TEST EQUIPMENT (SEE ALSO ANALYZERS, ELECTRONIC TEST EQUIPMENT)","Trousses d'essais, équipement d'essai électronique, voir aussi analyseurs, équipement d'essai électronique",Active,Service
N6625WU,DATA LOGGERS,Emmagasinages des données d'essais,Active,Service
N6625Y,WAVEGUIDE AND COAXIAL TEST COMPONENTS AND ACCESSORIES,Accessoires et composants d'essai coaxial et guide d'ondes,Active,Service
N6625YU,"WAVEGUIDE, WINDOWS, TEST","Filtres de guide d'ondes, essai",Active,Service
N6625Z,"ELECTRONIC TEST EQUIPMENT, N.E.S. AND COMPONENTS AND ACCESSORIES",Équipement d'essai électronique et composants et accessoires,Active,Service
N6625ZAS,"SCANNER, TEST","Analyseur, essai",Active,Service
N6625ZCA,"CURRENT TRACERS, LOGIC","Traceur de courant, logique",Active,Service
N6630,Chemical Analysis Instruments,Instruments d'analyse chimique,Active,Service
N6630A,ANALYZERS,Analyseurs,Active,Service
N6630AA,"ANALYZERS, AMINO ACID","Analyseurs, aminoacide",Active,Service
N6630AC,"ANALYZERS, COAGULATION, AUTOMATIC","Analyseurs, automatiques, coagulation",Active,Service
N6630AE,"ANALYZERS, ELECTRON PROBE (MICROPROBE)","Analyseurs, sonde électronique, microsonde",Active,Service
N6630AF,"ANALYZERS, GAS (INCLUDES NOX, CO, CO2, SO2, O2) EXCLUDES HAZARD TYPE","Analyseurs de gaz, comprend NOX, CO, CO2, SO2, O2, exclut type danger",Active,Service
N6630AG,"ANALYZERS, ELEMENTAL (C, H, N, TOC)","Analyseurs, élémentaires, C, H, N, TOC",Active,Service
N6630AH,"ANALYZERS, BLOOD GAS, ELECTROLYTES (PCO,PH,PO,NA,K,CA)","Analyseurs, gaz dans le sang, électrolytes, PCO, PH, PO, NA, K, CA",Active,Service
N6630AJ,"ANALYZERS, FLOW CYTOMETERS","Analyseurs, cytomètres à flux continu",Active,Service
N6630AL,"ANALYZERS, POLAROGRAPHY","Analyseurs, polarographe",Active,Service
N6630AM,"ANALYZERS, CHEMICAL, AUTOMATIC (INCLUDES CLINICAL)","Analyseurs chimiques, automatiques, comprend médicaux",Active,Service
N6630AN,"ANALYZERS, SURFACE ORIENTATED (AUGER, PHOTOELECTRON SPECTROMETERS, MOLECULAR BEAM EPITAXY, CHEMICAL VAPOR DEPOSITION)","Analyseurs de surface, orientés, spectromètres de photoélectrons Auger, épitaxie de faisceau moléculaire, dépôt de vapeur chimique",Active,Service
N6630B,CHROMATOGRAPH,Chromatographe,Active,Service
N6630BA,"CHROMATOGRAPH, GAS",Chromatographe en phase gazeuse,Active,Service
N6630BB,"CHROMATOGRAPH, GAS, MASS SPECTROMETER, DATA SYSTEM (GC, MS/DS)","Chromatographe en phase gazeuse, spectromètre de masse, système de données, CG, SM, SD",Active,Service
N6630BC,"CHROMATOGRAPH, GAS, MASS SPECTROMETER","Chromatographe, gaz, spectromètre à masse",Active,Service
N6630BD,"CHROMATOGRAPH, LIQUID (HPLC)","Chromatographe, liquide, CLHP",Active,Service
N6630BF,"CHROMATOGRAPH, ACCESSORIES (COLUMNS, DETECTORS, PUMPS)","Chromatographe, accessoires, colonnes, détecteurs, pompes",Active,Service
N6630BH,"CHROMATOGRAPH, ION",Chromatographe ionique,Active,Service
N6630C,COLORIMETER (ALL TYPES),"Colorimètre, tous les types",Active,Service
N6630D,COUNTERS,Compteurs,Active,Service
N6630DA,"COUNTERS, LIQUID SCINTILLATION","Compteurs, à scintillation de liquide",Active,Service
N6630DB,"COUNTERS, GAMMA",Compteurs de rayons Gamma,Active,Service
N6630DC,"COUNTERS, PLANCHET SYSTEMS","Compteurs, systèmes à flan",Active,Service
N6630DE,"COUNTERS, PARTICLE","Compteurs, particule",Active,Service
N6630E,TURBIDIMETER (INCL NEPHELOMETER),"Opacimètre, incluant néphélomètre",Active,Service
N6630F,HYDROMETER (ALL TYPES),"Hydromètre, tous les types",Active,Service
N6630G,PH METERS (ALL TYPES),"Ph mètres, tous les types",Active,Service
N6630GA,"PH METERS, ACCESSORIES (INCLUDES BUFFERS, ELECTRODES)","Ph mètres, accessoires, comprend tampons, électrodes",Active,Service
N6630H,"MONITOR, GAS, (BETA)","Contrôleur, gaz (beta)",Active,Service
N6630L,VISCOMETER (ALL TYPES),"Viscomètre, tous les types",Active,Service
N6630M,WATER SAMPLING KITS (ALL TYPES),"Trousses pour prises d'échantillon de l'eau, tous les types",Active,Service
N6630N,SOIL TESTING KITS,Jeux d'analyse du sol,Active,Service
N6630P,SPECTROMETER,Spectromètre,Active,Service
N6630PA,"SPECTROMETER, NUCLEAR MAGNETIC, RESONANCE (NMR) (INCLUDES FOURIER TRANSFORM)","Spectromètre, résonnance magnétique nucléaire, RMN, inclut transformée de fourrier",Active,Service
N6630PC,"SPECTROMETER, MASS (EXCEPT LEAK DETECTOR TYPE)","Spectromètre, de masse, sauf type détecteur de fuites",Active,Service
N6630PCA,IONIZATION SOURCE FOR MASS SPECTROMETERS,Source d'ionisation pour spectrographe de masse,Active,Service
N6630PD,"SPECTROMETER, PLASMA EMISSION","Spectromètre, émission de plasma",Active,Service
N6630PF,"SPECTROMETER, MASS/ICP SOURCE","Spectromètre, masse/source ICP",Active,Service
N6630Q,WATER QUALITY MONITORING SYSTEMS (IN-SITU),Systèmes de contrôle de la qualité de l'eau (in-situ),Active,Service
N6630R,CALORIMETERS AND THERMAL ANALYSERS,Calorimètres et analyseurs thermiques,Active,Service
N6630RA,CALORIMETERS,Calorimètres,Active,Service
N6630RB,"THERMAL ANALYSIS SYSTEMS, INCLUDES THERMOGRAVIMETRIC ANALYSER (TGA) - DIFFERENTIAL THERMAL ANALYSER (DTA) - THERMO MECHANICAL ANALYSER (TMA) - DIFFENENTIAL SCANNING CALORIMETER (DSC)","Systèmes d'analyse thermique, comprend l'analyseur thermomassique - analyseur thermique différentiel - analyseur thermomécanique - calorimètre d'analyse différentielle",Active,Service
N6630S,Vapour Pressure Determination Apparati & Instruments,Appareil à pression de vapeur,Active,Service
N6630T,"METERS/BRIDGES, CONDUCTANCE, CONDUCTIVITY, SALINITY","Compteurs/compteurs montés en dérivation, conductivité, salinité",Active,Service
N6635,Physical Properties Testing Equipment,Équipements pour l' examens des propriétes physiques et pour l'inspection,Active,Service
N6635A,"ANALYZERS, PARTICLE SIZE","Analyseurs, dimension de particules",Active,Service
N6635B,"COMPARATORS, OPTICAL PROJECTION",Projecteur de profil,Active,Service
N6635C,Physical Properties Testing Equipment,Équipement de propret physique,Active,Service
N6635CA,BOILING POINT DETERMINATION APPARATUS,Appareil déterminant le point d'ébullition,Active,Service
N6635CC,MOISTURE DETERMINATORS,Détecteurs d'humidité,Active,Service
N6635D,DETECTORS (EXCEPT HAZARD DETECTING),"Détecteurs, sauf détection de danger",Active,Service
N6635DA,"DETECTORS, LEAK (GAS, VACUUM, LIQUID)","Détecteurs de fuites, gaz, vide, liquide",Active,Service
N6635DC,"DETECTORS, METAL FLAW, ELECTRONIC","Détecteurs, défaut de métal, électroniques",Active,Service
N6635DF,"SCANNER, RADIOISOTOPE",Analyseur radio-isotope,Active,Service
N6635E,"INSPECTION EQUIPMENT, ULTRA-SONIC","Équipement d'inspection, ultra-sonore",Active,Service
N6635F,SPECTROMETER,Spectromètre,Active,Service
N6635FA,"SPECTROMETER, ELECTRON IMPACT","Spectromètre, impact électronique",Active,Service
N6635FB,"SPECTROMETER, GAMMA RAY","Spectromètre, rayon gamma",Active,Service
N6635FC,"SPECTROMETER, MASS, LEAK DETECTOR TYPE","Spectromètre, masse, type détecteur de fuite",Active,Service
N6635FE,"SPECTROMETER, FLUORESCENCE","Spectromètre, fluorescence",Active,Service
N6635FG,"SPECTROMETER, POCKET","Spectromètre, de poche",Active,Service
N6635FJ,"SPECTROMETER, X-RAY DIFFRACTION","Spectromètre, diffraction radiographique",Active,Service
N6635FK,"SPECTROMETER, ENERGY DISPERSIVE (EDX)","Spectromètre, dispersant d'énergie, EDX",Active,Service
N6635FL,"SPECTROMETER, X-RAY FLUORESCENCE","Spectromètre, rayon-X fluorescence",Active,Service
N6635FM,"SPECTROMETER, WAVE DISPERSIVE","Spectromètre, onde dispersive",Active,Service
N6635H,TESTERS,Vérificateurs,Active,Service
N6635HB,"TESTERS, CABLE TENSIOMETER",Vérificateurs d'indicateur de tension pour câble,Active,Service
N6635HC,"TESTERS, MATERIAL HARDNESS",Appareils à éprouver la dureté de matériaux,Active,Service
N6635HD,"TESTERS, IMPACT","Vérificateurs, pour choc",Active,Service
N6635HF,"TESTERS, MATERIAL STRENGTH",Dynamomètres-compressiomètres,Active,Service
N6635HM,"TESTERS, TORQUE TENSION","Bancs d'étalonnage, tension",Active,Service
N6635HN,CALIBRATION AND TEST SPECIMENS,Échantillons d'essai et calibrage,Active,Service
N6635J,"TESTING EQUIPMENT, NON-DESTRUCTIVE","Banc de contrôle, non destructeur",Active,Service
N6635K,TESTING MACHINES,Machines d'essai,Active,Service
N6635KB,"TESTING MACHINES, GEAR, (UNIVERSAL)","Machines d'essai, engrenage, universelles",Active,Service
N6635KC,"TESTING MACHINES, VIBRATION","Machines d'essai, vibration",Active,Service
N6635M,"X-RAY APPARATUS (EXCEPT MEDICAL, DENTAL AND VETERINARY)","Appareil à rayons X, sauf médical, dentaire et vétérinaire",Active,Service
N6635MA,"X-RAY APPARATUS, RADIOGRAPHIC, INDUSTRIAL","Appareil radiographique, industriel",Active,Service
N6635MD,"X-RAY EQUIPMENT, DIFFRACTION","Équipement radiographique, diffraction",Active,Service
N6635MF,"X-RAY FILM, INDUSTRIAL","Film radiographique, industriel",Active,Service
N6635N,"BALANCING MACHINE, DYNAMIC-STATIC, HORIZONTAL","Équilibreur dynamique-statique, horizontal",Active,Service
N6635P,RHEOMETER,Rhéomètre,Active,Service
N6635Q,POROSIMETER,Porosimètre,Active,Service
N6636,Environmental Chambers and Related Equipment,Enceintes à ambiance conditionnée et équipement connexe,Active,Service
N6636A,ENVIRONMENTAL CHAMBERS,Enceintes à ambiance conditionnée,Active,Service
N6636AA,"ENVIRONMENTAL CHAMBERS, CONTROLLED (INCLUDES HUMIDITY AND TEMPERATURE)","Enceintes à ambiance conditionnée, comprend humidité et température",Active,Service
N6636AB,"TEMPERATURE CONTROL CHAMBER, WALK-IN TYPE",Chambre pour contrôle de la température,Active,Service
N6636AC,"ENVIRONMENTAL CONTROL CHAMBERS, ANIMAL","Enceintes pour contrôle de l'ambiance, animaux",Active,Service
N6636AD,"ENVIRONMENTAL CONTROL CHAMBERS, PLANT GROWTH","Enceintes pour contrôle de l'ambiance, croissance des plantes",Active,Service
N6636B,"CHAMBER, ACOUSTIC NOISE, ENVIRONMENTAL TYPE","Enceinte, bruit acoustique, type à ambiance conditionnée",Active,Service
N6636D,"CHAMBERS, VACUUM","Chambres, à vide",Active,Service
N6636G,RAIN SIMULATION EQUIPMENT,Équipement pour simulation de pluie,Active,Service
N6636H,WIND TUNNELS,Tunnels aérodynamiques,Active,Service
N6636J,ENVIRONMENTAL CONTROL EQUIPMENT (N.E.S.),Équipement pour contrôle de l'ambiance (N.E.A.),Active,Service
N6636K,FERMENTATION CHAMBERS (VESSELS) AND ACCESSORIES,"Chambres de fermentation, récipients et accessoires",Active,Service
N6640,Laboratory Equipment and Supplies,Équipement et approvisionnements de laboratoire,Active,Service
N6640200,"SHAKING MACHINE, LABORATORY","Tonneau à polir, laboratoire",Active,Service
N6640210,PROTEIN DNA/RNA SYNTHESIZERS,"Synthétiseurs de protéines A.D.N., A.R.N.",Active,Service
N6640220,PROTEIN DNA/RNA SEQUENCERS,"Séquenceurs de protéines A.D.N., A.R.N.",Active,Service
N6640300,ELECTROPHORESIS EQUIPMENT,Équipement électrophorèse,Active,Service
N6640A,"CABINETS, LABORATORY","Armoire, laboratoire",Active,Service
N6640AA,"CABINETS, DESICCATING (EXCLUDES DESICCATORS)","Armoire, à dessiccation, exclut les dessiccateurs",Active,Service
N6640AB,"CABINETS, LABORATORY STORAGE (INCLUDES WOOD, METAL, PLASTIC)","Armoire, rangement, de laboratoire, inclut en bois, métal, plastique",Active,Service
N6640AC,"CABINETS, LABORATORY, DESICCATING, VACUUM (EXCLUDES DESICCATORS)","Armoire, laboratoire, dessiccation, à vide, exclut les dessiccateurs",Active,Service
N6640B,"CENTRIFUGE, LABORATORY",Centrifugeuse de laboratoire,Active,Service
N6640BA,"CENTRIFUGE, LABORATORY, GENERAL PURPOSE","Centrifugeuse de laboratoire, usage général",Active,Service
N6640BB,"CENTRIFUGE, ULTRA HIGH SPEED","Centrifugeuse, ultra-haute vitesse",Active,Service
N6640BC,"CENTRIFUGE, REFRIGERATED","Centrifugeuse, réfrigérée",Active,Service
N6640BD,"CENTRIFUGE ACCESSORIES (INCLUDES ROTORS, SHIELDS, TUBES)","Accessoires de centrifugeuse, incluant rotors, gaines, tubes",Active,Service
N6640D,"COUNTING APPARATUS, BACTERIAL COLONY","Compte-colonie, bactériologie",Active,Service
N6640E,FREEZE DRYING APPARATUS,Appareil pour séchage à froid,Active,Service
N6640EA,TISSUE PROCESSING SYSTEM,Système de traitement de tissu,Active,Service
N6640EB,MICROTOME,Microtome,Active,Service
N6640F,DEMINERALIZERS (DEIONIZERS),"Déminéralisateurs, désionisateurs",Active,Service
N6640G,DISTILLATION EQUIPMENT,Matériel à distillation,Active,Service
N6640GB,"DISTILLATION EQUIPMENT, WATER (INCLUDES ELECTRIC, STEAM, AUTOMATIC","Équipement pour distillation, d'eau, incluant électrique, à vapeur et automatique",Active,Service
N6640GD,"DISTILLATION EQUIPMENT, (FOR CONTAMINATED SOLVENT RECOVERY)","Équipement pour distillation, pour la récupération de dissolvant contaminé",Active,Service
N6640H,FERMENTATION EQUIPMENT,Équipement de fermentation,Active,Service
N6640J,FILTER,Filtre,Active,Service
N6640JA,"FILTER, BACTERIOLOGICAL (INCLUDES MEMBRANE)","Filtre, bactériologique, incluant membrane",Active,Service
N6640JB,"FILTER, LABORATORY (INCLUDES PAPER, FUNNEL, OTHER THAN GLASS)","Filtre, laboratoire, incluant en papier, entonnoir, autre qu'en verre",Active,Service
N6640K,DESICCATORS (INCLUDES VACUUM TYPE),"Dessiccateurs, incluant type à vide",Active,Service
N6640M,"FURNITURE, LABORATORY","Mobilier, laboratoire",Active,Service
N6640MA,"FURNITURE, LABORATORY METAL","Mobilier, laboratoire, métal",Active,Service
N6640MC,"TABLE, BALANCE, LABORATORY","Table, balance, laboratoire",Active,Service
N6640N,"GENERATOR, LABORATORY, GAS, OXYGEN AND HYDROGEN","Générateur, laboratoire, gaz, oxygéné et hydrogène",Active,Service
N6640NA,"BURNER, GAS, LABORATORY","Brûleur à gaz, laboratoire",Active,Service
N6640Q,"INCUBATOR, LABORATORY","Étuve à incubation, laboratoire",Active,Service
N6640R,LABORATORY SCHOOL EQUIPMENT (COMMERCIAL STANDARD),"Matériel de laboratoire scolaire, modèle commercial",Active,Service
N6640RA,"LABORATORY EQUIPMENT, SPECIAL (N.E.S.)","Matériel de laboratoire, spécial (N.E.A.)",Active,Service
N6640S,LABORATORY WARE,Ustensiles de laboratoire,Active,Service
N6640SA,LABORATORY GLASSWARE,Verrerie de laboratoire,Active,Service
N6640SC,LABORATORY PLATINUMWARE,Ustensiles de laboratoire en platine,Active,Service
N6640T,"MIXERS, LABORATORY (INCLUDES STIRRERS AND BLENDERS)","Malaxeurs, laboratoire, incluant agitateurs et mélangeurs",Active,Service
N6640U,"OVENS, LABORATORY","Étuve, laboratoire",Active,Service
N6640V,"GLASSWARE WASHERS, LABORATORY","Machines à laver la verrerie, laboratoire",Active,Service
N6640W,"LIQUID DELIVERY SYSTEMS, AUTOMATIC/AUTOMATED, LABORATORY","Systèmes de livraison automatiques, automatisés des liquides, laboratoire",Active,Service
N6640WA,"PIPETTE, AUTOMATIC",Pipette automatique,Active,Service
N6640X,"HOODS, LABORATORY","Hottes, laboratoire",Active,Service
N6640XA,"HOODS, LABORATORY, CHEMICAL FUME","Hottes, laboratoire, fumée chimique",Active,Service
N6640XB,"HOODS, LABORATORY, LAMINAR FLOW","Hottes, laboratoire, flux laminaire",Active,Service
N6640XC,"HOODS, LABORATORY, GLOVE BOX (DRY BOX)","Hottes, laboratoire, enceinte à gants de manutention, enceinte de scellement",Active,Service
N6640Y,"CRUSHERS, MILLS, LABORATORY","Broyeurs, laboratoire",Active,Service
N6640Z,"LABORATORY, AUTOMATION AND ROBOTICS DEVICES","Dispositifs pour laboratoire, automation et robotique",Active,Service
N6640ZA,LABORATORY ROBOTICS,La robotique de laboratoire,Active,Service
N6640ZB,MICROMANIPULATORS,Micromanipulateurs,Active,Service
N6645,Time Measuring Instruments,Instruments de mesure de temps,Active,Service
N6645A,CHRONOMETERS,Chronomètres,Active,Service
N6645AB,"CHRONOMETERS, STOP WATCH TYPE","Chronomètres, type à déclic",Active,Service
N6645B,CLOCKS,Horloges,Active,Service
N6645BD,"CLOCKS, DIGITAL","Cadrans, numériques",Active,Service
N6645BJ,"CLOCKS, TIME CONTROL SYSTEM","Horloges, système de contrôle de temps",Active,Service
N6645EB,"TIMERS, ELECTRONIC FOR MEASURING ELAPSED TIME","Minuteries, électroniques pour mesurer le temps écoulé",Active,Service
N6645ED,"TIMERS, X-RAY","Minuteries, radiographie",Active,Service
N6645EF,"TIMERS, GENERAL (N.E.S.)","Minuteries, générales (N.E.A.)",Active,Service
N6645G,WATCHES,Montres,Active,Service
N6645GB,"WATCHES, WRIST, N.E.S.","Montres, bracelet (N.E.A.)",Active,Service
N6645GC,"WATCHES, DIGITAL","Montres, numériques",Active,Service
N6645GE,"WATCHES, WRIST, CHRONOMETER, RCAF INST 53-2, DND QPL","Montres, bracelet, chronomètre, RCAF INST 53-2, LPH du MDN",Active,Service
N6650,"Optical Instruments, Test Equipment, Components and Accessories","Instruments d'optique, matériel d'essai, composants et accessoires",Active,Service
N6650A,BINOCULARS (OTHER THAN FIRE CONTROL OPTICAL SIGHTING AND RANGING EQUIPMENT),Jumelle (autre que l'équipement de repérage et de visée d'optique pour la direction du tir),Active,Service
N6650B,BORESCOPE,Endoscope,Active,Service
N6650C,FLUOROMETER,Fluoromètre,Active,Service
N6650D,"GAGE, MEASURING LASER","Manomètre, laser de mesurage",Active,Service
N6650F,IMAGE ANALYSIS SYSTEMS,Systèmes d'analyse d'images,Active,Service
N6650G,OPTICAL MULTICHANNEL ANALYZER,Analyseur multicanal optique,Active,Service
N6650H,LENS OPTICAL (ALL TYPES),"Lentilles optiques, tous les types",Active,Service
N6650J,MAGNIFIER (ALL TYPES),"Loupe, tous les types",Active,Service
N6650K,Microscope,Microscope,Active,Service
N6650KA,"MICROSCOPE, COMPOUND (INCLUDES, PHASE, POLARIZING)","Microscope, composé, comprend à phase, polarisant",Active,Service
N6650KB,"MICROSCOPE, ELECTRON (INCLUDES SEM AND TEM)","Microscope, électronique, comprend SEM et TEM",Active,Service
N6650KBA,"MICROSCOPE, ELECTRON, ACCESSORIES","Microscope, électronique, accessoires",Active,Service
N6650KD,"Microscope, Laser","Microscope, laser",Active,Service
N6650KE,"Microscope, Stereo","Microscope, stéréo",Active,Service
N6650KF,"MICROSCOPE ACCESSORIES, EXCEPT ELECTRON","Accessoires de microscope, sauf électroniques",Active,Service
N6650KG,"MICROSCOPE, INVERTED","Microscope, renversé",Active,Service
N6650L,Optical Components,Composants d'optique,Active,Service
N6650M,PHOTOMETER,Photomètre,Active,Service
N6650MA,PHOTOMETERS (FLAME AND OPTICAL),"Photomètre, flamme et optique",Active,Service
N6650MB,LUMINOMETER (BIO AND CHEMILUMINESCENCE),"Luminomètre, BIO et chimiluminescence",Active,Service
N6650N,POLARIMETER,Polarimètre,Active,Service
N6650Q,SPECTROPHOTOMETER,Spectrophotomètre,Active,Service
N6650QA,"SPECTROPHOTOMETER, ULTRA-VIOLET/VISIBLE, SINGLE AND DOUBLE BEAM","Spectrophotomètre, ultra-violet, visible, faisceau simple et double",Active,Service
N6650QB,"SPECTROPHOTOMETER, FLUORESCENCE (SPECTROFLUOROMETER)","Spectrophotomètre, fluorescence, spectrofluoromètre",Active,Service
N6650QC,"SPECTROPHOTOMETER, INFRARED (SINGLE AND DOUBLE BEAM)","Spectrophotomètre, infrarouge, faisceau simple et double",Active,Service
N6650QD,"SPECTROPHOTOMETER, INFRARED (FOURIER-TRANSFORM)","Spectrophotomètre, infrarouge, transformée de fourrier",Active,Service
N6650QE,SPECTROPHOTOMETER ACCESSORIES,Accessoires de spectrophotomètre,Active,Service
N6650QF,"SPECTROPHOTOMETER, ATOMIC ABSORPTION","Spectrophotomètre, absorption atomique",Active,Service
N6650R,SPECTROSCOPES,Spectroscopes,Active,Service
N6650S,"TELESCOPES, ALL TYPES","Télescopes, tous les types",Active,Service
N6650U,"REFRACTOMETERS, OPTICAL (ALL TYPES)","Réfractomètres optiques, tous les types",Active,Service
N6650V,Body Scanning Measuring and Sizing System,Dispositif scanneur pour mesures et dimensions corporelles,Active,Service
N6655,Geophysical Instruments,Instruments de géophysique,Active,Service
N6655A,"DETECTORS, RADIATION ALL TYPES, GEOPHYSICAL TYPE","Détecteurs, tous les types de radiation, type géophysique",Active,Service
N6655C,GEODETIC INSTRUMENTS,Instruments géodésiques,Active,Service
N6655D,MAGNETOMETERS,Magnétomètres,Active,Service
N6655DA,"MAGNETOMETERS, GEOPHYSICAL","Magnétomètres, géophysiques",Active,Service
N6655DC,"MAGNETOMETERS, OCEANOGRAPHIC","Magnétomètres, océanographiques",Active,Service
N6655F,OCEANOGRAPHIC INSTRUMENTS,Instruments océanographiques,Active,Service
N6655FB,HYDROPHONE,Hydrophone,Active,Service
N6655FC,"OCEAN PROBES (TEMPERATURE, DEPTH, SALINITY)","Sondes océaniques, température, profondeur, salinité",Active,Service
N6655G,SEISMOGRAPHIC INSTRUMENTS,Instruments sismographiques,Active,Service
N6655GA,"DRILLHOLE LOGGING, SEISMOGRAPHIC","Diagraphie de forage, sismographique",Active,Service
N6655H,ELECTROMAGNETIC INSTRUMENTATION,Appareillage électromagnétique,Active,Service
N6655J,BOREHOLE EQUIPMENT SYSTEMS,Systèmes d'équipement pour trous de sondage,Active,Service
N6655K,RESISTIVITY INSTRUMENTATION,Appareillage de résistivité,Active,Service
N6655KA,DC RESISTIVITY AND SELF POTENTIAL MEASURING SYSTEM,"Système de mensuration DC, résistivité et potentiel automatique",Active,Service
N6655M,"PORE PRESSURE MEASURING DEVICES (INCLUDES: PIEZOMETERS, PRESSURE CELLS, TRANSDUCERS)","Dispositifs de mesure de pression de couche, comprend piézomètres, pression de cellules, transducteurs",Active,Service
N6655N,SETTLEMENT AND DISPLACEMENT MEASURING EQUIPMENT,Équipement de mesure pour le tassement et le déplacement,Active,Service
N6655NE,STRAIN/STRESS METERS,Tensiomètres,Active,Service
N6660,Meteorological Instruments and Apparatus,Instruments et appareils météorologiques,Active,Service
N6660301,"METEOROLOGICAL STATION, AUTOMATIC, REPORTING, RADAR","Station météoroloqique, automatique, comptes rendus, radar",Active,Service
N6660999,METEOROLOGICAL INSTRUMENTS AND APPARATUS ELECTRICAL AND ELECTRONIC COMPONENTS AND SPARES,"Instruments et appareils météoroloqiques, composants et rechange électriques et électroniques",Active,Service
N6660A,"ANEMOMETER, METEOROLOGICAL TYPE","Anémomètre, type météorologique",Active,Service
N6660B,"BALLOON, METEOROLOGICAL","Ballon, météorologiques",Active,Service
N6660BB,"PARACHUTES PAPER, METEOROLOGICAL, RADIOSONDE SETS","Parachutes à papier, instruments météorologiques, postes de radiosonde",Active,Service
N6660C,CEILOMETER,Ceilomètre,Active,Service
N6660F,GAGE (METEOROLOGICAL INSTRUMENT),Indicateur (instrument météorologique),Active,Service
N6660FA,"GAGE, RAIN (PRECIPITATION)","Indicateur, pluie (précipitation)",Active,Service
N6660G,INDICATORS (METEOROLOGICAL INSTRUMENTS),Indicateurs (instruments météorologiques),Active,Service
N6660GA,"INDICATOR, WIND DIRECTION AND SPEED","Indicateur, direction du vent et vitesse",Active,Service
N6660J,"RECORDER, METEOROLOGICAL INSTRUMENT",Enregistreur (instrument météorologique),Active,Service
N6660JA,"RECORDER, CHART TYPE, METEOROLOGY ONLY (INCLUDES SUPPLIES)","Indicateur, type graphique, météorologie seulement, comprend les fournitures",Active,Service
N6660JC,"RECORDER, SUNSHINE DURATION","Indicateur, durée de la lumière du soleil",Active,Service
N6660JE,"RECORDER, TEMPERATURE","Enregistreur, température",Active,Service
N6660K,"RECORDING SET, WEATHER DATA","Poste enregistreur, données météorologiques",Active,Service
N6660M,THERMOGRAPH,Thermographe,Active,Service
N6660N,"BAROMETER, METEOROGICAL, ALL TYPES","Baromètre météorologique, tous les types",Active,Service
N6660P,WIND SOCK,Manche à air,Active,Service
N6660Q,TRANSMISSOMETER (ALL TYPES),"Transmissomètre, tous les types",Active,Service
N6665,Hazard-Detecting Instruments and Apparatus,Instruments et appareils de détection de danger,Active,Service
N6665A,"ALARM SYSTEMS, HAZARD DETECTING","Systèmes d'avertisseur, détection de danger",Active,Service
N6665AB,"ALARM SYSTEMS, GAS, RADIOACTIVE","Systèmes d'alarme, gaz, radioactifs",Active,Service
N6665B,"DETECTORS, HAZARD",Détecteurs de danger,Active,Service
N6665BAA,"DETECTORS, HAZARD, CONCEALED WEAPON, WALK-THROUGH","Détecteurs de danger, arme dissimulée, piétons",Active,Service
N6665BAB,"DETECTORS, HAZARD, CONCEALED WEAPON, HAND-HELD","Détecteurs de danger, arme dissimulée, tenue à la main",Active,Service
N6665BAC,"DETECTORS, HAZARD, CONCEALED WEAPON, X-RAY INSPECTION","Détecteurs de danger, arme dissimulée, inspection à la radiographie",Active,Service
N6665BB,"DETECTORS, HAZARD, EXPLOSIVES","Détecteurs, de danger, explosifs",Active,Service
N6665BC,"DETECTORS, HAZARD, RADIATION","Détecteurs de danger, radiation",Active,Service
N6665BCB,"DETECTORS, HAZARD, RADIATION, DOSIMETER TYPE","Détecteurs de danger, radiation, type dosimètre",Active,Service
N6665BCC,"HOLDERS FOR DETECTORS, DOSIMETER TYPE","Supports pour détecteurs, type dosimètre",Active,Service
N6665BE,"DETECTORS, HAZARD, GAS (INCLUDES TOXIC AND EXPLOSIVE)","Détecteurs de danger, gaz, toxique et explosif compris",Active,Service
N6665BFA,"DETECTOR KIT, CHEMICAL AGENT (NERVE)","Nécessaire détecteur, agent chimique, nerfs",Active,Service
N6665BFB,"DETECTOR KIT COMPONENTS, N.E.S.",Composants de nécessaire détecteur (N.E.A.),Active,Service
N6665BFC,"DETECTOR, CHEMICAL AGENT (NERVE)","Détecteur, agent chimique, nerfs",Active,Service
N6665BFE,"ANALYZING KIT, CHEMICAL AGENT (CW)","Nécessaire d'analyse, agent chimique, GC",Active,Service
N6665BFG,"DETECTION TUBE ASSEMBLY, CHEMICAL AGENTS (CW)","Ensemble, tube de détection, agents chimiques, GC",Active,Service
N6665BG,"DETECTORS, NBCW (ELECTRICAL AND ELECTRONIC)","Détecteurs, GNBC, électrique et électronique",Active,Service
N6665C,"Blood Alcohol Level Measuring Instruments, Breath Sampling Type",Instruments pour déterminer la teneur en alcool du sang par échantillonnage de l'haleine,Active,Service
N6665CA,"Blood Alcohol Level Measuring Instruments, Breath Sampling Type; Accessories and Spare Parts Only",Instruments pour déterminer la teneur en alcool du sang par échantillonnage de l'haleine; pièces consommables et de rechange seulement,Active,Service
N6665D,"DETECTORS, METAL",Détecteurs de métal,Active,Service
N6665DA,"DETECTORS, METAL, NON-MILITARY","Détecteurs de métal, non militaires",Active,Service
N6665DB,"DETECTORS, METAL, MILITARY (MINE DETECTORS AND SETS)","Détecteurs de métal, militaires, détecteurs de mine et nécessaires",Active,Service
N6665E,WATER TESTING KITS,Lots de contrôle de l'eau,Active,Service
N6665K,"KIT, REFILL, ANALYZING COMPONENTS CBR AGENTS SAMPLING AND ANALYZING KIT (CW)","Jeu, rechange, composants pour analyse CBR, jeu d'agents pour analyse et échantillonnage, GC",Active,Service
N6665L,"KIT, REFILL, BIOLOGICAL AGENT, SAMPLING KIT (CW)","Jeu pour échantillonnage, rechange, agent biologique, GC",Active,Service
N6665M,"KIT, REFILL, CHEMICAL AGENT DETECTOR (CW)","Jeu, rechange, agent chimique détecteur, GC",Active,Service
N6665QA,"TUBE, DISPENSER, DETECTOR (CW)","Tube, distributeur, détecteur, GC",Active,Service
N6665U,"PUMP ASSEMBLY, AIR SAMPLING (CW)","Pompe, accessoire pour l'échantillonnage de l'air, GC",Active,Service
N6665W,"DETECTORS, DRUGS OF ABUSE","Détecteurs, stupéfiants (abus)",Active,Service
N6665YA,"DETECTOR KIT, CHEMICAL AGENT (CW)","Ensemble de détection, d'agent chimique, GC",Active,Service
N6665Z,REPAIR KIT - CBR AGENTS SAMPLING AND ANALYZING KIT (CW),"Nécessaire de réparation, agents N.B.C., nécessaire d'échantillonnage et d'analyse, GC",Active,Service
N6670,Scales and Balances,Balances et pesées,Active,Service
N6670A,"BALANCE, ANALYTICAL",Trébuchet à fléau réglable,Active,Service
N6670AC,"BALANCE, ANALYTICAL, ELECTRONIC, MICRO TO ULTRA-MICRO","Trébuchet à fléau réglable, électronique, micro à ultra-micro",Active,Service
N6670AD,"BALANCE, ANALYTICAL, SPECIFIC GRAVITY","Trébuchet à fléau réglable, poids spécifique",Active,Service
N6670B,"LOAD CELLS, FORCE-WEIGHT","Cellules de charge, force-poids",Active,Service
N6670C,SCALE,Balance,Active,Service
N6670CA,"SCALE, AXLE LOAD","Balance, poids de l'essieu",Active,Service
N6670CC,"SCALE, PLATFORM","Balance, plateau",Active,Service
N6670CF,"SCALE, SPRING (STRAIGHT SCALE AND DIAL TYPE)","Balance, à ressort, balance directe et type à cadran",Active,Service
N6670CK,"SCALE, PERSONAL WEIGHT (PHYSICIAN EXAMINING AND HOUSEHOLD)","Balance, pèse-personne, examen de médecin et à plateaux",Active,Service
N6670D,"WEIGHTS, SPECIAL","Poids, spéciaux",Active,Service
N6670E,ELECTRONIC WEIGHING SYSTEMS,Systèmes de pesées électroniques,Active,Service
N6675,"Drafting, Surveying and Mapping Instruments","Instruments de traces, de levés de plans et de cartographie",Active,Service
N6675A,DRAFTING EQUIPMENT AND INSTRUMENTS,Équipement et instruments de topographie,Active,Service
N6675AA,"DRAFTING BOARDS, TABLES, MACHINES, STANDS, FILING CASES","Planches, tables, machines, supports, étuis pour dessin",Active,Service
N6675AB,"DRAFTING INSTRUMENTS (INCLUDES SETS, PENS, SCALES)","Instruments de tracés, comprend jeux, plumes, règles graduées",Active,Service
N6675AC,"DRAFTING SYSTEM, COMPUTER AIDED","Système de tracés, assisté d'un ordinateur",Active,Service
N6675AK,"TABLE, TRACING AND DRAFTING (LIGHT TABLE)",Table lumineuse,Active,Service
N6675AT,DRAFTING ACCESSORIES (N.E.S.),"Accessoires à dessin, non classifiés ailleurs",Active,Service
N6675J,SURVEYING EQUIPMENT OR INSTRUMENTS,Équipement ou instruments topographiques,Active,Service
N6675JA,"SURVEYING, DISTANCE MEASURING, ULTRA SONIC, ELECTRONIC, MICROWAVE","Poste de distance mètre, ultrasonique, électronique et micro-ondes",Active,Service
N6675JE,ALIDADES AND ACCESSORIES,Graphomètres et accessoires,Active,Service
N6675JF,"ALTIMETERS, SURVEYING","Altimètres, topographie",Active,Service
N6675JJ,"TRANSITS, LEVELS, TRIPODS","Tachéomètre, niveaux, trépieds",Active,Service
N6675JK,"TABLETS, BENCH MARK, GEODETIC REFERENCE (INCLUDES SURVEY MARKERS AND OTHER RELATED BENCH MARK ITEMS)","Tablettes, repère d'arpentage, référence géodésique, comprend des repères géodésiques et autres repères de nivellement connexes",Active,Service
N6675L,MAPPING EQUIPMENT AND INSTRUMENTS,Équipement et instruments de cartographie,Active,Service
N6675LA,PHOTOGRAMMETRIC EQUIPMENT,Équipement photogrammétrique,Active,Service
N6675LB,"SCRIBERS, ENGRAVERS, CARTOGRAPHIC","Stylets, graveurs, cartographiques",Active,Service
N6675LM,Plotters,Traceurs,Active,Service
N6675LMA,"PLOTTERS, AUTOGRAPHIC INSTRUMENT","Traceurs, instrument autographique",Active,Service
N6675LN,"PRINTER, TRANSFORMING, PHOTOGRAMMETRIC","Tireuse redresseuse, photogrammétrique",Active,Service
N6675LP,"STEREOSCOPES, PHOTOGRAPHIC INTERPRETATION","Stéréoscopes, interprétation photographique",Active,Service
N6680,"Liquid and Gas Flow, Liquid Level and Mechanical Motion Measuring Instruments","Instruments de mesure d'écoulement des fluides, de niveaux de liquides et de mouvements mécaniques",Active,Service
N6680A,"ACCELEROMETER, ELECTRICAL, LINEAR (EXCEPT FIRE CONTROL AND GUIDED MISSILE)","Accéléromètre, électrique, linéaire, sauf pour commande de tire-missile",Active,Service
N6680B,FLOWMETER (INCLUDES GAS AND LIQUID),"Débitmètre, comprend à gaz et à liquide",Active,Service
N6680C,"GENERATOR, TACHOMETER","Génératrice, tachymétrique",Active,Service
N6680D,"GAGE, RECORDING, WATER LEVEL (EXCEPT HYDROLOGICAL)","Jauge, enregistreuse, niveau de l'eau, sauf hydrologique",Active,Service
N6680E,"HYDROLOGICAL EQUIPMENT (INCLUDES CURRENT METERS, WATER LEVEL RECORDERS)","Équipement hydrologique, comprend appareils de mesure courants, enregistreurs du niveau d'eau",Active,Service
N6680F,"INDICATOR, LIQUID LEVEL","Indicateur, niveau de liquide",Active,Service
N6680FA,"INDICATOR, LIQUID LEVEL, FLOAT TYPE","Indicateur, niveau de liquide, type à flotteur",Active,Service
N6680FB,"INDICATOR, LIQUID LEVEL, SIGHT TYPE","Indicateur, niveau de liquide visible",Active,Service
N6680FD,"INDICATOR, LIQUID LEVEL, ELECTRONIC (CAPACITANCE, CONDUCTANCE, IMPEDANCE)","Indicateur, niveau de liquide, électronique, capacité, conductivité, impédance",Active,Service
N6680H,"REGULATOR, PRESSURE, GAS","Régulateur de pression, à gaz",Active,Service
N6680J,"TACHOMETER, INDICATING RECORDING","Tachymètre, indicateur enregistreur",Active,Service
N6680K,PEDOMETER,Podomètre,Active,Service
N6680N,"TEST EQUIPMENT, AIRCRAFT INSTRUMENTS N.E.S.","Équipement d'essai, instruments d'aéronef (N.E.A.)",Active,Service
N6680P,"CONTROLLER, LIQUID LEVEL","Contrôleur, niveau de liquide",Active,Service
N6685,"Pressure, Temperature and Humidity Measuring and Controlling Instruments","Instruments de contrôle et de mesure de pression, de température et d'humidité",Active,Service
N6685A,"CONTROLS, PRESSURE/TEMPERATURE, RECORDING",Contrôleurs-enregistreurs de pression et de température,Active,Service
N6685C,HUMIDITY INSTRUMENTS,Instruments de mesure d'humidité,Active,Service
N6685CA,"METERS, MOISTURE INDICATING",Hygromètres,Active,Service
N6685CD,HYGROMETERS,Hygromètres,Active,Service
N6685EB,"GAGE, PRESSURE, AIRCRAFT","Jauge, pression, aéronef",Active,Service
N6685F,"MANOMETER, ANEROID AND MERCURIAL","Manomètre, anéroïde et mercuriel",Active,Service
N6685G,PRESSURE SENSING AND SWITCHING DEVICES,Dispositif de commutation et de détection de pression,Active,Service
N6685J,RECORDERS,Enregistreurs,Active,Service
N6685JD,"RECORDERS, TEMPERATURE (EXCEPT LONG TERM AMBIENT)","Enregistreurs, température, sauf de l'air ambiant à longue durée",Active,Service
N6685L,"THERMOCOUPLES, ALL TYPES","Thermocouples, tous les types",Active,Service
N6685M,THERMOMETERS,Thermomètres,Active,Service
N6685MF,"Temperature measuring instruments, Infrared","Mesure de température, infrarouge",Active,Service
N6685MG,"THERMOMETERS, INDICATING, GAS TYPE","Thermomètres indicateurs, type à gaz",Active,Service
N6685MH,"THERMOSTATS, ALL TYPE","Thermostats, tous les types",Active,Service
N6685N,TRANSMITTER,Transmetteur,Active,Service
N6685NA,"TRANSMITTER, PRESSURE","Transmetteur, pression",Active,Service
N6685NB,"TRANSMITTER, TEMPERATURE",Sonde de température,Active,Service
N6685P,"BAROMETERS, ANEROID AND MERCURIAL (EXCEPT METEOROLOGICAL)","Baromètres, anéroïdes et mercuriels, sauf météorologiques",Active,Service
N6685Q,"GAGE, VACUUM, DIAL INDICATING","Vacuomètre, à cadran",Active,Service
N6685R,"GAGE, PRESSURE, CDA/ME GAGE 1-0-1, DND QPL","Manomètre, CDA, ME GAGE 1-0-1, LPH du MDN",Active,Service
N6685T,THERMOVISION AND THERMOGRAPHIC EQUIPMENT,Équipement de thermovision et thermographie,Active,Service
N6695,Combination and Miscellaneous Instruments,Combinaisons et instruments divers,Active,Service
N6695A,"ANALYZERS, MEAT, FAT CONTENT","Analyseur, viande, teneur en matières grasses",Active,Service
N6695B,OMNI-DIRECTIONAL IMPACT INDICATORS,"Indicateurs, impact, omnidirectionnels",Active,Service
N6695BA,"OMNI-DIRECTIONAL IMPACT INDICATORS, ACCELEROMETER TYPE","Indicateurs, impact, omnidirectionnels, type accéléromètre",Active,Service
N6695BB,"OMNI-DIRECTIONAL IMPACT INDICATORS, RECORDING ACCELEROMETER TYPE","Indicateurs, impact, omnidirectionnels, type accéléromètre enregistreur",Active,Service
N6695E,"PRINTER-PLOTTERS, X-Y AND MULTICHANNEL TYPES","Imprimantes-traceurs, types de courbes et multicanal",Active,Service
N6695F,LABORATORY AUTOMATION/INFORMATION MANAGEMENT SYSTEMS EQUIPMENT,Équipement pour systèmes de gestion d'information et d'automation de laboratoire,Active,Service
N6695G,"ANALYZERS, FISH FRESHNESS","Analyseurs, fraîcheur du poisson",Active,Service
N6695J,"COMBINATION LEVEL SENSOR, INVENTORY MANAGEMENT AND LEAK DETECTOR, FOR UNDERGROUND FUEL STORAGE TANKS","Détecteurs de niveaux combinés, détecteur du niveau des stocks et de fuites pour réservoirs de combustible souterrains",Active,Service
N6695K,ANALYZERS LIQUID SAMPLE,Analyseurs d'échantillon liquide,Active,Service
N6695L,"TESTERS,MISCELLANEOUS","Vérificateurs, divers",Active,Service
N6710,"Cameras, Motion Picture",Appareils cinématographiques,Active,Service
N6710A,"CAMERAS, MOTION PICTURE - ULTRA MINIATURE, 8MM, SUPER 8MM, CASSETTE - AMATEUR","Appareils cinématographiques, ultra miniature, 8 mm, super 8 mm, cassette, amateur",Active,Service
N6710AF,"CAMERAS, MOTION PICTURE, AIRCRAFT CAMERAS AND ACCESSORIES","Appareils cinématographiques, d'aéronef et accessoires",Active,Service
N6710C,"CAMERAS, MOTION PICTURE - HIGH SPEED AND LOW SPEED (EVENT ANALYSIS AND INSTRUMENTATION)","Appareils cinématographiques, grande sensibilité et faible sensibilité, analyse de cas et instrumentation",Active,Service
N6720,"Cameras, Still Picture",Appareils photographiques,Active,Service
N6720100,"CAMERAS, STILL PICTURE, MICROFILM","Appareils photographiques, microfilm",Active,Service
N6720A,"CAMERAS, STILL PICTURE (AMATEUR - 110 - 126 DISC)","Appareils photographiques, amateurs, 110 - 126 disques",Active,Service
N6720B,"CAMERAS, STILL PICTURE, 35MM (PROFESSIONAL) EXCEPT UNDERWATER","Appareils photographiques, 35 mm, professionnels, sauf sous-marin",Active,Service
N6720C,"CAMERAS, STILL PICTURE, UNDERWATER","Appareils photographiques, sous-marin",Active,Service
N6720E,"CAMERAS, STILL PICTURE, HORIZONTAL AND VERTICAL (PHOTOGRAPHIC OR GRAPHIC ARTS)","Appareils photographiques, microfilm",Active,Service
N6720H,"CAMERAS, STILL PICTURE, IDENTIFICATION","Appareils photographiques, identification",Active,Service
N6720S,"CAMERAS AND ACCESSORIES, STILL PICTURE, AIRCRAFT","Appareils photographiques et accessoires, aéronef",Active,Service
N6730,Photographic Projection Equipment,Équipement de projection photographique et cinématographique,Active,Service
N6730103,"DUPLICATORS, 16MM, 35MM, ROLL, MICROFILM","Duplicateurs, microfilm en rouleau 16 mm et 35 mm",Active,Service
N6730301,"READERS, APERTURE, CARDS","Lectrices, cartes microfilmées",Active,Service
N6730400,"READER/PRINTERS, MICROFILM","Lecteurs, tireuses, microfilm",Active,Service
N6730401,"READER/PRINTERS, MICROFICHE","Lecteurs, tireuses, microfiche",Active,Service
N6730402,"READER/PRINTERS, MICROFILM, ROLL, CARTRIDGE/CASSETTE","Lecteurs, tireuses, microfilm, rouleau, cartouche, cassette",Active,Service
N6730403,"READER/PRINTERS, APERTURE CARD","Lecteurs, tireuses, carte d'ouverture",Active,Service
N6730404,READING LINE GUIDES (FOR MICROFILM READERS AND READER/PRINTERS),"Guides de lecture, pour lectures de microfilms et lectrices, imprimantes",Active,Service
N6730A,"VIEWERS, PHOTOGRAPHIC, STILL PICTURE","Visionneuses, à appareils photographiques",Active,Service
N6730B,PROJECTORS,Projecteurs,Active,Service
N6730BB,"PROJECTORS, MOTION PICTURE - 16MM, 35MM AND 70MM (SILENT AND SOUND)","Projecteurs cinématographique, 16 mm et 70 mm, muets et sonores",Active,Service
N6730BBA,"PROJECTORS, PHOTOGRAPHIC, MOTION ANALYZER","Projecteurs photographiques, analyse de mouvement",Active,Service
N6730BC,"PROJECTORS, OVERHEAD AND OPAQUE",Rétroprojecteurs et projecteurs opaques,Active,Service
N6730BM,"Projector, Multimedia LCD Presentation",Projecteur ACL pour présentation multimédia,Active,Service
N6730C,"SCREENS, PROJECTION, PHOTOGRAPHIC","Écrans, projection, photographiques",Active,Service
N6740,Photographic Developing and Finishing Equipment,Équipements de développement et de tirage photographiques,Active,Service
N6740C,TRIMMERS/CUTTERS (MATTE CUTTING) PHOTOGRAPHIC - FILM AND PAPER,"Rogneuses, cisailles, coupe matte, photographiques - film et papier",Active,Service
N6740E,"PRINTERS, PROJECTION PHOTOGRAPHIC","Tireuses, projection photographiques",Active,Service
N6740EE,"PRINTERS, PROJECTION, PHOTOGRAPHIC (ENLARGERS) AND GRAPHIC ARTS, AUTOMATIC MACHINE PRINTING (ACCEPTS ROLL PAPER)","Tireuses, projection photographique, agrandisseurs et arts graphiques, tireuses automatiques, sauf le papier en rouleaux",Active,Service
N6740G,"TANKS AND TRAYS, PHOTOGRAPHIC","Cuves et cuvettes, photographiques",Active,Service
N6740J,CONTACT PRINTER (FILM AND PAPER),"Tireuse par contact, film et papier",Active,Service
N6740N,"PROCESSING MACHINES, PHOTOGRAPHIC","Développeuses automatiques, photographiques",Active,Service
N6740NA,"PROCESSING MACHINES, PHOTOGRAPHIC - MOTION PICTURE - FILM","Développeuses automatiques, photographiques, cinématographiques, film",Active,Service
N6740NC,"PROCESSING MACHINES, GRAPHIC ARTS, STILL PICTURE, FILM AND PAPER, B AND W AND COLOUR","Développeuses automatiques, arts graphiques, photographiques film et papier, N et B et couleur",Active,Service
N6740Q,"ANALYSERS, COLOUR PRINTING PHOTOGRAPHIC","Analyseurs, tirage photographique couleur",Active,Service
N6750,Photographic Supplies,Fournitures photographiques,Active,Service
N6750A,"CHEMICALS, PHOTOGRAPHIC, ALL TYPES (INCLUDES CHEMICAL REJUVENATION)","Produits chimiques, photographiques, tous genres (Rejuvénation chimique)",Active,Service
N6750C,FILM PHOTOGRAPHIC,Film photographique,Active,Service
N6750CC,"FILM, PHOTO ORTHO (HIGH CONTRAST - LINE FILM)","Film photographique, ortho, contraste dur, film pour composition linéaire",Active,Service
N6750CD,"FILM, PHOTO AERIAL","Film, photographie aérienne",Active,Service
N6750CF,"FILM, GRAPHIC ARTS (PHOTOMECHANICAL - COPY FILM - SCRIBING MATERIALS)","Film arts graphique, photomécanique, film pour tireuse - matériaux pour traçage",Active,Service
N6750DDB,"FILM, PHOTOGRAPHIC, MICROFILM","Film, photo, microfilm",Active,Service
N6750E,"PAPER, PHOTOGRAPHIC","Papier, photographique",Active,Service
N6750EE,"PAPER, GRAPHIC ARTS","Papier, arts graphiques",Active,Service
N6750WA,"PAPER, COPYING, DIRECT ELECTROSTATIC PROCESS, PHOTOGRAPHIC","Papier, tirage électrostatique direct, photographique",Active,Service
N6760,Photographic Equipment and Accessories,Équipement photographique et accessoires,Active,Service
N6760100,MICROFICHE JACKETS AND SUPPLIES,Pochettes et approvisionnements pour microfiche,Active,Service
N6760A,"BAGS AND CASES, PHOTOGRAPHIC","Sacs et coffrets, photographiques",Active,Service
N6760B,"CABINETS, STORAGE, PHOTOGRAPHIC","Armoires de rangement, photographiques",Active,Service
N6760BA,"CABINETS, STORAGE, PHOTOGRAPHIC, MOTION PICTURE, REELS AND CANS","Armoires de rangement, photographiques, cinématographiques, bobines et boîtes",Active,Service
N6760C,"LENS, PHOTOGRAPHIC","Lentilles, photographiques",Active,Service
N6760CA,"LENS, PHOTOGRAPHIC CAMERA, STILL PICTURE","Lentilles, appareils photographiques, photo",Active,Service
N6760CD,"LENS, AUDIO VISUAL PROJECTORS","Lentilles, projecteur audio-visuel",Active,Service
N6760CE,"LENS, ENLARGERS","Lentilles, agrandissante",Active,Service
N6760E,"LIGHTING, PHOTOGRAPHIC","Éclairage, photographique",Active,Service
N6760EB,"LIGHTING, PHOTOGRAPHIC CAMERA, STILL PICTURE (IE.FLASHES, ELECTRONIC, PORTABLE)","Éclairage, appareils photographiques, c.-à-d. lampes éclairées électroniques, portatives",Active,Service
N6760EC,"LIGHTING, PHOTOGRAPHIC CAMERA, MOTION/VIDEO CAMERA, PORTABLE","Éclairage, appareils photographiques, cinématographiques, vidéo, portatif",Active,Service
N6760ED,"LIGHTING, PHOTOGRAPHIC, CAMERA, UNDERWATER","Éclairage, appareils photographiques, sous-marin",Active,Service
N6760G,"STANDS, AUDIO VISUAL PROJECTORS","Supports, projecteurs audio-visuels",Active,Service
N6760K,DENSITOMETER (EXCEPT RADIOGRAPHIC),"Densitomètres, sauf pour radiographie",Active,Service
N6770,"Film, Processed",Films traités,Active,Service
N6780,"Photographic Sets, Kits and Outfits","Nécessaires, trousses, assortiments d'articles photographiques",Active,Service
N6810,Chemicals,Produits chimiques,Active,Service
N6810AB,ACIDS (N.E.S.),Acides,Active,Service
N6810AC,ALCOHOL,Alcool,Active,Service
N6810AD,ALUMINUM,Aluminium,Active,Service
N6810ADA,"ALUMINUM SULFIDE, POWDER AND LIQUID AWWA B403",Sulfure d'aluminium en poudre et en liquide AWWA B403,Active,Service
N6810ADB,ALUMINUM OXIDE,Oxyde d'aluminium,Active,Service
N6810AEC,AMMONIUM NITRATE (TECHNICAL),"Nitrate d'ammonium, technique",Active,Service
N6810AED,AMMONIUM SULFATE,Sulfate d'ammonium,Active,Service
N6810AF,CALCIUM,Calcium,Active,Service
N6810AFA,"CALCIUM CHLORIDE, CAN/CGSB-15.1-92","Chlorure de calcium, CAN/ONGC-15.1-92",Active,Service
N6810AFB,"CALCIUM HYDROXIDE, HYDRATED LIME","Hydroxyde de calcium, chaux hydratée",Active,Service
N6810AFC,"CALCIUM HYPOCHLORITE, CAN/CGSB-15.32-92","Hypochlorite de calcium, CAN/ONGC-15.32-92",Active,Service
N6810AG,"Carbon, Activated","Carbone, activé",Active,Service
N6810AH,CHLORINE,Chlore,Active,Service
N6810AHA,"CHLORINE, LIQUID","Chlore, liquide",Active,Service
N6810AK,"ETHYLENE GLYCOL, UNINHIBITED, CGSB 3-GP-855M","Éthylène glycol non inhibé, ONGC 3-GP-855M",Active,Service
N6810AM,HYDROCHLORIC ACID (TECHNICAL) (MURIATIC) CAN/CGSB-15.33-92,"Acide chlorhydrique, technique, muriatique, CAN/ONGC-15.33-92",Active,Service
N6810AN,ION EXCHANGE COMPOUND (EXCEPT MEDICINAL GRADE),"Composé échangeur d'ion, sauf qualité médicinale",Active,Service
N6810AT,METHYL,Méthyle,Active,Service
N6810AW,RADIOACTIVE CHEMICALS,Produits chimiques radioactifs,Active,Service
N6810AXA,"SODA, CAUSTIC",Soude caustique,Active,Service
N6810AY,SODIUM,Sodium,Active,Service
N6810AYB,"SODIUM CARBONATE (SODA ASH) DENSE, CAN/CGSB-15.5-93","Carbonate de sodium, cendre de soude, dense, CAN/ONGC-15.5-93",Active,Service
N6810AYC,SODIUM CHLORIDE (SALT) CAN/CGSB-15.9-92,"Chlorure de sodium, sel, CAN/ONGC-15.9-92",Active,Service
N6810AYD,SODIUM FLUORIDE,Fluorure de sodium,Active,Service
N6810AYE,"SODIUM HYPOCHLORITE, 12%, CAN/CGSB-15.31-93","Hypochlorite de sodium, 12, CAN/ONGC-15.31.93",Active,Service
N6810AZ,"SULFURIC ACID, ELECTROLYTE GRADE (CLASS 1 & 3) CAN/CGSB-15.8-92","Acide sulfurique, de qualité électrolytique, catégorie 1 et 3, CAN/ONGC-15.8-92",Active,Service
N6810B00,CHEMICALS (N.E.S.),Produits chimiques,Active,Service
N6810B10,"CHEMICALS AND REAGENTS FOR WATER TREATMENT, BOILER FEED ONLY","Produits et réactifs pour le traitement de l'eau, alimentation des chaudières seulement",Active,Service
N6810B20,Urea,Urée,Active,Service
N6810BE,Urea (anti-icing chemical),"Urée, produit chimique anti-givreur",Active,Service
N6810BF,WATER TREATMENT CHEMICALS,Produits chimiques pour le traitement de l'eau,Active,Service
N6810BFA,"WATER TREATMENT, BOILER FEED CHEMICALS ONLY","Traitement de l'eau, produits chimiques pour l'alimentation des chaudières seulement",Active,Service
N6810BFB,"WATER TREATMENT, REAGENTS AND CHEMICALS (N.E.S.)","Traitement de l'eau, réactifs et produits chimiques",Active,Service
N6810C,"CHEMICALS, MISCELLANEOUS","Produits chimiques, divers",Active,Service
N6810CA,"CHEMICALS, AGRICULTURAL","Produits chimiques, agricoles",Active,Service
N6810CB,"CHEMICALS, INDUSTRIAL","Produits chimiques, industriels",Active,Service
N6810CC,"CHEMICALS, LABORATORY","Produits chimiques, laboratoires",Active,Service
N6810CD,"CHEMICALS, RESEARCH","Produits chimiques, recherches",Active,Service
N6810CE,"CHEMICALS, SWIMMING POOL",Produits chimiques pour piscine,Active,Service
N6810E,SOLVENTS HIGH PURITY,"Dissolvants, très pur",Active,Service
N6810F,"XYLENE, CAN/CGSB-1.94-M89","Xylène, CAN/ONGC-1.94-M89",Active,Service
N6810J,"ZINC CHROMATE, REAGENT","Chromate de zinc, réactif",Active,Service
N6820,Dyes,Teintures,Active,Service
N6830,"Gases, Compressed and Liquified",Gaz comprimés et liquéfiés,Active,Service
N6830A,"GAS, ACETYLENE","Gaz, acétylène",Active,Service
N6830B,"GAS, ARGON, 6000 PSI","Gaz, argon, 6 000 lb par pouce carré",Active,Service
N6830C,"CARBON DIOXIDE, TECHNICAL (DRY ICE)","Bioxyde de carbone, technique, glace sèche",Active,Service
N6830D,"GAS, CHLORINE","Gaz, chlore",Active,Service
N6830D00,"GAS, PETROLEUM, LIQUIFIED AND BUTANE, CAN/CGSB-3.13-M88 AND COMPRESSED GASES","Gaz de pétrole liquéfié, butane, CAN/ONGC-3.13-M88 et gaz comprimés",Active,Service
N6830F,"GAS, HELIUM","Gaz, hélium",Active,Service
N6830G,"GAS, HYDROGEN","Gaz, hydrogène",Active,Service
N6830H,"GAS, NITROGEN","Gaz, azote",Active,Service
N6830J,"GAS, OXYGEN AVIATORS BREATHING","Gaz, oxygène d'inhalation pour aviateurs",Active,Service
N6830K,"GAS, SULPHUR HEXAFLUORIDE","Gaz, hexafluorure de soufre",Active,Service
N6830L,"GAS, HIGH PURITY, LABORATORY","Gaz, grande pureté, laboratoire",Active,Service
N6830M,"GAS, PROPANE","Gaz, propane",Active,Service
N6830MA,"GAS, PROPANE, 14 OZ. CYLINDERS (AVOIR)","Gaz propane, cylindres, avoir de 14 onces",Active,Service
N6830P,"GAS, NATURAL, COMPRESSED","Gaz, naturel, comprimé",Active,Service
N6840,Pest Control Agents and Disinfectants,"Agents de lutte contre les fléaux, et désinfectants",Active,Service
N6840BF,"DISINFECTANT-DETERGENT, GENERAL PURPOSE, LIQUID, CAN/CGSB-2.160-95, Type 2","Désinfectant-détergent, usage général, liquide norme CAN/ONGC-2.160-95, Type 2",Active,Service
N6840F,INSECTICIDE,Insecticide,Active,Service
N6850,Miscellaneous Chemical Specialities,Spécialités chimiques diverses,Active,Service
N6850AD,"CLEANER-DEGREASER, CONCENTRATED LIQUID , 5 IMP GAL.CONTAINER OR METRIC EQUIVALENT","Solvant de nettoyage, liquide concentré , contenant de 5 gallons impériaux ou l'équivalent métrique",Active,Service
N6850BA,"CLEANING COMPOUND, SOLVENT GAMLEN 26","Composé de nettoyage, solvant, Gamlen 26",Active,Service
N6850BAA,"ADDITIVES AND CONDITIONERS, FUEL OIL","Additifs et conditionneurs, huile combustible",Active,Service
N6850BAB,"ANTIFREEZE, AUTOMOTIVE ENGINE",Antigel pour moteurs de véhicules automobiles,Active,Service
N6850BAF,"CLEANING COMPOUND, AIRCRAFT SURFACE","Détersif, surface d'aéronef",Active,Service
N6850BAJ,"CLEANING COMPOUND, FUEL TANK AND BILGE","Détersif, réservoir à carburant et fond de cale",Active,Service
N6850BAM,"CLEANING COMPOUND, SOLVENT","Détersif, solvant",Active,Service
N6850BAW,"CLEANING SOLVENT, GREASE REMOVING, EMULSION CAN/CGSB-31.202","Solvant de nettoyage pour le dégraissage, émulsion CAN/ONGC-31.202",Active,Service
N6850BAY,"CORROSION REMOVING COMPOUND, (INHIBITED) PHOSPHORIC/OXALIC ACID BASE CAN/CGSB-31.111","Décapant pour taches de rouille, inhibé, à base d'acide phosphorique, oxalique, CAN/ONGC-31.111",Active,Service
N6850BBA,DECONTAMINATING AGENT,Agent de décontamiation,Active,Service
N6850BBC,"DEICING AND DEFROSTING FLUID, AIRCRAFT SURFACES",Liquide dégivrant-dégelant pour surfaces d'aéronefs,Active,Service
N6850BBE,"CLEANING SOLVENT, HYDROCARBON TYPE, CAN 3.8","Solvant de nettoyage, type hydrocarbure, CAN 3, 8",Active,Service
N6850BBG,"INHIBITOR CORROSION, LUBRICATING OIL","Anticorrosif, huile",Active,Service
N6850BBR,SCALE REMOVING COMPOUND,"Décapant, dépôts calcaires",Active,Service
N6850BBT,"DEICING COMPOUND, SALT AND SAND MIXTURE FOR ROAD SURFACES","Composé de dégivrage, mélange de sel et sable pour le revêtement routier",Active,Service
N6850BCB,"INHIBITOR CORROSION, VAPOUR BARRIER","Inhibiteur de corrosion, barrière gazeuse",Active,Service
N6850BCC,"ANTIFREEZE, WINDSHIELD WASHER, DILUTE","Antigel, lave-glace, dilué",Active,Service
N6850LA,"HUMIDITY CONTROL SALT, CALCOMP PRINTER-DESSICANT","Sel pour contrôle d'humidité, imprimante calcomp-dessiccatif",Active,Service
N6850N,Pepper Spray,Gaz Poivré,Active,Service
N6910,Training Aids,Accessoires d'instruction,Active,Service
N6910B,"Training Aids, (applicable to military vehicles except aircraft and electronics) Cutaway mock-up, or sectionalised ammunition and small arms weapons only","Accessoires d'instruction, pour véhicules militaires sauf aéronefs et électroniques",Active,Service
N6910D,"Manikins Anatomical/Physiology, Medical Training AID","Accessoire d'instruction médical, anatomique, physiologique mannequins",Active,Service
N6910FGE,"Models, Scale, Architectural and Engineering","Maquettes, à l'échelles, architecture et d'ingénierie",Active,Service
N6920,"Armament Training Devices, Refer to Parent Weapon System",Appareils d'instruction et d'entraînement concernant l'armement,Active,Service
N6920300,"ARMAMENT TRAINING DEVICES, ELECTRONIC, GUNNERY TARGETS","Appareils d'instruction et d'entraînement concernant l'armement, électroniques, cibles de tir",Active,Service
N6920999,"ARMAMENT TRAINING DEVICES, ELECTRONIC, ACCESSORIES AND SPARES","Appareils d'instruction et d'entraînement concernant l'armement, électroniques, accessoires et rechanges",Active,Service
N6920AD,"TARGETS, N.E.S.",Cibles (N.E.A.),Active,Service
N6920D,INDIRECT FIRE WEAPON SIMULATORS,Simulateurs d'armes à tir indirect,Active,Service
N6930,Operation Training Devices,Appareils d'instruction opérationnels,Active,Service
N6930100,"OPERATION TRAINING DEVICES, ELECTRONIC, SIMULATORS, FLIGHT AND TACTICS","Appareils d'instruction et d'entraînement opérationnels électroniques, simulateurs, vol et tactiques",Active,Service
N6930101,"OPERATION TRAINING DEVICES, ELECTRONIC, SIMULATORS, MARINE","Appareils d'instruction et d'entraînement opérationnels, électroniques, simulateurs, marine",Active,Service
N6930AE,"TRAINERS, DITCHING, AIRCRAFT","Appareils d'instruction, amerrissage forcé, aéronef",Active,Service
N6940,Communication Training Devices,Appareils d'instruction et d'entraînement concernant les transmissions,Active,Service
N7010,"Automatic Data Processing Equipment, System Configuration",Équipement de traitement automatique de configuration de système,Active,Service
N7010102,"COMPUTERS, DIGITAL SYSTEMS - LARGE SCALE (MAY INCLUDE OPERATING SYSTEM SOFTWARE) IBM PLUG COMPATIBLE","Ordinateurs numériques, grande puissance, peuvent comprendre le logiciel d'application, compatibles avec le matériel IBM",Active,Service
N7010120,"COMPUTERS, DIGITAL SYSTEMS, MICRO","Ordinateurs numériques, micro",Active,Service
N7010124,"COMPUTERS, DIGITAL SYSTEMS, PERSONAL/PORTABLE (MAY INCLUDE OPERATING SYSTEM SOFTWARE) OTHER THAN IBM COMPATIBLE","Ordinateurs numériques, personnels/portatifs, peuvent comprendre le logiciel d'application, non compatibles avec le matériel IBM -",Active,Service
N7010126,"COMPUTERS, MICRO, LAPTOP","Micro-ordinateurs, portatifs",Active,Service
N7010127,Palmtop Organizer,Ordinateur de poche,Active,Service
N7010130,"COMPUTERS, DIGITAL SYSTEMS, SPECIAL PURPOSE, INCLUDES ARTIFICIAL INTELLIGENCE, ARRAY, PARALLEL, VECTOR ETC.","Ordinateurs, numériques, spécialisés, comprennent l'intelligence artificielle l'organisation matricielle, le calcul en parallèle et le vecteur, etc.",Active,Service
N7010132,"Computers, Digital Systems, Special, for Persons with Disabilities","Ordinateurs numériques spéciaux, pour personnes handicapées",Active,Service
N7010200,"COMPUTERS, DIGITAL TURNKEY SYSTEMS, LARGE SCALE (INCLUDES APPLICATION SOFTWARE)","Ordinateurs numériques, clés en main de grande puissance, y compris le logiciel d'application",Active,Service
N7010210,"COMPUTERS, DIGITAL TURNKEY SYSTEMS, MINI/SUPER MICRO (INCLUDES APPLICATION SOFTWARE)","Ordinateurs numériques, clés en main, mini/super micro, comprend le logiciel d'application",Active,Service
N7010220,"COMPUTERS, DIGITAL TURNKEY SYSTEMS, PERSONAL/PORTABLE (INCLUDES APPLICATION SOFTWARE","Ordinateurs numériques, clés en main, personnels/portatifs, y compris le logiciel d'application",Active,Service
N7010230,"COMPUTERS, DIGITAL TURNKEY SYSTEMS, SPECIAL APPLICATION","Ordinateurs numériques, clés en main, pour usage spécial",Active,Service
N7010300,"COMPUTERS, MISCELLANEOUS SYSTEMS, ANALOG COMPUTER (INCLUDING TURNKEY)","Ordinateurs divers, analogique y compris, clés en main",Active,Service
N7010310,"COMPUTERS, MISCELLANEOUS SYSTEMS, HYBRID COMPUTER (INCLUDING TURNKEY)","Ordinateurs divers, hybride y compris, clés en main",Active,Service
N7010997,"COMPUTERS AND TURNKEY SYSTEMS, INDUSTRIAL, MILITARIZED, RUGGEDIZED","Ordinateurs et systèmes, industriels, clés en main, à usage militaire, renforces",Active,Service
N7020,"ADP Central Processing Unit (CPU, Computer) Analog","Unité centrale de traitement, UCT, ordinateur, analogique",Active,Service
N7020100,"Computer CPU, Analog","UCT d'ordinateur, analogique",Active,Service
N7021,"ADP Central Processing Unit (CPU, Computer) Digital","Unité centrale de traitement, UCT, ordinateur, numérique",Active,Service
N7021112,"COMPUTER, CPU, DIGITAL MINI/SUPER MICRO - IBM PLUG COMPATIBLE","UCT d'ordinateur, numérique, mini/super micro, compatible avec le matériel IBM",Active,Service
N7021114,"COMPUTER, CPU, DIGITAL MINI/SUPER MICRO - OTHER THAN IBM PLUG COMPATIBLE","UCT d'ordinateur, numérique, mini/super micro, non compatible avec le matériel IBM",Active,Service
N7021120,"COMPUTERS CPU, DIGITAL, MICRO","UCT d'ordinateur, numérique, micro",Active,Service
N7021130,"COMPUTER, CPU, DIGITAL, SPECIAL PURPOSE, INCLUDES VECTOR, PARALLEL, ARRAY, ETC.","UCT d'ordinateur, numérique, spécialisé, comprend les vecteurs, les tableaux, le traitement en parallèle, etc.",Active,Service
N7021197,"COMPUTERS CPU, DIGITAL, INDUSTRIAL, MILITARIZED, RUGGEDIZED","UCT d'ordinateurs, numérique, industriels, à usage militaire, renforcés",Active,Service
N7022,"ADP Central Processing Unit (CPU, Computer) Hybrid","Unité centrale de traitement, UCT, ordinateur, hybride",Active,Service
N7022100,"COMPUTERS CPU, HYBRID","UCT d'ordinateurs, hybride",Active,Service
N7025,ADP Input-Output and Storage Devices,Dispositifs TAD d'entrée-sortie et de mémoire,Active,Service
N7025050,DIGITIZERS,Convertisseur analogique,Active,Service
N7025060,KEYBOARDS-MICROCOMPUTER,"Claviers, micro-ordinateur",Active,Service
N7025090,"PRINTERS, BAR CODE","Imprimantes, code à barres",Active,Service
N7025095,PRINTERS PAGE COLOUR,Imprimante page par page couleur,Active,Service
N7025099,"PRINTERS, PAGE, LASER","Imprimantes page par page, laser",Active,Service
N7025101,"PRINTERS, LINE (BAND, CHAIN, DRUM, TRAIN, ETC.)","Imprimantes ligne par ligne, à bande, à chaîne, à tambour, à train, etc.",Active,Service
N7025102,"PRINTERS, IMPACT DOT MATRIX","Imprimantes, par point impact",Active,Service
N7025104,"PRINTERS, INK JET","Imprimantes, à jet d'encre",Active,Service
N7025105,PRINTERS INK JET COLOUR,Imprimante couleur à jet d'encre,Active,Service
N7025108,"READERS, IMAGE SCANNER FOR DESK TOP PUBLISHING, ETC.","Lecteurs, lecteurs d'image pour l'édition électronique etc.",Active,Service
N7025112,"READERS, MAGNETIC INK CHARACTER (MICR)",Lecteurs à reconnaissance magnétique de caractère,Active,Service
N7025115,"READERS, BAR CODE (INCLUDES WANDS ETC)","Lecteurs de code barres, comprend baguette etc.",Active,Service
N7025130,"PLOTTERS, ON LINE","Traceurs, en circuit",Active,Service
N7025134,"Scanners, Document","Scanneurs, document",Active,Service
N7025150,"Monitor, CRT or LCD, Microcomputer Etc.","Moniteur, TEC, ou ACL, micro-ordinateur, etc.",Active,Service
N7025162,VOICE OUTPUT DEVICES,Dispositifs de sortie vocale,Active,Service
N7025194,"Input/output Devices, Miscellaneous, Special, for Persons with Disabilities","Périphériques entrée et sortie, divers, spéciaux pour personnes handicapés",Active,Service
N7025197,"INPUT/OUTPUT DEVICES, MISCELLANEOUS, MILITARIZED, RUGGEDIZED","Périphériques entrée et sortie, divers, usage militaire, renforcés",Active,Service
N7025200,MULTIPLEXERS,Multiplexeurs,Active,Service
N7025210,CONTROLLER/PROCESSORS,Contrôleur et processeur,Active,Service
N7025225,"MODEMS, WIRELESS","Modems, sans fil",Active,Service
N7025230,"DATA COMMUNICATIONS EQUIPMENT - ADAPTORS, INTERFACES, ETC.","Équipement de transmission de données, adaptateurs, interfaces, etc.",Active,Service
N7025310,"TERMINALS, DISPLAY, NON-INTELLIGENT","Terminaux à écran visuel, non intelligent",Active,Service
N7025311,"TERMINALS, DISPLAY, INTELLIGENT","Terminaux à écran visuel, intelligent",Active,Service
N7025400,ADD ON MEMORIES (INTERNAL/EXTERNAL),"Mémoires additionnelles, interne/externe",Active,Service
N7025401,"STORAGE DEVICES, ADD IN MEMORY, EDP","Unités de mémoire, mémoire additionnelle interne, informatique",Active,Service
N7025405,"LOCAL AREA NETWORKS, SYSTEMS AND COMPONENTS","Réseaux locaux, systèmes et composants",Active,Service
N7025410,"MAGNETIC DISK SUBSYSTEMS AND DRIVES, RIGID (INCLUDES REMOVABLE AND NON-REMOVABLE, CARTRIDGE, ETC.)","Disque magnétique, sous-systèmes et entraînement, rigide, amovible, fixe, avec cartouche, etc. - location à bail",Active,Service
N7025411,"MAGNETIC DISK DRIVES, FLEXIBLE (FLOPPY)","Unités de disques magnétiques, souples",Active,Service
N7025415,OPTICAL DISK DRIVES,Unités de disques optiques,Active,Service
N7025421,MAGNETIC TAPE DRIVES CASSETTE AND CARTRIDGE,"Systèmes d'entraînement, cassette et cartouche",Active,Service
N7025430,MASS STORAGE SUBSYSTEMS - VERY LARGE,Sous-systèmes de mémoire de très grande capacité,Active,Service
N7025497,"STORAGE AND MEMORY DEVICES, MILITARIZED, RUGGEDIZED","Unités de mémoire et mémoire additionnelle, à usage militaire, solidifiées",Active,Service
N7025501,Readers - RFID,Lecteurs - DIRF,Active,Service
N7030,ADP Software,Logiciel TAI,Active,Service
N7030100,"Software Suppliers, Application, Business, Personnel Management, EDP","Fournisseurs de logiciel, logiciel d'applications, gestion du personnel, informatique",Active,Service
N7030150,"COMPUTER SOFTWARE, ACCOUNTING, FINANCIAL, INSURANCE, PAYROLL - OTHER THAN MICROCOMPUTERS","Logiciel, comptabilité, finance, assurance, calcul de la paie - autre que pour micro-ordinateurs",Active,Service
N7030161,"COMPUTER SOFTWARE, ARTIFICIAL INTELLIGENCE, EXPERT SYSTEMS - OTHER THAN MICROCOMPUTERS","Logiciel, intelligence artificielle, système expert - autre que pour micro-ordinateurs",Active,Service
N7030165,"COMPUTER SOFTWARE, BUILDING CONSTRUCTION, FACILITY/PROPERTY MANAGEMENT - OTHER THAN MICROCOMPUTERS","Logiciel, gestion de propriété, logement, construction et immeuble - autre que pour micro-ordinateurs",Active,Service
N7030175,"COMPUTER SOFTWARE, BUSINESS ADMINISTRATION/MANAGEMENT, PLANNING, MARKET TRADE AND SALES ANALYSIS, ECONOMICS - OTHER THAN MICROCOMPUTERS","Logiciel, administration et gestion, planification, marché et commercialisation, analyse des ventes, économie - autre que pour micro-ordinateurs",Active,Service
N7030205,"COMPUTER SOFTWARE, DATA COMMUNICATIONS, INCLUDING MODEM/LINE CONTROL, PROTOCOL, CONVERSION, TERMINAL EMULATION, VOICE AND OR DATA NETWORK MANAGEMENT, ETC.- OTHER THAN MICROCOMPUTERS","Logiciel, transmission de données, incluant modem et gestion de lignes, conv. de protocole, émulation de terminaux, gestion de réseaux de données et/ou vocal, etc.- autre que pour micro-ords.",Active,Service
N7030250,COMPUTER SOFTWARE FOR TECHNOLOGY ASSISTED TRAINING,Logiciel pour formation technique assistée par ordinateur,Active,Service
N7030310,"COMPUTER SOFTWARE, ENGINEERING, SCIENTIFIC, MATHEMATICAL, STATISTICAL, MODELING, SIMULATION, EMULATION, ENERGY - OTHER THAN MICROCOMPUTERS","Logiciel, ingénierie, sciences, mathématique, statistique, modélisation, simulation, émulation et énergie - autre que pour micro-ordinateurs",Active,Service
N7030315,"COMPUTER SOFTWARE, ACQUISITION/PROCESSING OF ANALOG/DIGITAL, SIGNALS (AUDIO,VIDEO,SEISMIC,ETC)INCL.MACH.VISION,VOICE RECOGN. INST.SIGNALS,ROBOTICS,NUM.MACH.CONT.ETC-OTHER THAN MICROCOMPUTER","Logiciel, saisie et traitement de données anal. et num, signaux (son.vidéo, séismiques etc.)incl.aff.visuel, rec.voc.signaux d'inst., robotiques, contrôle mach.num.-autre que pour micro_ords.",Active,Service
N7030355,"COMPUTER SOFTWARE, RESERVATION SYSTEMS - OTHER THAN MICROCOMPUTERS","Logiciel d'ordinateur, systèmes de réservation - autre que micro-ordinateurs",Active,Service
N7030398,"COMPUTER SOFTWARE, COMPUTER AIDED DESIGN/COMPUTER AIDED MFG/ COMPUTER INTEGRATED MANUFACTURING (CAD/CAM/CIM) - OTHER THAN MICROCOMPUTERS","Logiciel, conception assisté par ordinateur, fabrication assistée par ordinateur, fabrication intégrée à l'ordinateur, CAOFAO, FIO - autre que pour micro-ordinateurs",Active,Service
N7030405,"COMPUTER SOFTWARE, LEGAL - OTHER THAN MICROCOMPUTERS","Logiciel, judiciaire, autre que pour micro-ordinateurs",Active,Service
N7030425,"COMPUTER SOFTWARE, MATERIEL MANAGEMENT, INVENTORY CONTROL - OTHER THAN MICROCOMPUTERS","Logiciel, gestion du matériel, contrôle d'inventaire, autre que pour micro-ordinateurs",Active,Service
N7030500,"COMPUTER SOFTWARE, MILITARY APPLICATIONS, EMERGENCY PLANNING CIVIL - OTHER THAN MICROCOMPUTERS","Logiciel, applications militaires, planification d'urgence civile, autre que micro-ordinateurs",Active,Service
N7030515,"COMPUTER SOFTWARE, MEDICAL AND HEALTH CARE - OTHER THAN MICROCOMPUTERS","Logiciel, médical et des soins de la santé, autre que pour micro-ordinateurs",Active,Service
N7030525,"COMPUTER SOFTWARE,OFFICE AUTOMATION,DOCUMENT MANAGEMENT,MAIL, NETWORKS,PUBLISHING,SPREADSHEETS,TYPESETTING,WORD PROCESSING - OTHER THAN MICROCOMPUTERS","Logiciel bureautique, gestion de documents, courrier, gestion de réseaux, édition, tableurs, composition, traitement de texte, autre que pour micro-ordinateurs",Active,Service
N7030535,"COMPUTER SOFTWARE, HUMAN RESOURCES MANAGEMENT, PERSONNEL, ETC. - OTHER THAN MICROCOMPUTERS","Logiciel, gestion des ressources humaines, personnel, etc., autre que pour micro-ordinateurs",Active,Service
N7030610,"COMPUTER SOFTWARE, PROG.AIDS, COMPUTER LANGUAGES AND SOFTWARE/ SYSTEM DEV.TOOLS,COMPUTER AIDED SOFTWARE ENG.(CASE) EXCL. 4GL - OTHER THAN MICROCOMPUTERS","Logiciel, outils de programmation, langage et logiciel, outils d'élaboration de système genre logiciel assisté par ordinateur, excl. 4GL, autre que pour micro-ordinateurs",Active,Service
N7030615,"COMPUTER, SOFTWARE, NATURAL-LANGUAGE TRANSLATION. EG.ENGLISH- FRENCH ETC. - OTHER THAN MICROCOMPUTERS","Logiciel, traduction, langage naturel, p. ex. anglais-français etc.,autre que pour micro-ordinateurs",Active,Service
N7030635,"COMPUTER SOFTWARE, LIBRARY SYSTEMS, RECORDS MANAGEMENT, CATALOGUING, CORRESPONDENCE CONTROL - OTHER THAN MICROCOMPUTERS","Logiciel, systèmes pour bibliothèque, gestion d'archives, contrôle de la correspondance - autre que pour micro-ordinateurs",Active,Service
N7030640,"COMPUTER SOFTWARE, SYSTEM SOFTWARE (INCL.I/O / TP ACCESS METHODS) UTILITIES, DIAGNOSTICS, PERFORMANCE MONITORING, SOFTWARE CONVERSION AIDS - OTHER THAN MICROCOMPUTERS","Logiciel, logiciel de base incl. les méthodes d'accès e/s et télétraitement, serv. pub. diagnostiqués, cont. de performance, outils de conv. de logiciel - autre que pour micro-ordinateurs",Active,Service
N7030645,"COMPUTER SOFTWARE, SECURITY, PRIVACY, ENCRYPTION, AUDIT CONTROLS/AIDS - OTHER THAN MICROCOMPUTERS","Logiciel, sécuritaire, confidentiel, chiffrement, contrôle de vérification et assistance, autre que pour micro-ordinateurs",Active,Service
N7030AA,"COMPUTER SOFTWARE, ARTIFICIAL INTELLIGENCE, EXPERT SYSTEMS - MICROCOMPUTERS ONLY","Logiciel, intelligence artificielle, système expert - micro-ordinateurs seulement",Active,Service
N7030AC,"COMPUTER SOFTWARE, BUILDING CONSTRUCTION, FACILITY/PROPERTY MANAGEMENT - MICROCOMPUTERS ONLY","Logiciel, gestion de propriété/logement, construction et immeuble - micro-ordinateurs seulement",Active,Service
N7030ACA,"COMPUTER SOFTWARE, BUSINESS ADMINISTRATION/MANAGEMENT, PLANNING,MARKET TRADE AND SALES ANALYSIS, ECONOMICS - MICROCOMPUTERS ONLY","Logiciel, administration et gestion, planification, marché et commercialisation, analyse des ventes, économique - micro-ordinateurs seulement",Active,Service
N7030ACB,"COMPUTER SOFTWARE, DATA BASE MANAGEMENT, INFORMATION RETRIEVAL - MICROCOMPUTERS ONLY","Logiciel, gestion de base de données, extraction de données - micro-ordinateurs seulement",Active,Service
N7030ACC,"COMPUTER SOFTWARE, DATA COMMUNICATIONS, INCLUDING MODEM/LINE CONTROL, PROTOCOL, CONVERSION, TERMINAL EMULATION, VOICE AND OR DATA NETWORK MANAGEMENT, ETC.- MICROCOMPUTERS ONLY","Logiciel, transmission de données, incl. modem et gest. de lignes, conversion de protocole, émulation de terminaux, gest. de réseaux de données et/ou vocal, etc. - micro-ordinateurs seulement",Active,Service
N7030ACE,"COMPUTER SOFTWARE, ENGINEERING, SCIENTIFIC, MATHEMATICAL, STATISTICAL, MODELING, SIMULATION, EMULATION, ENERGY - MICROCOMPUTERS ONLY","Logiciel, ingénierie, sciences, mathématique, statistique, modélisation, simulation, émulation et énergie - micro-ordinateur seulement",Active,Service
N7030ACF,"COMPUTER SOFTWARE, ACQUISITION/PROCESSING OF ANALOG/DIGITAL, SIGNALS (AUDIO,VIDEO,SEISMIC,ETC) INCL.MACH.VISION,VOICE RECOGNITION,INST.SIGNALS,ROBOTICS,NUM.MACH.CONT,ETC-MICROCOMPUTERS ONLY","Logiciel, saisie et traitement de données anal. et num. signaux (sonores, vidéo, séismiques, etc.) incl.aff.vis.rec.vocale, signaux d'inst., robotiques, cont.mach.num.- micro-ords seulement",Active,Service
N7030ACG,"COMPUTER SOFTWARE, FOURTH GENERATION LANGUAGES, APPLICATION GENERATORS - MICROCOMPUTERS ONLY","Logiciel, langages de quatrième génération, générateurs d'application - micro-ordinateurs seulement",Active,Service
N7030ACJ,"COMPUTER SOFTWARE, HOTEL MANAGEMENT (INCLUDES INN, MOTEL, RESTAURANT) - MICROCOMPUTERS ONLY","Logiciel d'ordinateur, gestion d'hôtels (comprend auberge, motel, restaurant) - micro-ordinateurs seulement",Active,Service
N7030AE,"COMPUTER SOFTWARE, STORAGE, RETRIEVAL, PROCESSING AND/OR PRESENTATION OF GRAPHICS, IMAGE, OR VOICE/DATA - MICROCOMPUTERS ONLY","Logiciel, mémoire, prise en charge, traitement et/ou présentation d'image, graphique ou voix et données - micro-ordinateurs seulement",Active,Service
N7030AEA,"COMPUTER SOFTWARE, COMPUTER AIDED DESIGN/COMPUTER AIDED MFG/ COMPUTER INTEGRATED MANUFACTURING (CAD/CAM/CIM) - MICROCOMPUTERS ONLY","Logiciel, conception assisté par ordinateur, fabrication assistée par ordinateur, fabrication intégrée à l'ordinateur (CAO/FAO/FIO) - micro-ordinateurs seulement",Active,Service
N7030AEB,"COMPUTER SOFTWARE, LEGAL - MICROCOMPUTERS ONLY","Logiciel, judiciaire - micro-ordinateurs seulement",Active,Service
N7030AEC,"COMPUTER SOFTWARE, MATERIEL MANAGEMENT, INVENTORY CONTROL - MICROCOMPUTERS ONLY","Logiciel, gestion du matériel, contrôle d'inventaire - micro-ordinateurs seulement",Active,Service
N7030AED,"COMPUTER SOFTWARE, MILITARY APPLICATIONS, EMERGENCY PLANNING CIVIL - MICROCOMPUTERS ONLY","Logiciel, applications militaires, planification d'urgence civile - micro-ordinateurs seulement",Active,Service
N7030AEE,"COMPUTER SOFTWARE, MEDICAL AND HEALTH CARE - MICROCOMPUTERS ONLY","Logiciel, médical et des soins de la santé - micro-ordinateurs seulement",Active,Service
N7030AG,"COMPUTER SOFTWARE,OFFICE AUTOMATION,DOCUMENT MANAGEMENT,MAIL, NETWORKS,PUBLISHING,SPREADSHEETS,TYPESETTING,WORD PROCESSING - MICROCOMPUTERS ONLY","Logiciel, bureautique, gestion de documents, courrier gestion, de réseaux, édition, tableurs, composition, traitement de texte - micro-ordinateurs seulement",Active,Service
N7030AGA,"COMPUTER SOFTWARE, HUMAN RESOURCES MANAGEMENT, PERSONNEL, ETC.- MICROCOMPUTERS ONLY","Logiciel, gestion des ressources humaines, personnel, etc. - micro-ordinateurs seulement",Active,Service
N7030AGB,"COMPUTER SOFTWARE, PROG.AIDS,COMPUTER LANGUAGES AND SOFTWARE/ SYSTEM DEV.TOOLS,COMPUTER AIDED SOFTWARE ENG.(CASE) EXCLUDING 4GL - MICROCOMPUTERS ONLY","Logiciel, outils de prog., langage et logiciel, outils d'élaboration de système, genre logiciel assisté par ordinateur, excluant 4GL, - micro-ordinateurs seul.",Active,Service
N7030AGC,"COMPUTER, SOFTWARE, NATURAL-LANGUAGE TRANSLATION, EG.ENGLISH- FRENCH ETC. - MICROCOMPUTERS ONLY","Logiciel, traduction, langage naturel, p. ex. anglais-français, etc. - micro-ordinateurs seulement",Active,Service
N7030AGD,"COMPUTER SOFTWARE, PROJECT MANAGEMENT, PLANNING AND SCHEDULING, REPAIR, MAINTENANCE AND OVERHAUL MANAGEMENT - MICROCOMPUTERS ONLY","Logiciel, gestion de projet, planification et ordonnancement, gestion des services de réparation, entretien et révision - micro-ordinateurs seulement",Active,Service
N7030AGE,"COMPUTER SOFTWARE, LIBRARY SYSTEMS, RECORDS MANAGEMENT, CATALOGUING, CORRESPONDENCE CONTROL - MICROCOMPUTERS ONLY","Logiciel, systèmes pour bibliothèque, gestion d'archives, contrôle de la correspondance - micro-ordinateurs seulement",Active,Service
N7030AJ,"COMPUTER SOFTWARE, SYSTEM SOFTWARE (INCL.I/O / TP ACCESS METHODS) UTILITIES, DIAGNOSTICS, PERFORMANCE MONITORING, SOFTWARE CONVERSION AIDS - MICROCOMPUTERS ONLY","Logiciel, logiciel de base (incl. les méthodes d'accès e/s et télétraitement), serv. publics, diagnostiques, contrôle de perf., outils de conversion de logiciel - micro-ordinateurs seulement",Active,Service
N7030AJA,"COMPUTER SOFTWARE, SECURITY, PRIVACY, ENCRYPTION, AUDIT CONTROLS/AIDS - MICROCOMPUTERS ONLY","Logiciel, sécuritaire, confidentiel, chiffrement, contrôle de vérification et assistance - micro-ordinateurs seulement",Active,Service
N7030AJB,"COMPUTER SOFTWARE, OTHER (NOT ELSEWHERE LISTED) - MICROCOMPUTERS ONLY","Logiciel, autre - micro-ordinateurs seulement",Active,Service
N7030AJC,"COMPUTER SOFTWARE, CD-ROM MICROCOMPUTER ONLY","Logiciel, disque compact-rom micro-ordinateur seulement",Active,Service
N7030AJD,"Computer Software, Laboratory and Scientific",Logiciel informatique scientifique et de laboratoire,Active,Service
N7035,ADP Support Equipment,"Traitement automatique de l'information, équipement de soutien",Active,Service
N7035190,PLOTTERS (STAND ALONE),Traceurs autonomes,Active,Service
N7042,MINI AND MICRO COMPUTER CONTROL DEVICES,Commandes d'appareil d'ordinateur mini et micro,Active,Service
N7045,Computer Supplies,Fournitures d'informatique,Active,Service
N7045126,"Toner, Cartridge, Virgin, for various types of Printers and Facsimile Machines","Cartouche de toner neuve, pour divers types d'imprimantes et de télécopieurs",Active,Service
N7045127,"Toner, Cartridge, Remanufactured, for various types of Printers and Facsimile Machines","Cartouche de toner remise à neuf, pour divers types d'imprimantes et de télécopieurs",Active,Service
N7050,ADP Components,"Composants, traitement automatique de l'information",Active,Service
N7105,Household Furniture,Meubles de maison,Active,Service
N7105B,CHAIR (HOUSEHOLD),"Fauteuil, domestique",Active,Service
N7105BB,"CHAIR, FOLDING, METAL (HOUSEHOLD)","Fauteuil, pliant, métal, domestique",Active,Service
N7105E,"FRAME, PICTURE","Cadre, décoration",Active,Service
N7105F,"FURNITURE, HOUSEHOLD",Ameublement domestique,Active,Service
N7105FC,"FURNITURE, HOUSEHOLD, FULLY UPHOLSTERED","Meubles, rembourrés, domestique",Active,Service
N7105G,"MIRROR, GLASS","Miroir, verre",Active,Service
N7105JCA,"TABLE, FOLDING, WOOD, METAL LEGS","Table, pliante, bois, pieds de métal",Active,Service
N7110,Office Furniture,Meubles de bureau,Active,Service
N7110A,BLACKBOARD,Tableau,Active,Service
N7110B,"BOOKCASES, OFFICE TYPE","Bibliothèque, type bureau",Active,Service
N7110C,CHAIR (OFFICE),"Fauteuil, bureau",Active,Service
N7110CA,"CHAIR, CAFETERIA","Fauteuil, cafétéria",Active,Service
N7110CCA,"CHAIR, ROTARY, OFFICE TYPE, EXECUTIVE HIGH BACK","Fauteuil, tournant, type bureau, de direction, à dossier haut",Active,Service
N7110CCC,"CHAIR, ROTARY, OFFICE TYPE (EXCEPT STANDARD)",Chaise tournante de bureau (sauf norme),Active,Service
N7110CCJ,"CHAIR, ROTARY, MULTI-TASK (EXCEPT SPEC.)",Chaise tournante multitâche (sauf SPEC.),Active,Service
N7110CCK,"CHAIR, ROTARY, DEDICATED TASK (EXCEPT SPEC.)","Chaise tournante, monotâche (sauf SPEC.)",Active,Service
N7110CD,"CHAIR, STRAIGHT",Fauteuil,Active,Service
N7110CDB,"CHAIR, STRAIGHT SIDE, WITH ARMS, METAL FRAME","Fauteuil, droit, à ossature métallique",Active,Service
N7110CDC,"CHAIR, STRAIGHT, STACKING TYPE","Chaise, superposable",Active,Service
N7110CE,"CHAIR, STUDENT, WITH TABLE ARM","Fauteuil, étudiant, avec bras en table",Active,Service
N7110CF,"CHAIR, STACKING, ARMLESS, MOULDED PLASTIC AND FIBREGLASS, DSS QPL","Chaise, empilable, plastique et fibre de verre moulés, LPH du MAS",Active,Service
N7110D,"TRAYS, MAIL SORTING","Corbeilles, tri du courrier",Active,Service
N7110E,DESK,Bureau,Active,Service
N7110G,"FILING CABINETS, OFFICE TYPE (EXCEPT SECURITY TYPE)","Classeurs à tiroirs, type bureau, sauf genre sécurité",Active,Service
N7110GA,"FILING CABINETS, INDEX CARD, METAL","Classeurs à tiroirs, fiche, métal",Active,Service
N7110GB,"FILING CABINETS, LATERAL","Classeurs à tiroirs, latéraux",Active,Service
N7110GC,"FILING CABINETS, MAP, HORIZONTAL","Classeurs à tiroirs, carte, horizontaux",Active,Service
N7110GD,"FILING CABINETS, MAP, VERTICAL","Classeurs à tiroirs, carte, verticaux",Active,Service
N7110GE,"FILING CABINETS, N.E.S.",Classeurs à tiroirs (N.E.A.),Active,Service
N7110GF,"FILING CABINETS, VERTICAL","Classeurs à tiroirs, verticaux",Active,Service
N7110GFA,"FILING CABINETS, VERTICAL, CGSB 44-GP-1","Classeurs à tiroirs, verticaux, ONGC 44-GP-1",Active,Service
N7110GFB,"FILING CABINETS, VERTICAL, COMMERCIAL","Classeurs à tiroirs, verticaux, commerciaux",Active,Service
N7110J,"FURNITURE, MODULAR (OFFICE)","Mobilier modulaire, bureau",Active,Service
N7110JA,"FURNITURE, MODULAR 1, EXECUTIVE","Mobilier, modulaire 1, direction",Active,Service
N7110JC,"SHELF ASSEMBLY, MODULAR 1, DESK","Étagère, bureau, modulaire 1",Active,Service
N7110JD,"FURNITURE, MODULAR 1, TABLE, OCCASIONAL","Mobilier, modulaire 1, table ronde, petite",Active,Service
N7110JE,"FURNITURE, MODULAR II, OFFICE, GOVERNMENT DESIGN","Mobilier, modulaire II, bureau, à l'intérieur du gouvernement",Active,Service
N7110JF,Lan Management Modular Shelving System,Système de montage modulaire pour la gestion de réseau local,Active,Service
N7110L,"FURNITURE, COMMERCIAL, OFFICE (EXCEPT MODULAR)","Mobilier, commercial, bureau, sauf modulaire",Active,Service
N7110LC,"FURNITURE, LOUNGE SEATING","Meubles de salon, fauteuils",Active,Service
N7110LE,"FURNITURE, COMMERCIAL, OFFICE, WOOD COMPONENTS ONLY (EXCEPT MODULAR)","Mobilier, commercial, bureau, pièces en bois, sauf modulaire",Active,Service
N7110LFA,FREE-STANDING FURNITURE WITH METAL LEGS - COMMERCIAL (EXCEPT SPEC),Meuble autonomes pourvus de pied en métal - commerciaux (sauf SPEC.),Active,Service
N7110LFB,FREE-STANDING FURNITURE WITH WOOD PANEL LEGS - COMMERCIAL (EXCEPT SPEC.),Meubles autonomes pourvus de piétement en panneau de bois (sauf SPEC.),Active,Service
N7110M,"FURNITURE, SCHOOL","Mobilier, école",Active,Service
N7110PA,MAIL ROOM SYSTEMS (FURNITURE),"Systèmes pour le courrier, mobilier",Active,Service
N7110R,"STAND, OFFICE MACHINE","Table, machine de bureau",Active,Service
N7110U,"STOPPER, LOCK BOX","Bouchon, boîte fermant à clé",Active,Service
N7110V,TABLE (OFFICE),Table de bureau,Active,Service
N7110VB,"TABLE, OFFICE, WOOD (OFFICE)","Table à écrire, en bois, de bureau",Active,Service
N7110VC,"TABLE, OCCASIONAL (OFFICE)","Table, usages multiples, de bureau",Active,Service
N7110VCA,"TABLE, OCCASIONAL NESTING, WOOD (OFFICE)","Table, usages multiples, nicheuse, en bois, de bureau",Active,Service
N7110VE,"TABLE, OFFICE TYPE, CONFERENCE","Table, type de bureau, conférence",Active,Service
N7110VEA,"TABLE, OFFICE TYPE, CONFERENCE, WOOD VENEER TOP (RECTANGULAR,CIRCULAR, BOATSHAPE)","Table, type de bureau, conférence, dessus en placage de bois, rectangulaire, circulaire, en forme de bateau",Active,Service
N7110WA,FILING CABINETS SEAC APPROVED,Classeurs à tiroirs approuvés par le CCMS,Active,Service
N7110WBB,"DEVICE, LOCKING, HASP LOCKING, SINGLE DRAWER, SSC/SES 402, DSS QPL","Dispositif de sûreté, un seul tiroir à moraillon de verrouillage, SSC/SES 402, LPH du MAS",Active,Service
N7110WG,"MAILBOXES, OTHER THAN HOME OR SHIPBOARD","Boîtes aux lettres, autres que domestiques ou à bord de navire",Active,Service
N7125,"Cabinets, Lockers, Bins and Shelving","Meubles, armoires, armoires de sécurité et rayonnage",Active,Service
N7125B,"CABINETS, STORAGE",Armoires de rangement,Active,Service
N7125BC,"CABINETS, STORAGE, TAPES, CASSETTES AND FILMSTRIPS","Armoires, rangement, rubans magnétiques, cassettes et pellicules",Active,Service
N7125D,"LOCKER, BOX, PERSONAL EQUIPMENT","Armoire, boîte, individuelle",Active,Service
N7125H,"RACK, STORAGE",Rayon de stockage,Active,Service
N7125HA,"RACK, STORAGE, LOADED PALLET, STEEL","Rayonnage à palettes, chargées, en acier",Active,Service
N7125HC,"RACK, STORAGE, METAL","Rayon de stockage, en métal",Active,Service
N7125K,"SHELVING, STORAGE AND DISPLAY","Rayonnage, entreposage et présentation",Active,Service
N7125KB,"SHELVING, STORAGE AND DISPLAY, MOBILE, METAL","Rayonnage mobile, entreposage et présentation, en métal",Active,Service
N7125KC,"SHELVING, STORAGE AND DISPLAY, MOBILE, WOOD","Rayonnage mobile, entreposage et présentation, en bois",Active,Service
N7125KD,"SHELVING, STORAGE AND DISPLAY, MODULAR, STEEL","Rayonnage modulaire, entreposage et présentation, en acier",Active,Service
N7125KF,"SHELVING, STORAGE AND DISPLAY, STEEL, COMMERCIAL","Rayonnage commercial, entreposage et présentation, en acier",Active,Service
N7125KH,"SHELVING, STORAGE AND DISPLAY, WOOD","Rayonnage, entreposage et présentation, étalages et exposition en bois",Active,Service
N7125MA,"CABINETS, SECURITY, FLAMMABLE AND COMBUSTIBLE LIQUIDS","Armoires, de sûreté, liquides inflammables et combustibles",Active,Service
N7125MB,"CABINETS, SECURITY, BULK STORAGE, SPEC SSC/SES 110,DSS QPL","Armoires, de sûreté, rangement en gros, SPEC SSC/SES 110, MAS LPH",Active,Service
N7195,Miscellaneous Furniture and Fixtures,Meubles et dispositifs d'ameublement divers,Active,Service
N7195B,"COSTUMER, WEARING APPAREL",Porte-manteau,Active,Service
N7195D,"FURNITURE, AUDITORIUM SEATING","Mobilier, sièges d'auditorium",Active,Service
N7195DA,"Furniture, Non-Residential, Outdoor","Meubles non résidentiels, de plein air",Active,Service
N7195E,"FURNITURE, LIBRARY","Mobilier, bibliothèque",Active,Service
N7195F,"PARTITION, FREE-STANDING","Cloison, autonome",Active,Service
N7195FE,INTERCONNECTING PANELS AND SUPPORTING COMPONENTS (EXCEPT SPEC).,Panneaux conjugués et composants soutenus (sauf SPEC).,Active,Service
N7195FEB,"PARTITION, SCREEN SYSTEMS, ELECTRIFIED PANELS, CSA APPROVED","Cloison, systèmes d'écran, panneaux, électriques approuvés par l'ACNOR",Active,Service
N7195FEC,"INTERCONNECTING PANELS AND SUPPORTED COMPONENTS, CAN/CGSB-44.220 SEE CGSB - QPL","Panneaux d'interconnexion et pièces d'accompagnement, CAN/ONGC-44.220 DGSSIB 003 - LPH",Active,Service
N7195G,"PLANT, DECORATIVE, TROPICAL","Plante, décorative, tropicale",Active,Service
N7195GA,"PLANT, DECORATIVE, TROPICAL, ARTIFICIAL","Plante, décorative, tropicale, artificielle",Active,Service
N7195GD,"Plant, Flowering, Artificial","Plante,à fleurs, artificielle",Active,Service
N7195J,"RACK, WEARING APPAREL",Vestiaire,Active,Service
N7195L,"TABLE, WORK",Table de travail,Active,Service
N7195LA,"TABLE, WORK, BENCH TYPE, METAL","Table de travail, type banc, métal",Active,Service
N7195LE,"TABLE, DESKTOP, FOR MICROCOMPUTERS, PRINTERS, TERMINALS, ETC.","Tables de micro-ordinateur, d'imprimante, de terminal, etc.",Active,Service
N7195NJ,VISUAL DISPLAY BOARD,Tableau d'affichage pour visuel,Active,Service
N7195Q,"CUSTOM METALWORK, MISCELLANEOUS FURNITURE AND FIXTURES","Travail des métaux fait sur commande, mobilier et installations fixes divers",Active,Service
N7195SD,"SEATS, AIRPORT, TANDEM","Sièges, aéroport, tandem",Active,Service
N7195TA,QUEUING SYSTEMS,Systèmes de files d'attente,Active,Service
N7195U,PLANTERS,Jardinières,Active,Service
N7210,Household Furnishings,Fournitures et accessoires d'ameublement de maison,Active,Service
N7210JD,"MATTRESS, BED, FOAM (79/02)","Matelas, lit, mousse, 79/02",Active,Service
N7210JG,"MATTRESS, BED, INNER SPRING, FIRE RETARDANT TICKING","Matelas, lit, ressorts intérieurs, toile ininflammable",Active,Service
N7210MC,"PAD, MATTRESS, QUILTED","Isolateur, matelas, pique",Active,Service
N7210P,"PILLOW, BED","Oreiller, lit",Active,Service
N7210PB,"PILLOW, BED SYNTHETIC, FIBRE EXCEPT POLYFOAM","Oreiller, lit, fibre synthétique, sauf mousses diverses",Active,Service
N7210QB,"SHEETS AND PILLOWCASES, BED","Draps et taie d'oreiller, lit",Active,Service
N7210T,TOWEL,Serviette,Active,Service
N7210TA,"TOWEL, BATH/HAND","Serviette, bain, essuie-main",Active,Service
N7210TAA,"TOWEL, BATH/HAND, COTTON (79/2)","Serviette, bain, essuie-main, coton, 79/02",Active,Service
N7220,Floor Coverings,Revêtements de parquets,Active,Service
N7220DC,RUGS,Carpettes,Active,Service
N7220DD,CARPET,Moquette,Active,Service
N7230,"Draperies, Awnings and Shades","Draperies, tentes et stores",Active,Service
N7230A,"BLIND, WINDOW","Stores, fenêtre",Active,Service
N7230B,Awnings,Auvents,Active,Service
N7230E,"Draperies/Curtains, Cloth-Supply and Installation (Including Hardware)","Tentures et rideaux, tissu - fourniture et installation comprenant la quincaillerie",Active,Service
N7240,Household and Commercial Utility Containers,Récipients utilitaires domestiques et commerciaux,Active,Service
N7240F,WASTE RECEPTACLES,Poubelles,Active,Service
N7240H,"Container, Recycling",Bacs de recyclage,Active,Service
N7290,"Household and Commercial Furnishings and Appliances, Miscellaneous",Mobiliers et accessoires divers d'ameublement domestique et commercial,Active,Service
N7290J,MISCELLANEOUS HOUSEHOLD AND COMMERCIAL APPLIANCES,Appareils domestiques et industriels de types divers,Active,Service
N7310,"Food, Cooking, Baking and Serving Equipment","Équipement pour la cuisson, la cuisson au four et le service des aliments",Active,Service
N7310Q,RANGES,Fourneaux,Active,Service
N7320,Kitchen Equipment and Appliances,Équipement et accessoires de cuisine,Active,Service
N7320N,"KITCHEN EQUIPMENT AND APPLIANCES, N.E.S.","Équipement et accessoires de cuisine, N.E.A.",Active,Service
N7330,Kitchen Hand Tools and Utensils,Outils à main et ustensiles de cuisine,Active,Service
N7340,Cutlery and Flatware,Coutellerie et couverts,Active,Service
N7350,Tableware,Vaisselle de table,Active,Service
N7360,"Sets, Kits and Outfits, Food Preparation and Serving","Ensembles, accessoires et équipements pour la préparation et le service des aliments",Active,Service
N7420,Accounting and Calculating Machines,Machines à facturer et à calculer,Active,Service
N7430,Typewriters and Office Type Composing Machines,Machines à écrire et machines à composer de bureau,Active,Service
N7435,Office Information System Equipment,Matériel de système d'information de bureau,Active,Service
N7450BA,"RECORDER REPRODUCER, SOUND, AUDIO VISUAL AND OFFICE TYPE INCLUDING DEDICATED RELATED ACCESSORIES","Enregistreur-lecteur-reproducteur, son, type audio-visuel et de bureau comprenant les accessoires connexes appropriés",Active,Service
N7460,Visible Record Equipment,Fichiers à classement visible-composants et accessoires,Active,Service
N7490,Miscellaneous Office Machines,Machines de bureau diverses,Active,Service
N7490K,EMBOSSING MACHINES,Estampeuses,Active,Service
N7490KA,"EMBOSSING MACHINES, ADDRESS PLATE","Estampeuse, plaque adresse",Active,Service
N7490P,"LAMINATING MACHINE, OFFICE TYPE","Machine à laminer, type bureau",Active,Service
N7490QBE,"MAIL PROCESSING SYSTEM (INCLUDES AUTOMATIC EXTRACTOR, ORIENTOR AND ENVELOPE OPENER)","Système d'acheminement du courrier (comprend extracteur, orienteur et ouvre-lettre automatiques)",Active,Service
N7490QC,"MAILING MACHINE, ELECTRIC",Machine à cacheter électrique,Active,Service
N7490QE,FOLDING/INSERTING EQUIPMENT - MAIL ROOM,"Dispositif de pliage et d'insertion, salle de courrier",Active,Service
N7490R,PAPER SHREDDING MACHINE (OFFICE TYPE) NOT SECURITY APPROVED,"Déchiqueteuse, papier (type bureau) pas approuvé pour la sécurité",Active,Service
N7490T,POSTAGE METER,Machine à affranchir,Active,Service
N7490WA,STENCIL CUTTING MACHINES,Machines à préparer les pochoirs,Active,Service
N7490WD,OFFICE EQUIPMENT (PARTS ONLY),Équipement de bureau (pièces seulement),Active,Service
N7510,Office Supplies,Fournitures de bureau,Active,Service
N7520,Office Devices and Accessories,Articles et accessoires de bureau,Active,Service
N7520WE,FINGERPRINT IDENTIFICATION KIT,"Empreintes digitales, prise et recherche, lot",Active,Service
N7530,Stationery and Record Forms,Papeterie et classeurs,Active,Service
N7530G,"Certificate, Retirement or Award",Certificat de retraite ou de mérite,Active,Service
N7530MB,"Paper - Copying, Bond, White for Photocopies, Printers, Fax and General Purpose","Papier - pour reproduction, bond, blanc pour photocopieurs, imprimantes, télécopieurs et tout usage",Active,Service
N7530MW,"PAPER, CHART, PLOTTER","Papier, cartes géographiques, traceur",Active,Service
N7530X,Envelopes,Enveloppes,Active,Service
N7540,Standard Forms,Cartes et imprimés normalisés,Active,Service
N7610,Books and Pamphlets,Livres et brochures,Active,Service
N7610D,BOOKS (PRINTING PRODUCTS PUBLICATIONS),Livres (publications des produits d'imprimerie),Active,Service
N7630,Newspapers and Periodicals,Journaux et publications périodiques,Active,Service
N7640,"Maps, Atlases, Charts and Globes","Cartes, ATLAS, cartes marines et globes terrestres",Active,Service
N7641,"Aeronautical Maps, Charts and Geodetic Products","Cartes aéronautiques, graphiques et articles de géodésie",Active,Service
N7642,"Hydrographic Maps, Charts and Geodetic Products","Cartes hydrographiques, graphiques et articles de géodésie",Active,Service
N7643,"Topographic Maps, Charts and Geodetic Products","Cartes topographiques, graphiques et articles de géodésie",Active,Service
N7644,"Digital Maps, Charts and Geodetic Products","Cartes numériques, graphiques et articles de géodésie",Active,Service
N7650,Drawings and Specifications,Dessins et normes ou spécifications,Active,Service
N7660,Sheet and Book Music,Feuilles et livres de musique,Active,Service
N7690,Miscellaneous Printed Matter,Imprimés divers,Active,Service
N7700,"Musical Instruments, Phonographs and Home-Type Radios","Instruments de musique, phonographes et postes de radio familiaux",Active,Service
N7710,Musical Instruments,Instruments de musique,Active,Service
N7720,Musical Instrument Parts and Accessories,Pièces de rechange et accessoires d'instruments de musique,Active,Service
N7730,"Phonographs, Radios and Televison Sets, Home Type","Phonographes, postes de radio et de télévision familiaux",Active,Service
N7735,"Parts and Accessories of Phonographs, Radio, and Television Sets: Home Type","Pièces et accessoires de phonographes, postes radio et de téléviseurs: type résidentiel",Active,Service
N7740,Phonograph Records,Disques et enregistrements sur bandes,Active,Service
N7810,Athletic and Sporting Equipment,Équipements d'athlétisme et de sport,Active,Service
N7810B,SWIMMING POOL EQUIPMENT,Équipement pour piscine,Active,Service
N7810C,CAMPING EQUIPMENT,Équipement de camping,Active,Service
N7810X,SCOREBOARDS,Tableaux de pointage,Active,Service
N7820,"Games, Toys and Wheeled Goods","Jeux, jouets et articles montés sur roues",Active,Service
N7910,Floor Polishers and Vacuum Cleaning Equipment,Cireuses à parquets et aspirateurs de poussière,Active,Service
N7920,"Brooms, Brushes, Mops and Sponges","Balais, brosses, balais à franges et éponges",Active,Service
N7920BL,"BRUSH, CLEANING, TOOLS AND PARTS, NYLON BRISTLES","Brosse, nettoyage de pièces et outils, en nylon",Active,Service
N7930,Cleaning and Polishing Compounds and Preparations,Produits et préparations pour nettoyer et polir,Active,Service
N7930A,"ABSORBENT MATERIAL, OIL AND WATER","Absorbant, huile et eau",Active,Service
N7930D,CLEANING AND POLISHING COMPOUND,Produit de nettoyage et polissage,Active,Service
N7930E,"DETERGENT, GENERAL PURPOSE","Détergent, tout usage",Active,Service
N7930G,DISHWASHING COMPOUND,"Détergent, vaisselle",Active,Service
N7930J,LAUNDRY SUPPLIES (N.E.S.),Fournitures de blanchissage (N.E.A.),Active,Service
N7930S,SWEEPING COMPOUND,"Mélange, abat-poussière",Active,Service
N8010,"Paints, Dopes, Varnishes and Related Products","Peintures, enduits, vernis et produits connexes",Active,Service
N8010A,"Aerosols, Paint Lacquer, etc","Aérosols, peinture, vernis, etc.",Active,Service
N8010BC,"ALUMINUM PIGMENT FOR PAINT, POWDER","Pigment à l'aluminium pour peinture, poudre",Active,Service
N8010DE,"Coatings, Epoxy","Revêtements, aux résines époxydiques",Active,Service
N8010DF,"COATINGS, FIRE RETARDANT","Revêtements, ignifuges",Active,Service
N8010DG,"COATINGS, INORGANIC ZINC",Revêtements au zinc minéral,Active,Service
N8010DH,"COATINGS, INTERNAL, FOR FRESH WATER STORAGE TANK",Revêtement intérieurs de réservoirs à emmagasiner l'eau potable,Active,Service
N8010DJ,"COATINGS, POLYURETHANE",Revêtements aux résines de polyuréthanne,Active,Service
N8010DLB,"COATING SYSTEM, POLYURETHANE FOR AEROSPACE APPLICATION",Système de revêtement de polyuréthanne pour application d' aviation,Active,Service
N8010DMC,PAINT ANTIFOULING ABLATIVE LONG HULL COATING FOR SHIPS BOTTOMS FOR ALUMINUM STEEL FIBREGLASS WOOD AND CEMENT BOATS,"Peinture antisalissure auto-polissante pour fonds de bateaux, aluminium, acier, fibre de verre, bois et béton",Active,Service
N8010F,Enamels,Peintures-émail,Active,Service
N8010FH,"Paint, Powder, Polyester Enamel","Peinture, émail en poudre, polyester",Active,Service
N8010J,Lacquer,Vernis-laque,Active,Service
N8010L,"MARKING MATERIAL, BLACK, QUICK DRYING (PAINT STENCIL)","Produit de marque, noir, à séchage rapide, pochoir à peinture",Active,Service
N8010M,Paint,Peinture,Active,Service
N8010N,Paint Remover,Décapant pour peinture,Active,Service
N8010V,Varnish,Vernis,Active,Service
N8020,Paint and Artists' Brushes,Pinceaux et brosses de peintres,Active,Service
N8020B,"BRUSH, PAINT",Pinceau de peintre,Active,Service
N8030,Preservative and Sealing Compounds,Produits de protection et d'étanchéité,Active,Service
N8030AB,"COATINGS, PROTECTIVE","Revêtement, de protection",Active,Service
N8030AC,"COATING SYSTEM, BRIDGING, STRIPPABLE, SPRAYABLE","Système de revêtement, pour pont, peut être décapé, vaporisable",Active,Service
N8030B,COATING COMPOUND,Enduit,Active,Service
N8030CA,"COMPOUND, CAULKING, OIL BASE",Mastic de calfeutrage à base d'huile,Active,Service
N8030CB,"COMPOUND, CURING AND SEALING CONCRETE","Retardateur de prise, béton",Active,Service
N8030CK,"COMPOUND, REPAIR, PLASTIC, CERAMIC FILLED AND/OR METALLIZED","Composé, réparation, plastique, masquage sur céramique et/ou métaux",Active,Service
N8030CM,"COMPOUND, ANTISEIZE",Composé antigrippage,Active,Service
N8030D,CORROSION PREVENTIVE COMPOUND,"Composé, anticorrosion",Active,Service
N8030E,PRESERVATIVE COATING,Enduit protecteur,Active,Service
N8030F,PRESERVATIVE COMPOUND,Composé de protection,Active,Service
N8030G,PUTTY,Enduit gras,Active,Service
N8030H,SEALING COMPOUND,Composé d'étanchéité,Active,Service
N8030HA,"SEALING COMPOUND, BATTERY, AIRCRAFT","Composé d'étanchéité, batterie, aéronef",Active,Service
N8030HG,"SEALING COMPOUND, ALL PURPOSE","Composé d'étanchéité, tout usage",Active,Service
N8030HMA,"SEALING COMPOUND, JET-FUEL-RESISTANT",Composé d'étanchéité résistant aux carburéacteurs,Active,Service
N8040,Adhesives,Adhésifs,Active,Service
N8040AC,"ADHESIVE, GLUE","Adhésif, colle",Active,Service
N8105,Bags and Sacks,Sacs divers,Active,Service
N8105C,"BAG, TEXTILE","Sac, textile",Active,Service
N8105D,"BAG, AIRSICKNESS","Sac, mal de l'air",Active,Service
N8105EC,"BAG, PAPER, MULTIWALL","Sac en papier, plusieurs parois",Active,Service
N8105F,"BAG, PLASTIC",Sac en plastique,Active,Service
N8105H,"BAG, SAND",Sac à sable,Active,Service
N8105JA,"ENVELOPES, PACKAGING, GRAIN TYPE","Enveloppes d'emballage, type grenu",Active,Service
N8105M,"SACK, SHIPPING, CUSHIONED","Sac de transport, rembourré",Active,Service
N8105Q,"BAG, FOOD PRODUCTS","Sac, produits alimentaires",Active,Service
N8105R,"Bags and Liners, Plastic, Degradable","Sacs et doublures, plastiques, dégradables",Active,Service
N8110,Drums and Cans,Fûts et bidons,Active,Service
N8110B,"Tubes, Mailing and Filing",Tubes à documents et classement,Active,Service
N8110C,"Drums, Kegs, Barrels, Wooden","Fûts, tonnelets, tonneaux, en bois",Active,Service
N8110D,"DRUMS, SHIPPING AND STORAGE","Fûts, transport et entreposage",Active,Service
N8115,"Boxes, Cartons and Crates","Boîtes, cartons et caisses à claire-voie",Active,Service
N8115A,"BOX, SHIPPING",Boîte d'expédition,Active,Service
N8115AD,"BOX, SHIPPING, WOOD","Boîte d'expédition, bois",Active,Service
N8115B,BOXES PAPERBOARD,Boîtes en carton,Active,Service
N8115D,"BOX, PLASTIC","Boîte, plastique",Active,Service
N8115M,"CRATES, WOOD","Caisses à claire-voie, bois",Active,Service
N8120,Commercial and Industrial Gas Cylinders,Cylindre de gaz commerciales et industrielles,Active,Service
N8120B,"CYLINDERS, COMPRESSED GASES (EMPTY)","Cylindre de gaz, vides",Active,Service
N8125,Bottles and Jars,Bouteilles et bocaux,Active,Service
N8130,Reels and Spools,Tourets et bobines,Active,Service
N8130A,REELS AND SPOOLS (N.E.S.),Tourets et bobines (N.E.A),Active,Service
N8135,Packaging and Packing Bulk Materials,"Matériaux d'empaquetage et d'emballage, en vrac",Active,Service
N8135AB,"ALUMINUM FOIL, COMMERCIAL PACKAGING","Feuille d'aluminium, conditionnement commercial",Active,Service
N8135B,BARRIER MATERIAL,Matériau barrière,Active,Service
N8135C,"CUSHIONING MATERIAL, PACKAGING","Matériau amortisseur, emballage",Active,Service
N8135CF,"CUSHIONING MATERIAL, PACKAGING, POLYSTYRENE, POLYURETHANE OR POLYETHYLENE FOAM","Matériau amortisseur, emballage, mousse de polystyrène, de polyuréthanne ou de polyéthylène",Active,Service
N8135E,"FIBERBOARD, SOLID, HARD PRESSED","Carton compact, embouti",Active,Service
N8135H,"LINER, CASE, WATERPROOF, CGSB 43-GP-10547","Doublure de caisse imperméable, ONGC 43-GP-10547",Active,Service
N8135JE,"PAPER, WRAPPING (PACKAGING)","Papier Kraft, emballage",Active,Service
N8135K,"PLASTIC SHEET/TUBING, PLASTIC (PACKAGING)","Matière plastique, feuille, tubage, plastique, emballage",Active,Service
N8135L,PLASTIC FILM,Pellicule de plastique,Active,Service
N8135N,"SEAL, STRAPPING AND PACKAGING","Attache, feuillard et emballage",Active,Service
N8135P,STRAPPING (PACKAGING),Feuillard (emballage),Active,Service
N8135Q,TAG,Étiquette mobile,Active,Service
N8135R,TAPE (PACKAGING),"Ruban, emballage",Active,Service
N8135V,"WRAPPER, COIN, TUBULAR","Emballage, pièce de monnaie, tubulaire",Active,Service
N8140,"Ammunition and Nuclear Ordnance Boxes, Packages and Special Containers","Boîtes, emballages et conteneurs spéciaux pour munitions classiques et nucléaires",Active,Service
N8140A,"AMMUNITION BOXES, PACKAGES AND SPECIAL CONTAINERS","Boîtes à munitions, emballages et conteneurs spéciaux",Active,Service
N8145,Specialized Shipping and Storage Containers,Conteneurs spéciaux pour le transport et le stockage,Active,Service
N8145A,"SHIPPING CONTAINERS, FOOD, BULK, INSULATED PLASTIC CONSTRUCTION","Conteneurs de transport, aliments, en vrac, construction en plastique isolée",Active,Service
N8145B,"SPECIALIZED SHIPPING AND STORAGE CONTAINERS, WOOD, PLASTIC OR METAL (N.E.S)","Conteneurs spéciaux pour le transport et le stockage, bois, plastique ou métal",Active,Service
N8145C,"CASE, SHIPPING WITH MOULDED FOAM INSERTS","Caisse, transport, avec garnitures intérieures en mousse moulée",Active,Service
N8145D,"CONTAINER, SHIPPING, FIBREBOARD, PALLETIZED","Conteneur de transport, carton dur, palettisé",Active,Service
N8145F,"CONTAINER, STEEL, SHIPPING AND STORAGE, FOR DRUMS CONTAINING PCB AND OTHER DANGEROUS GOODS","Conteneur en acier, transport et entreposage de fûts contenant du déphényle polychlore et d'autres produits dangereux",Active,Service
N8145G,"Specialized Containers, Flood Barrier",Sacs spéciaux conçus pour freiner les inondations,Active,Service
N8150,Freight Containers,Conteneurs de fret,Active,Service
N8150A,"Containers, Freight",Conteneurs de fret,Active,Service
N8305,Textile Fabrics,Tissus,Active,Service
N8305BE,"CLOTH, BROADCLOTH","Tissu, drap",Active,Service
N8305BN,"CLOTH, COTTON","Tissu, coton",Active,Service
N8305GLA,"COTTON AND POLYESTER/COTTON BLENDS, EXCEPT SHIRTING","Coton et mélanges de coton et polyester, sauf tissu pour chemiserie",Active,Service
N8305K,"CLOTH, UPHOLSTERY","Tissu, d'ameublement",Active,Service
N8305LD,"CLOTH, COATED, POLY VINYL CHLORIDE ONLY","Tissu, enduit, chlorure de polyvinyle seulement",Active,Service
N8305U,"CLOTH, DUCK COTTON POLYESTER, SPUN CORE","Tissu, toile de coton et polyester, file à âme",Active,Service
N8310,Yarn and Thread,Fils,Active,Service
N8315,Notions and Apparel Findings,Mercerie et fournitures de vêtements,Active,Service
N8320,Padding and Stuffing Materials,Matériels de rembourrage et de remplissage,Active,Service
N8320A,UPHOLSTERY SUPPLIES,Fournitures pour le rembourrage,Active,Service
N8325,Fur Materials,Pelleteries,Active,Service
N8330,Leather,Cuir,Active,Service
N8335,SHOE FINDINGS AND SOLING MATERIALS,Fournitures de cordonnerie et matériaux de ressemelage,Active,Service
N8340,Tents and Tarpaulins,Tentes et bâches,Active,Service
N8340F,"TARPAULIN, CANVAS AND PROTECTIVE COVERS, REINFORCED FABRICS","Bâche, canevas et couvertures protectrices, tissus renforcés",Active,Service
N8340G,TENTS,Tentes,Active,Service
N8340GBA,"TENTS, MILITARY, CANVAS SECTIONS","Tentes militaires, sections de toile",Active,Service
N8340GC,"TENTS, MODULAR, FIELD SERVICE","Tentes modulaires, pour la campagne",Active,Service
N8345,Flags and Pennants,Drapeaux et banderoles,Active,Service
N8345FAA,FLAGPOLE ALUMINIUM,Hampe en aluminium,Active,Service
N8405,Outerwear,Vêtement de dessus,Active,Service
N8405A,Beret,Béret,Active,Service
N8405C,"Cap (Except Clothing, Special Purpose)",Casquette sauf vêtements pour usages spéciaux,Active,Service
N8405L,Jackets/Trousers/Coveralls/Slacks/Shorts,"Blousons, pantalon, combinaison, culottes courtes",Active,Service
N8405LFA,"Trousers, Slacks, Shorts, Work, Excluding Athletic or Undershorts","Pantalons, culottes, courtes, de travail, sauf athlétiques ou caleçons",Active,Service
N8410,"Outerwear, Women's","Vêtement de dessus, femmes",Active,Service
N8415,"Clothing, Special Purpose",Vêtements à usage spécial,Active,Service
N8415L,"GLOVES (CLOTHING, SPECIAL PURPOSE)","Gants, vêtements pour usages spéciaux",Active,Service
N8415NA,"HELMETS, CRASH",Casques protecteur,Active,Service
N8415UEA,"Swimwear, Trunks and Swimsuits, Men's and Women's","Costumes et caleçons de bain, hommes et femmes",Active,Service
N8420,"Underwear and Nightwear, Men's",Sous-vêtements et vêtements de nuit pour hommes,Active,Service
N8425,"Underwear and Nightwear, Women's","Sous-vêtements et vêtements de nuit, pour femmes",Active,Service
N8430,"Footwear, Men's",Chaussures pour hommes,Active,Service
N8430A,"Boots, Combat",Bottes de combat,Active,Service
N8430XA,"Boots, Safety",Bottes de sécurité,Active,Service
N8435,"Footwear, Women's","Chaussures, femmes",Active,Service
N8440,"Hosiery, Handwear and Clothing Accessories, Men's","Bonneterie, ganterie et accessoires vestimentaires pour hommes",Active,Service
N8445,"Hosiery, Handwear and Clothing Accessories, Women's","Bonneterie, ganterie et accessoires vestimentaires pour femmes",Active,Service
N8450,Children's and Infant's Apparel and Accessories,Habillements et accessoires pour enfants et bébés,Active,Service
N8455,Badges and Insignia,Écussons et insignes,Active,Service
N8455ACB,"BADGE, IDENTIFICATION, LAMINATED PLASTIC, WITH ENGRAVED LETTERING","Plaquette d'identification, lamifiée, lettrage grave",Active,Service
N8460,Luggage,Bagages,Active,Service
N8460R,"Case, Attaché (security only)","Mallette, sécurité seulement",Active,Service
N8465,Individual Equipment,Équipement individuel,Active,Service
N8465S,CLIMBING EQUIPMENT SET,"Équipement d'alpinisme, ensemble",Active,Service
N8465V,SKIS,Skis,Active,Service
N8465ZA,"Eyeglasses,Combat",Lunettes de combat,Active,Service
N8465ZB,"SUNGLASSES,BALLISTIC PROTECTIVE","Lunettes de soleil, protection anti-ballistique",Active,Service
N8470,"Armor, Personal","Vêtements de protection individuelle, blindés",Active,Service
N8470A,Helmets (personal armour),"Casque, vêtements de protection individuelle, blindés",Active,Service
N8470FA,"Suit (incl.helmet), Ordnance, Bomb Disposal","Costume, comprend le casque, service d'équipement, désamorçage de bombe",Active,Service
N8475,Specialized Flight Clothing and Accessories,Vêtements de vol spéciaux et accessoires,Active,Service
N8475B,"SUIT, FLYERS (SPECIALIZED FLIGHT CLOTHING)","Combinaison, aviateur (vêtements de vol spéciaux)",Active,Service
N8510,"Perfumes, Toilet Preparations and Powders","Parfums, préparations pour la toilette et poudres",Active,Service
N8510D,"Deodorant, Personal","Désodorisant, personnel",Active,Service
N8510F,"Sunburn Preventive Preparation, Non-Medicated","Préparation antisolaire, non médicamenteuse",Active,Service
N8520,"Toilet Soap, Shaving Preparations, and Dentifrices","Savons de toilette, préparations pour la barbe et dentifrices",Active,Service
N8530,Personal Toiletry Articles,Articles de toilette personnelle,Active,Service
N8530D,"RAZOR, SAFETY/BLADE, SAFETY RAZOR","Rasoir mécanique, lame de sûreté",Active,Service
N8530F,"PACK, PERSONAL TOILETRY ARTICLES","Trousse individuelle, articles de toilette",Active,Service
N8540,Toiletry Paper Products,Produits en papier pour la toilette,Active,Service
N8540C,"PAPER, TOILET","Papier, hygiénique, N.E.A.",Active,Service
N8710,Forage and Feed,Fourrage et aliments pour animaux,Active,Service
N8710A,"Forage and Feed, Animals",Fourrage et aliments pour animaux,Active,Service
N8710B,"Fish, Food","Poisson, aliment",Active,Service
N8720,Fertilizers,Engrais,Active,Service
N8730,Seeds and Nursery Stock,Semences et stocks de pépinières,Active,Service
N8810,"Live Animals, Raised for Food","Animaux vivants, élevés pour la consommation",Active,Service
N8820,"Live Animals, Not Raised for Food","Animaux vivants, non élevés pour la consommation",Active,Service
N8820A,"ANIMALS, LIVE, LABORATORY","Animaux vivants, laboratoire",Active,Service
N8820B,LIVE CHICKS,Poussins vivants,Active,Service
N8905,"Meat, Poultry and Fish (replaced by gsin N8905Z)","Viande, volaille et poisson (remplacé par nibs N8905Z)",Active,Service
N8905Z,"Meat, Poultry and Fish","Viande, volaille et poisson",Active,Service
N8905ZA,Fish,Poisson,Active,Service
N8910,Dairy Foods and Eggs (replaced by gsin N8910Z),Produits laitiers et oeufs (remplacé par nibs N8910Z),Active,Service
N8910BB,"Milk, Skim, Dry (replaced by gsin N8920ZC)","Lait, concentré, en poudre (remplacé par nibs N8920ZC)",Active,Service
N8910D,"Eggs, Fresh (replaced by gsin N8910ZD)",Oeufs frais (remplacé par nibs N8910ZD),Active,Service
N8910Z,Dairy,Laitiers,Active,Service
N8910ZA,Cheese,Fromage,Active,Service
N8910ZD,Eggs,Oeufs,Active,Service
N8915,Fruits and Vegetables (replaced by gsin N8915Z),Fruits et légumes (remplacé par nibs N8915Z),Active,Service
N8915B,"Fruits and Vegetables, Fresh, Except Dietetic (replaced by gsin N8915Z)","Fruits et légumes frais, sauf diététiques (remplacé par nibs N8915Z)",Active,Service
N8915Z,Fruits and Vegetables,Fruits et légumes,Active,Service
N8915ZFJ,"Juice, Concentrate",Jus concentré,Active,Service
N8920,Bakery and Cereal Products (replaced by gsin N8920Z),Produits céréaliers et de boulangerie (remplacé par nibs N8920Z),Active,Service
N8920C,"Groceries, Miscellaneous (replaced by gsin N8920ZC)","Provisions, divers (remplacé par nibs N8920ZC)",Active,Service
N8920J,Bread and Rolls (replaced by gsin N8920ZJ),Pain et petits pains (remplacé par nibs N8920ZJ),Active,Service
N8920K,Cakes and Plum Pudding (replaced by gsin N8920ZK),Gâteaux et plum-puddings (remplacé par nibs N8920ZK),Active,Service
N8920Z,Bakery Products,Produits de boulangerie,Active,Service
N8920ZC,"Groceries, Miscellaneous","Provisions , divers",Active,Service
N8920ZJ,Bread and Rolls,Pain et petits pains,Active,Service
N8920ZK,"Bakery, Specialties, Not Elsewhere Specified","Boulangerie, spécialités , non énumérés ailleurs",Active,Service
N8940,Special Dietary Foods and Food Speciality Preparations (replaced by gsin N8940Z),Aliments diététiques spéciaux et préparations alimentaires spéciales (remplacé par nibs N8940Z),Active,Service
N8940G,Potato chips (replaced by gsin N8920ZG),Pomme de terre croustilles (remplacé par nibs N8920ZG),Active,Service
N8940Z,Special Dietary Foods and Food Specialty Preparations,Aliments diététiques spéciaux et préparations alimentaires spéciales,Active,Service
N8940ZG,Potato Chips,Pomme de terre croustilles,Active,Service
N8940ZP,"Kosher, Foods","Mets, Kasher",Active,Service
N8955,"Coffee, Tea and Cocoa","Café, thé et cacao",Active,Service
N8955A,Coffee (replaced by gsin N8955ZA),Café (remplacé par nibs N8955ZA),Active,Service
N8955ZA,Coffee,Café,Active,Service
N8960,"Beverages, Non-Alcoholic (replaced by gsin N8960Z)","Boissons, non alcoolisées (remplacé par nibs N8960Z)",Active,Service
N8960E,"Water, Potable, Bottled (replaced by gsin N8960ZC)","Eau, potable, embouteillée (remplacé par nibs N8960ZC)",Active,Service
N8960F,"Water, Potable, Bulk (replaced by gsin N8960ZF)","Eau, potable, en vrac (remplacé par nibs N8960ZF)",Active,Service
N8960Z,Soft Drinks,Boissons gazeuses,Active,Service
N8960ZA,Beverage Base Assortments (nonalcoholic),"Assortiments de boisson soluble, non alcoolisée",Active,Service
N8960ZC,"Water, Bottled Drinking","Eau, potable embouteillée",Active,Service
N8965ZA,"Beverages, Alcoholic","Boissons, alcoolisées",Active,Service
N8970,Composite Food Packages,Rations conditionnées,Active,Service
N8970B,"Lunches, Boxed (replaced by gsin N8970ZB)","Casse-croûte, en boîte (remplacé par nibs N8970ZB)",Active,Service
N8970ZB,"Lunches, Boxed","Casse-croûte, en boîte",Active,Service
N8975,Tobacco Products,Produits du tabac,Active,Service
N9110,"Fuels, Solid","Combustibles, solides",Active,Service
N9110C,"Wood, Heating Purposes","Bois, de chauffage",Active,Service
N9130,"Liquid Propellants and Fuels, Petroleum Base","Propergols et carburants liquides, à base de pétrole",Active,Service
N9130D,Lighting Naphtha,Naphte d'éclairage,Active,Service
N9130E,Aviation Fuel,Combustible d'aviation,Active,Service
N9130GG,Natural Gas,Gaz naturel,Active,Service
N9130U,"Gasoline, Automotive, Unleaded","Essence, auto, sans plomb",Active,Service
N9135,"Liquid Propellant Fuels and Oxidizers, Chemical Base","Propergols liquides, carburants et comburants, à base de produits chimiques",Active,Service
N9140,Middle Distillate Fuels,Combustibles de distillat moyen,Active,Service
N9140A,"Fuel Oil, Heating","Mazout, chauffage,",Active,Service
N9140C,"Diesel Fuel, Automotive","Combustible diesel, automobiles",Active,Service
N9140G,Marine Fuel,"Combustible, marine",Active,Service
N9140L,Kerosene,Pétrole lampant kérosène,Active,Service
N9140M,Biodiesel Fuels,Carburants biodiésel,Active,Service
N9150,"Oils and Greases, Cutting, Lubricating, and Hydraulic","Huiles et graisses de coupe, de graissage et hydrauliques",Active,Service
N9150A,"Hydraulic Fluid, Automatic Transmission, C-2/C-3, Dextron ll and Type F","Fluide hydraulique, transmission automatique, C-2/C-3, Dextron II et type F",Active,Service
N9150C,Cutting Fluid,Huile de coupe,Active,Service
N9150D,"Fog Oil, Summer Grade","Huile fumigène, classe ETE",Active,Service
N9150E,Grease,Graisse,Active,Service
N9150EB,GREASE AUTOMOTIVE AND ARTILLERY,Graisse pour automobile et artillerie,Active,Service
N9150EF,"GREASE, WIRE ROPE",Graisse pour câbles métalliques,Active,Service
N9150EG,"GREASE, AIRCRAFT AND INSTRUMENT HIGH TEMPERATURE","Graisse, aéronef et instrument, température élevée",Active,Service
N9150EQ,"GREASE, BALL AND ROLLER BEARING","Graisse, roulement à billes et à rouleaux",Active,Service
N9150F,Hydraulic Fluid,Fluide hydraulique,Active,Service
N9150FA,"HYDRAULIC FLUID, FIRE RESISTANT","Fluide hydraulique, ignifuge",Active,Service
N9150FC,"HYDRAULIC FLUID, PETROLEUM",Fluide hydraulique à base minéral,Active,Service
N9150FD,"HYDRAULIC FLUID, AUTOMATIC TRANSMISSION, SYNTHETIC","Fluide hydraulique, transmission automatique, synthétique",Active,Service
N9150FE,"HYDRAULIC FLUID, PETROLEUM BASE FOR PRESERVATION AND TESTING","Fluide hydraulique, à base de pétrole pour préservation et essai",Active,Service
N9150G,Lubricant and Lubricating Oil,Lubrifiant et huile de graissage,Active,Service
N9150GA,Lubricant,Lubrifiant,Active,Service
N9150GAC,Lubricant,Lubrifiant,Active,Service
N9150GAH,"Lubricant, WIRE AND CABLE PULLING","Lubrifiant, câble et fil métallique, traction",Active,Service
N9150GAR,"Lubricant, CLEANER AND PRESERVATIVE FOR WEAPONS AND WEAPON SYSTEMS","Lubrifiant, nettoyeur et protecteur pour armes et systèmes d'armes",Active,Service
N9150GB,"Lubricant Oil, Aircraft","Huile, aéronefs",Active,Service
N9150GBB,"LUBRICATING OIL, AIRCRAFT TURBINE ENGINE, SYNTHETIC BASE","Huile pour moteur à turbine d'aéronefs, à base synthétique",Active,Service
N9150GF,"Lubricating Oil, Engine",Huile pour moteur,Active,Service
N9150GFD,"LUBRICATING OIL, ENGINE, NAVAL, DIESEL, SEVERE CONDITIONS","Huile pour moteur diesel, marine, conditions rigoureuses",Active,Service
N9150GFF,"LUBRICATING OIL, ENGINE, NON-DETERGENT","Huile pour moteur, non détergente",Active,Service
N9150GG,"Lubricating Oil, Gear","Huile, engrenage",Active,Service
N9150GGC,"LUBRICATING OIL, GEAR, MULTIPURPOSE GRADES 75, 80 AND 90","Huile pour engrenage, usage multiple, classes 75, 80 et 90",Active,Service
N9150GGE,"Lubricating Oil, Synthetic 75W90","Huile lubrifiante, synthétique 75W90",Active,Service
N9150GH,"Lubricating Oil, Instrument",Huile pour instrument,Active,Service
N9150GP,"LUBRICATING OIL, WEAPONS, SEMI-FLUID","Huile de graissage, armes, semi-fluide",Active,Service
N9150GR,"LUBRICATING OIL, AIR COMPRESSOR, 90500-1","Huile, compresseur d'air, 90500-1",Active,Service
N9150L00,Oil and Grease (N.E.S.),"Huile et graisse, N.E.A.",Active,Service
N9150T,Lubricating Oil,Huile,Active,Service
N9150U,"Lubricating Oil, Vacuum Pump","Huile, pompe à vide",Active,Service
N9160,"Miscellaneous Waxes, Oils and Fats","Cires, graisses et huiles diverses",Active,Service
N9160C,"Wax, Ski","Cire, skis",Active,Service
N9160F,"INSULATING OIL, ELECTRICAL CSA-C50-76","Huile calorifuge, électrique CSA-C50-76",Active,Service
N9310,Paper and Paperboard,Papier et carbonnage,Active,Service
N9320,Rubber Fabricated Materials,"Matières usinées, en caoutchouc",Active,Service
N9320A,EXTRUDED RUBBER PRODUCTS,Produits en caoutchouc repoussé,Active,Service
N9320B,FABRICATED RUBBER PRODUCTS (N.E.S),Produits en caoutchouc usiné (N.E.A.),Active,Service
N9320C,RUBBER SHEETS,Feuilles de caoutchouc,Active,Service
N9320CB,"RUBBER SHEETS, REINFORCED, SOUND ABSORBING","Feuilles de caoutchouc, renforcées, insonorisantes",Active,Service
N9320F,"MOULDINGS, RUBBER",Profilés en caoutchouc,Active,Service
N9330,"Plastics, Fabricated Materials","Matières fabriquées, plastique",Active,Service
N9330A,PLASTIC SHEETS,Plastique en feuilles,Active,Service
N9330AA,"PLASTIC SHEETS, RIGID","Matière plastique, feuilles rigides",Active,Service
N9330AAA,"PLASTIC SHEETS, RIGID, ACRYLIC BASE","Matière plastique, feuilles rigides, à base d'acrylique",Active,Service
N9330AAC,"PLASTIC SHEETS, RIGID, POLYETHYLENE","Matière plastique, feuilles, rigides, polyéthylène",Active,Service
N9330AAG,"PLASTIC SHEETS, RIGID, TEFLON","Matière plastique, feuilles rigides, téflon",Active,Service
N9330AAK,"PLASTIC SHEETS, RIGID, POLYCARBONATE","Matière plastique, feuilles, rigide, polycarbonate",Active,Service
N9330AAL,"PLASTIC SHEETS, RIGID, PLEXIGLASS","Matière plastique, feuilles, rigide, plexiglass",Active,Service
N9330AB,PLASTIC SHEETS (FILM) ROLLS,"Matière plastique, feuilles (film), en rouleaux",Active,Service
N9330ABA,"PLASTIC SHEETS (FILM) POLYVINYL, ROLLS","Matière plastique, feuilles de polyvinyle (film) en rouleaux",Active,Service
N9330ABB,"PLASTIC SHEETS (FILM) POLYETHYLENE, ROLLS","Matière plastique, feuilles de polyéthylène (film ) en rouleaux",Active,Service
N9330ABC,"PLASTIC SHEETS (FILM) POLYURETHANE, ROLLS","Matière plastique, feuilles de polyuréthanne (film) en rouleaux",Active,Service
N9330ABD,PLASTIC SHEETS (FILM) POLYESTER (MYLAR) ROLLS,"Matière plastique, feuille (film) de polyester (Mylar) en rouleaux",Active,Service
N9330ABE,"PLASTIC SHEET (FILM) PRESSURE SENSITIVE ADHESIVE COATED, ROLLS (EXCEPT SEALING TYPE)","Matière plastique, feuille (film) adhésive par pression, en rouleaux (sauf type scellement)",Active,Service
N9330ABG,"PLASTIC SHEETS (FILM) POLYESTER, REFLECTIVE, SUN CONTROL FOR WINDOWS AND GLASS DOORS","Matière plastique, feuilles de polyester (film), contrôle du soleil pour fenêtres et portes en verre",Active,Service
N9330ABH,"PLASTIC SHEETS (FILM) VINYL CHLORIDE-VINYL ACETATE COPOLYMER, ROLLS","Matière plastique, feuilles (pellicule), copolymère de chlorure de vinyle-acétate de vinyle, rouleaux",Active,Service
N9330E,"PLASTIC MATERIALS, FIBER GLASS REINFORCED","Matières plastiques, renforcées de fibre de verre",Active,Service
N9330F,"PLASTIC EXTRUSIONS, ALL TYPES","Profiles en plastique, tous les types",Active,Service
N9330G,"PLASTICS FABRICATED MATERIALS, N.E.S.","Matières fabriquées de plastiques, N.E.A.",Active,Service
N9330H,"WINDOW, PLASTIC FRAMED OR SASH WITH GLASS PANE","Fenêtre, encadrement et châssis en plastique avec carreau en verre",Active,Service
N9330J,"WINDOW, PLASTIC FRAMED OR SASH WITH PLASTIC PANE","Fenêtre, encadrement et châssis en plastique avec carreau en plastique",Active,Service
N9330M,"FOAM, POLYURETHANE",Mousse de polyuréthane,Active,Service
N9330P,"TAPE, BARRICADE WARNING, PLASTIC","Bande en plastique, avertissement de barricade",Active,Service
N9330Q,Glass Security Film,Pellicule de protection pour le verre,Active,Service
N9340,Glass Fabricated Materials,"Matières usinées, en verre",Active,Service
N9340A,GLASS LININGS AND FABRICATION (CUSTOM),Garnitures et fabrication de verre (spéciales),Active,Service
N9340D,"Glass, Window (Plate and Sheet)","Verre à vitre, laminé en feuille",Active,Service
N9340E,"Glass, Building, Various Types, Except Window","Verre, types variés pour la construction, sauf pour fenêtre",Active,Service
N9350,Refractories and Fire Surfacing Materials,Matières réfractaires et de surfaces de chauffe,Active,Service
N9350A,"BRICKS, INSULATING AND REFRACTORY","Briques, isolantes et réfractaires",Active,Service
N9350B,"MORTAR, REFRACTORY",Ciment réfractaire,Active,Service
N9350BB,"MORTAR, REFRACTORY, HEAT SETTING, CAN/CGSB-10.6-92","Mortier réfractaire thermodurcissable, CAN/ONGC-10.6-92",Active,Service
N9390,Miscellaneous Fabricated Nonmetallic Material,Matières usinées non métalliques diverses,Active,Service
N9390E,"CORK, SHEETS",Feuilles de liège,Active,Service
N9390G,REFLECTIVE SHEETING,Toiles réfléchissantes,Active,Service
N9410,Crude Grade of Plant Materials,Matières d'origine végétale à l'état brut,Active,Service
N9420,"Fibers Vegetable, Animal and Synthetic","Fibres végétales, animales et synthétiques",Active,Service
N9430,"Miscellaneous Crude Animal Products, Inedible","Produits bruts d'origine animale, divers, non comestibles",Active,Service
N9440,Miscellaneous Crude Agricultural and Forestry Products,"Produits agricoles et forestiers brut, divers",Active,Service
N9450,"Nonmetallic Scrap, Except Textile","Débris non métalliques, sauf textiles",Active,Service
N9505,"Wire, Nonelectrical","Fil, non électriques",Active,Service
N9505CB,"WIRE, STAINLESS STEEL, (NONELECTRICAL)","Fil, acier inoxydable (non électrique)",Active,Service
N9505CC,"WIRE, GALVANIZED STEEL, (NONELECTRICAL)","Fil, acier galvanisé (non électrique)",Active,Service
N9510,Bars and Rods,Barres et tiges,Active,Service
N9510A,Metal Bar (steel),Barre métallique (acier),Active,Service
N9510B,"Metal Rod/Bar, Stainless Steel","Tringle/barre métalliques, acier inoxydable",Active,Service
N9510CA,"Metal Rod, Drill Rod (tool steel)","Tringle métallique, tige de sonde (acier à outils)",Active,Service
N9515,"Plate, Sheet, Strip, Foil and Leaf","Plaques, feuilles, lames, bandes et feuillards",Active,Service
N9515A,"STEEL PLATES, SHEETS AND STRIPS","Plaques, feuilles et rubans en acier",Active,Service
N9515B,STEEL SHEET,Feuille en acier,Active,Service
N9515D,"SHIMSTOCK, STEEL","Tôle, cales, acier",Active,Service
N9515E,STEEL STRIP,Ruban en acier,Active,Service
N9515F,"FLOOR PLATE, STEEL, DOUBLE DECK","Plaque de plancher, acier, deux ponts",Active,Service
N9515G,"IRON SHEETS, CORRUGATED","Tôles de fer, ondulées",Active,Service
N9520,Structural Shapes,Profilés,Active,Service
N9520A,"Piling, Steel","Pilotis, acier",Active,Service
N9520B,STEEL ANGLES,Angles en acier,Active,Service
N9520D,"STEEL, STRUCTURAL","Acier, de construction",Active,Service
N9520E,"STEEL SECTION, ROLL FORMED, (SPECIAL SHAPES)","Section en acier, en rouleau (formes spéciales)",Active,Service
N9525,"Wire, Nonelectrical, Nonferrous Base Metal","Fils, non électriques, en métal non ferreux",Active,Service
N9525A,"WIRE, ALUMINUM",Fil en aluminium,Active,Service
N9525D,"WIRE, COPPER",Fil en cuivre,Active,Service
N9530,"Bars and Rods, Nonferrous Base Metal","Barres et ronds, en métaux non ferreux",Active,Service
N9530A,COPPER AND BRASS ROD,Baguette en cuivre et en laiton,Active,Service
N9530E,"BAR, NICKEL, MONEL, INCONEL AND INCOLOY","Barre, nickel, monel, inconel et incoloy",Active,Service
N9530H,"ALUMINUM, BARS AND RODS","Aluminium, barres et tiges",Active,Service
N9535,"Plates, Sheet, Strip and Foil, Nonferrous Base Metal","Plaques, feuilles, rubans et lames, en métaux non ferreux",Active,Service
N9535A,ALUMINUM SHEET,Feuilles d'aluminium,Active,Service
N9535E,LEAD ALLOY SHEET,Feuille en alliage de plomb,Active,Service
N9535F,"SHEET, NICKEL, MONEL, INCONEL AND INCOLOY","Feuille, nickel, monel, inconel et incoloy",Active,Service
N9540,"Structural Shapes, Nonferrous Base Metal","Profiles, en métaux non ferreux",Active,Service
N9540A,"ALUMINUM ANGLES, CHANNELS AND SECTIONS","Angles en aluminium, cannelures et sections",Active,Service
N9540C,EXTRUSION ALUMINUM,Aluminium de refoulage,Active,Service
N9540E,"SECTION, ROLL FORMED (SPECIAL SHAPES) NONFERROUS METAL","Section, en rouleau (formes spéciales) en métal non ferreux",Active,Service
N9545,"Plates, Sheet, Strip, Foil and Wire, Precious Metal","Plaques, feuilles, rubans, lames et fils, en métaux précieux",Active,Service
N9545B,"PLATES, SHEET, STRIP, FOIL AND WIRE, PRECIOUS METAL (N.E.S.)","Plaque, feuille, ruban, papier et fil, en métal précieux non classifiés ailleurs",Active,Service
N9610,Ores,Minéraux,Active,Service
N9620,"Minerals, Natural and Synthetics","Minéraux, naturels et synthétiques",Active,Service
N9630,Additive Metal Materials,Métaux additifs,Active,Service
N9640,Iron and Steel Primary and Semifinished Products,"Produits primaires et semi-finis, en fer et en acier",Active,Service
N9650,Nonferrous Base Metal Refinery and Intermediate Forms,Métaux non ferreux en lingots ou en formes intermédiaires,Active,Service
N9660,"Precious Metals, Primary Forms",Formes primaires de métaux précieux,Active,Service
N9670,Iron and Steel Scrap,Déchets de fer et d'acier,Active,Service
N9680,Nonferrous Metal Scrap,Déchets de métal non ferreux,Active,Service
N9905,Signs and Identification Plates,Enseignes et plaques d'identification,Active,Service
N9905H,PLAQUES,Plaques,Active,Service
N9905J,PLATES,Plaques,Active,Service
N9905K,SIGNS,Écriteaux,Active,Service
N9905KP,"SIGNS, PLASTIC (N.E.S.)","Écriteaux, plastique (N.E.A.)",Active,Service
N9905KSA,"Electronic Message Signs (LED,LCD,etc.)","Panneaux de messages électroniques (DEL,ACL,Etc.)",Active,Service
N9905MB,"TAGS, METAL","Étiquettes, métal",Active,Service
N9905MD,"TAGS, PLASTIC, LAMINATED, PRINTED, FISH IDENTIFICATION","Étiquettes en plastique, laminées, imprimées, identification du poisson",Active,Service
N9905N,"TITLE LETTERS, PHOTOGRAPHIC","Lettres titre, photograhiques",Active,Service
N9905P,ADVERTISING DISPLAYS,Étalages publicitaires,Active,Service
N9905Q,ADVERTISING AND PROMOTIONAL BALLOONS,Ballons publicitaires et promotionnels,Active,Service
N9905QA,"MARKER, CONE SHAPE, MAGNETIC BASE","Tube marqueur, en forme de cône, base aimantée",Active,Service
N9905R,"Nameplates, Dials, etc.","Plaques nominatives, cadrans, etc.,",Active,Service
N9905S,"DISPLAY FORMS, MANNEQUIN","Présentoirs, mannequin",Active,Service
N9910,Jewelry,Joaillerie,Active,Service
N9910C,Trophies,Trophées,Active,Service
N9915,Collectors Items,Articles de collectionneurs,Active,Service
N9920,"Smokers, Articles and Matches",Articles de fumeurs et allumettes,Active,Service
N9925,"Ecclesiastical Equipment, Furnishings and Supplies",Ameublement et articles de cultes,Active,Service
N9930,"Memorials, Cemeterial and Mortuary Equipment and Supplies","Monuments, matériel et articles funéraires",Active,Service
N9930A,"GRAVE MARKERS, BRONZE, FLAT","Plaques commémoratives, plates en bronze",Active,Service
N9930D,"Caskets, Burial",Cercueils,Active,Service
N9999,Miscellaneous Items,Articles divers,Active,Service
NCLOG,Logistics Support for U.S. Manufactured Military Equipment Currently Operated by Canadian Armed Forces (COLOG),Soutien logistique pour l'équipement militaire fabriqué aux É.-U. et couramment utilisé par les forces armées canadiennes (COLOG),Active,Service
R003A,Legal Services/Litigation/Lawyers,Services juridiques/litiges/avocats,Active,Service
R004A,Certifications and Accreditations for Products and Institutions other than Educational Institutions,Certification et accréditation de produits et d'établissements autres que les établissements d'enseignement,Active,Service
R006A,Technical Writing Services,Services de rédaction technique,Active,Service
R006AC,"Technical Writing Services, Armament Related Publications","Services de rédaction technique, publications reliées à l'armement",Active,Service
R006AH,"Technical Writing Services, Translations, Publications (CFTO)","Services de rédaction technique, de traduction, de publications (ITFC)",Active,Service
R006D,"Manuals, Standard Operating Procedures for Building Controls and Systems","Manuels, procédures normalisées d'exploitation pour les contrôles et les systèmes d'immeubles",Active,Service
R007A,System Engineering Services,Services de génie des systèmes,Active,Service
R008A,"Technical Engineering and Maintenance Services (TEMS) (Excludes requirements related to armament, R&D and R&O)","Services techniques, d'ingénierie et d'entretien (STIE) (A l'exclusion des besoins en matière d'armement, R&D et E&R)",Active,Service
R008B,Mobility Equipment Minor Engineering Tasks (MEMET) related to vehicular equipment,Travaux techniques mineurs pour équipement mobile reliés aux véhicules,Active,Service
R009AD,General Ledger/Bookkeeping System,Système de comptabilié utilisant le grand livre général,Active,Service
R010A,Internal and External Audits (Supply Arrangement PASS),Vérifications internes et externes (Arrangement en matière d'approvisionnement pour des services professionnels de soutien à la vérification),Active,Service
R010AF,IT Systems Audit (Supply Arrangement PASS),Vérification des systèmes de TI (Arrangement en matière d'approvisionnement pour des services professionnels de soutien à la vérification),Active,Service
R010AG,Finance & Accounting Services Audits (Supply Arrangement PASS),Vérification des services financiers et de comptabilité (Arrangement en matière d'approvisionnement pour des services professionnels de soutien à la vérification),Active,Service
R010AH,Forensic Audits (Supply Arrangement PASS),Vérifications judiciaires (Arrangement en matière d'approvisionnement pour des services professionnels de soutien à la vérification),Active,Service
R010B,"Audit Services, Not Elsewhere Specified","Services de vérification, non énumérés ailleurs",Active,Service
R010C,Recipient and Contribution Agreement Audit (Supply Arrangement PASS),Vérification des bénéficiaires et des accords de contribution (Arrangement en matière d'approvisionnement pour des services professionnels des soutien à la vérifications),Active,Service
R012A,Patent Services,Services de brevets,Active,Service
R013A,Land and Building Appraisal,Évaluation de terrains et d'immeubles,Active,Service
R019A,Budget Control Systems,Systèmes de contrôle budgétaire,Active,Service
R019AB,Professional Services / Program Advisory Services,Services professionnels / Services consultatifs sur les programmes,Active,Service
R019BF,"Human Resource Services, Business Consulting/Change Management; Project Management Services",Services aux ressources humaines; Services-conseil en affaire /Services de gestion du changement; Service de gestion de projets,Active,Service
R019D,Auctioneering Services,Services de vente aux enchères,Active,Service
R019E,Business Services,Services commerciaux,Active,Service
R019F,Consulting Services,Services de consultation,Active,Service
R019HB,Alternative Dispute Resolution Services,Services de mode alternatifs de règlement des conflits,Active,Service
R019K,Brokerage Services - Disposal of Aircraft and/or Parts,Services de courtage - élimination d'aéronefs et/ou de pièces,Active,Service
R019M,Harassment (Investigative Services),Harcèlement (services d'enquête),Active,Service
R019M1,"Investigative Services, Public Servant Disclosure Protection Act (PSDPA)","Services d'enquêtes, Loi sur la protection des fonctionnaires divulgateurs d'actes répréhensibles (LPFDAR)",Active,Service
R019N,Arbitration Services,Services d'arbitrage,Active,Service
R019P,Threat and Risk Assessment Services,Services d'évaluation de la menace et des risques,Active,Service
R019PA,Threat Risk Assessments - Base Building,Évaluation des menaces et des risques - Immeuble de base,Active,Service
R019Q,Marine Consulting,Consultation maritime,Active,Service
R019R,Professional Services / Financial Analysis,Services professionnels / Analyse financière,Active,Service
R019S,"Professional Services / Leasing Services (Office, Common Use, and Commercial Letting Services)","Services professionnels / Services de location (bureaux, locaux partagés et locaux commerciaux)",Active,Service
R019U,Professional Services / Program Research Analysis,Services professionnels / Recherche analytique de programme,Active,Service
R019UA,Professional Services / Assets Value Assessments,Services professionnels / Évaluation de la valeur d'actifs,Active,Service
R019UB,Professional Services / Waste Management Services,Services professionnels / Gestion de déchets,Active,Service
R101A,Expert Witness,Témoins expert,Active,Service
R102A,Weather Reporting/Observation Services,Services d'information et d'observation météorologiques,Active,Service
R103A,Courier Service,Service de messagerie,Active,Service
R103AA,"Courier Service, Licensed (Station Wagons, Vans, Trucks)","Services de messagerie, licenciés (familiales, fourgons, camions)",Active,Service
R104A,Audio Tape Transcripts/Summary Services - Not Media Related,Texte écrit de ruban audio/services de récapitulation - non lié aux médias,Active,Service
R104B,Transcription Services,Services de transcription,Active,Service
R105D,Internal Mail Distribution Services,Services de distribution de courrier Interne,Active,Service
R107AA,Book-Binding Services,Services de reliure,Active,Service
R107B,Library Subscriptions,Abonnements des bibliothèques,Active,Service
R108A,Word Processing Services,Services de traitement de textes,Active,Service
R109A,Language Translation and Interpretation,Traduction et interprétation,Active,Service
R109AB,Proof Reading Services,Services de lecture d'épreuve,Active,Service
R109B,Language Interpretation Services,Services d'interprétation,Active,Service
R109D,Translation Services,Services de traduction,Active,Service
R113A,Data Collection Services,Service de collecte des données,Active,Service
R114A,Logistics Support Services Military Aerospace Related,Services de soutien logistique (transport et défense),Active,Service
R115A,Materiel Management,Gestion du matériel,Active,Service
R115G,Fleet Management Services,Services de gestion du parc automobile,Active,Service
R116A,Court Reporting Services,Services de reportage en cour,Active,Service
R116AB,Summons Serving Services,Services de signification de procès-verbaux,Active,Service
R116B,Verbatim Reporting Services,Services de comptes rendus exhaustifs,Active,Service
R117A,Paper Shredding Service,Service de déchiquetage du papier,Active,Service
R117AA,"Shredding Service, Mobile, (Advisory Committee on Physical Security (ACOPS) Approved","Service de déchiquetage, mobile, approuvé par le comité consultif sur la sécurité matérielle CCSM)",Active,Service
R118A,Real Estate Broker Services,Services de courtier d'immeuble,Active,Service
R118AB,Real Estate Advisory Services,Services consultatifs en emmobilier,Active,Service
R118C,Rental - Warehouses,Location - entrepôts,Active,Service
R118DA,Rental of Exhibit Space - Canada,Location d'espaces pour exposition - Canada,Active,Service
R118DB,Rental of Exhibit Space - U.S.A.,Location d'espaces pour exposition - États-Unis,Active,Service
R118DC,Rental of Exhibit Space - Europe,Location d'espaces pour exposition - Europe,Active,Service
R118DD,"Rental of Exhibit Space - All Others Except Canada, U.S.A. and Europe","Location d'espaces pour exposition - tous les autres pays sauf le Canada, les États-Unis et l'Europe",Active,Service
R119A,Industrial Systems,Systèmes industriels,Active,Service
R121C,Employment / Training Program Evaluation,Évaluation du programme d'emploi / de formation,Active,Service
R122C,Managed Print Services,Service de gestion de l'impression - Consultation,Active,Service
R123A,Organization Development,Développement de l'organisation,Active,Service
R123AB,Organization Planning/Analysis,Planification et analyse de l'organisation,Active,Service
R123AH,Project Management Services,Service de gestion de projets,Active,Service
R123AQ,Evaluation & Performance Measurement Services,Services d'évaluation et de mesure de rendement,Active,Service
R199B,Miscellaneous Business Services,Services commerciaux divers,Active,Service
R199D,Signage Design and Installation,"Signalisation, conception et installation",Active,Service
R199EB,Automotive Washing Services,Services de lavage de véhicules motorisés,Active,Service
R199EG,Sign Printing Contractor Services,Services d'entrepreneurs pour impression d'enseignes,Active,Service
R199EO,Weather Reporting and Observing,Rapport et observation de température,Active,Service
R199F,Administrative Management and Planning Services,"Services administratifs, de gestion et de planification",Active,Service
R199H,"Consulting Services, Change Management / Organizational Development (CM/OD)",Services de consultation en matière de gestion du changement et de développement organisationnel (GC/DO),Active,Service
R199HC,Fairness Monitoring Services,Services de surveillance de l'équite,Active,Service
R199HD,Values and Ethics Services,Services en matière de valeurs et d'éthique,Active,Service
R199I,"Human Resources Support Services (HRSS): Organization and Classification, Staffing and Compensation","Services de soutien en ressources humaines (SSRH) : organisation et classification, dotation et rémunération",Active,Service
R199IP,Personnel Management: Staffing,Gestion du personnel - dotation,Active,Service
R199J,Administrative Services,Services administratifs,Active,Service
R199L,Facilities Operations Service,Services d'exploitation des installations,Active,Service
R199V,Health and Safety on Construction Sites,Santé et sécurité sur les chantiers de construction,Active,Service
R199W,Cable Plant -Services,Services de l'installation des câbles,Active,Service
R199X,Adjudication Services,Services d'adjudication,Active,Service
R201A,General Office Help,Aide générale de bureau,Active,Service
R201AA,"Temporary Help Services, General Office Support","Services d'aide temporaire, soutien admininstratif général",Active,Service
R201AC,Temporary Help Services - Administrative,Services d'aide temporaire - administratifs,Active,Service
R201BA,Temporary Help Services - Professional and Technical,Services d'aide temporaire - professionnels et techniques,Active,Service
R201D,Services of Individuals - Except Consultants,Services d'individus - sauf experts conseils,Active,Service
R201DB,Services of Individuals - Management,Services d'individus - en gestion,Active,Service
R201DD,Services of Individuals - Environment,Services d'individus - environnement,Active,Service
R201DF,Services of Individuals - Mechanical and Electronic Contractors,Services d'individus - entrepreneurs mécaniques et électroniques,Active,Service
R201DG,Services of Individuals - General Labourers and Trade Helpers,Services de main d'oeuvre - manoeuvres et aides d'hommes de métier,Active,Service
R201DH,Services of Individuals - Truck Drivers,Services d'individus - conducteurs de camion,Active,Service
R201DI,Services of Individuals - Cook (Chef),Services d'individus - cuisinier (chef),Active,Service
R201E,"Temporary Help, N.E.S.","Aide temporaire, N.E.A.",Active,Service
R201EA,Temporary Help Services - Industrial,Services d'aide temporaire - industriel,Active,Service
R201F,"Hiring of Ships' Crews, Pilots, Etc.","Embauche d'équipages et de pilotes de navires, etc.",Active,Service
R201FA,"Services Related to Water Transportation - Hiring of Ships' Crews, Pilots, Etc.","Services relatifs au transport maritime - embauche d'équipages et de pilotes de navires, etc.",Active,Service
R201H,Executive Search Services,Services de recrutement de cadres,Active,Service
S000A,Gas Services,Services d'alimentation en gaz,Active,Service
S001A,Electricity Services,Services d'alimentation en électricité,Active,Service
S002A,Telephone Services,Services téléphonique,Active,Service
S002AC,Telephone/Station Message Call Detail Recording Services,Téléphone/services d'enregistrement détaillé de message reçu,Active,Service
S002C,Cablevision Service,Services de câblodistribution,Active,Service
S002E,Communications Services,Communications,Active,Service
S003A,Water Supply,Alimentation en eau,Active,Service
S003DA,SEPTIC TANK AND LATRINE SERVICE,SERVICE DE FOSSE SEPTIQUE ET DE LATRINES,Active,Service
S003E,Water Treatment Services,Services d'épuration des eaux,Active,Service
S003F,"Boiler, Chemical Water Treatment & Related Services",Traitement de la chaudière avec de l'eau chimique et services connexes,Active,Service
S099A,Sanitary Services,Services sanitaires,Active,Service
S099D,Swill Collection and Disposal,Collecte et élimination des eaux grasses,Active,Service
S099EB,Waste Oil Removal Services,Services d'enlèvement d'huile usée,Active,Service
S099EC,Street Washing Services,Services de lavage des rues,Active,Service
S099H,"Specialized Sanitary Services, Not Elsewhere Specified","Services sanitaires spécialisés, non énumérés ailleurs",Active,Service
S099I,"Utility Services, Not Elsewhere Specified","Services publics, non énumérés ailleurs",Active,Service
S099IB,"Tanks, Fuel, Oil Cleaning Services",Réservoirs à essence et à huile - services de nettoyage,Active,Service
S099J,"Utilities (Electricity, Water, Gas, and Sanitary Services)","Services publics (énergie électrique, eau, gaz et services sanitaires)",Active,Service
T000A,Communication Telemarketing,Communication en Télémarketing,Active,Service
T000B,Strategic Communication Services,Services de communication Stratégique,Active,Service
T000C,Communication Planning and Development,Développement et planification de communication,Active,Service
T000D,Communication Evaluation and Assessment,Évaluation et établissement des programmes de communication,Active,Service
T000E,Communication Program/Project Implementation,Programme de communication/projet d'exécution,Active,Service
T000F,Communication Research and Analysis,Recherche et analyse des communications,Active,Service
T000G,Communication Support Products,Produits de soutien en communication,Active,Service
T000GA,Communication Promotional Material (including printing and identification),Matériaux de promotion en communication (incluant l' impression et l' identification),Active,Service
T000H,Communication Writing and Editing Services,Services de communication axés sur la rédaction et la révision,Active,Service
T000I,Communication Projects,Projets de communication,Active,Service
T000K,Telephone Services / Contact Centre Services,Services d'orientation téléphonique / Services de centres d'appels,Active,Service
T000L,Communication Project Management Services,Services de gestion de projet de communication,Active,Service
T000M,Information Dissemination Service,Service de diffusion de l'information,Active,Service
T001A,Public Opinion Research - Quantitative,Sondage d'opinion publique - quantitative,Active,Service
T001B,Public Opinion Research - Qualitative,Sondage d'opinion publique - qualitative,Active,Service
T001C,Public Opinion Research - Quantitative & Qualitative,Sondage d'opinion publique - étude quantitative et qualitative,Active,Service
T001D,Public Opinion Research - Syndicated Studies,Sondage d'opinion publique - études multi-intérêts,Active,Service
T001E,Public Opinion Research - other,Sondage d'opinion publique - autre,Active,Service
T001G,Communication Marketing Management,Gestion du marketing en communications,Active,Service
T001GA,Market Research,Étude du marché,Active,Service
T001GB,Marketing Strategy,Stratégie de commercialisation,Active,Service
T001H,Stakeholder and Citizen Consultation and Engagement Services,Services de consultation et de participation des intervenants et des citoyens,Active,Service
T001HA,Stakeholder and Citizen Consultation and Engagement Services - In Person,Services de consultation et de participation des intervenants et des citoyens - en personne,Active,Service
T001HB,Stakeholder and Citizen Consultation and Engagement Services - Online,Services de consultation et de participation des intervenants et des citoyens - en-ligne,Active,Service
T002A,"Expositions, Design and Fabrication Services","Services de fabrication, de conception et d'expositions",Active,Service
T002AA,Fabrication of Exhibits,Fabrication de matériels pour exposition,Active,Service
T002AB,Custom Exhibit Fabrication,Fabrication de matériels sur mesure pour exposition,Active,Service
T002AI,Graphic Production,Production graphique,Active,Service
T002AJ,Graphic Design and Exhibit Design,Conception graphique et conception de matériel d'exposition,Active,Service
T002AJA,Graphic Design Services,Services de conception graphique,Active,Service
T002AK,Research and Writing,Recherche et rédaction,Active,Service
T002AP,"Contractor Services for Furniture Rental, Electrical, Plumbing and Decorative Fixture (for Exhibits)","Services d'entrepreneur pour la location d'ameublement, l'électricité, la plomberie et les accessoires décoratifs (pour expositions)",Active,Service
T002AQ,Site Management Services for Exhibit,Services de gestion de locaux pour les expositions,Active,Service
T002AT,Exhibit Artifacts - Display Objects,Produits oeuvres pour exposition - objets d'étalage,Active,Service
T002B,Internal Communications Programs,Programmes de communications internes,Active,Service
T002C,Travelling Exhibits,Kiosques mobiles,Active,Service
T002D,Corporate Sponsorship,Parrainage collectif,Active,Service
T002G,Internet Communication Services,Services de communication sur Internet,Active,Service
T002GA,Website Communications Consultation and Design,Consultations et design en communication pour sites web,Active,Service
T002GB,Website Content Maintenance and Updating,Maintenance et mise à jour du contenu de site web,Active,Service
T002GC,Website Analysis and Evaluation,Analyse et évaluation de site web,Active,Service
T002GD,Webcasting,Diffusion sur le web,Active,Service
T002GE,Streaming Audiovisual Services,Services de diffusion audiovisuelle sur Internet,Active,Service
T002GF,Internet Based Communications Research,Services de recherche en communication sur Internet,Active,Service
T002GG,Conversion of Print Material for Internet Application,Conversion de matériel imprimé pour l'Internet,Active,Service
T002GJ,Design of Graphics for Internet Application,Services de design pour Internet,Active,Service
T003A,Advertising,Publicité,Active,Service
T003AA,Advertising Creative Services,Services de création en publicité,Active,Service
T003AC,Public Notices Services,Services pour des avis publics,Active,Service
T003AF,Advertising Media Planning/Buying,Planification/achat de média en publicité,Active,Service
T003AG,Advertising Related Services,Services reliés à la publicité,Active,Service
T003AH,Public Relations Services Related to Advertising,Services de relations publiques reliés à la publicité,Active,Service
T004A,Public Relations Services Non-Related to Advertising,Services de relations publiques non reliés à la publicité,Active,Service
T004AB,Public Relations Planning and Development,Planification et développement des relations publiques,Active,Service
T004B,Events Planning and Management,Planification et gestion d'événements,Active,Service
T004BA,Conference Planning Services,Services de planification des conférences,Active,Service
T004D,Media Analysis,Analyse des médias,Active,Service
T004E,Media Relations,Relations avec les médias,Active,Service
T004F,On-Site Live Entertainment,Spectacle vivant sur place,Active,Service
T004H,"Writing Services (including, editing, adaptation, etc.)","Services de rédaction (incluant révision, adaptation, etc)",Active,Service
T004I,"Meeting, Conference, Convention and Special Event Management Services","Services de gestion, pour réunions, conférences, conventions ou événements spéciaux",Active,Service
T004J,Press Service,Services de presse,Active,Service
T004JD,Press Release Distribution,Diffusion de communiqués de presse,Active,Service
T004K,Media Monitoring Services,Services de surveillance des médias,Active,Service
T004KA,Social Media Monitoring,Surveillance des médias sociaux,Active,Service
T004N,Language Adaptation,Adaptation des langages,Active,Service
T004P,Meeting Facilitator Services,Services d'animateur de réunion,Active,Service
T004Q,Transcription of Live Events,Transcription d'événements en direct,Active,Service
T004R,Online News Database,Base de donneés de nouvelles en ligne,Active,Service
T005A,Graphic Design Services - including website,Services de conception graphique - incluant site web,Active,Service
T006A,Cartography Services,Services de cartographie,Active,Service
T007A,Marine Cartography Services,Services de cartographie marine,Active,Service
T008AB,Photo Finishing Services - Laminating,Services de développement de photo - laminage,Active,Service
T009A,Audio Visual Production Services,Services de production audiovisuel,Active,Service
T009BAA,"Videodisc Production: All Levels, Computer Programming - Interactive Touch Screen","Production de vidéodisque: tous les niveaux, programmation d'ordinateurs - écran à contact interactif",Active,Service
T009BAB,Subtitling,Sous-titrage,Active,Service
T009BAC,Satellite Transmission,Transmission par satellite,Active,Service
T009BH,Video Production Services,Services de production de vidéo,Active,Service
T009BO,Multi-Image Production Services,Services de production à images multiples,Active,Service
T009BP,Audio/Visual Freelance and Project Management Services,Services audio-visuels indépendants et de gestion de projets audio-visuel,Active,Service
T009BQ,Sound Studio Services,Services de studio d'enregistrement,Active,Service
T009BR,Audio/Visual Language Adaptation/Versioning Services,Services audiovisuels sur l'adaptation et l'interprétation de la langue,Active,Service
T009BU,Audio Visual Services - Interactive/Multimedia including implementation for website use,Services audiovisuels - intéractif/Multimédia incluant la réalisation pour utilisation sur l'internet,Active,Service
T009BV,Film Production: IMAX-OMNIMAX/SHOWSCAN/CIRCLE VISION,Production de film: IMAX-OMNIMAX/SHOWSCAN/CIRCLE VISION,Active,Service
T009BW,Video Production: Video Wall/Laser/Light and Sound,Production de vidéo: vidéo au mur/laser/son et lumière,Active,Service
T009BX,Multi Media (AV and Print and Packaging),"Média multiples (audiovisuel, imprimerie et emballage)",Active,Service
T009BY,"Film Laboratory, Film Processing, Release Printing","Laboratoire de film, développement de film et impression de lancement",Active,Service
T009BZ,Videotape/DVD/BluRay Duplication,Reproduction de bande magnétique/DVD/BlueRay,Active,Service
T009CA,Distribution Services: Film and Video,Services de distribution: film et vidéo,Active,Service
T009D,Audio and Video Technical Services,Services techniques audio-vidéo,Active,Service
T009E,Audio Recordings/Talking Books,Enregistrement audio/Livres parlants,Active,Service
T011B,Photo-Map Production,Production de photocartes,Active,Service
T012A,Aerial Photography Other Than Survey and Mapping,"Photographie aérienne, autre que pour la topographie et la cartographie",Active,Service
T013B,General Commercial Photography,Photographie commerciale générale,Active,Service
T013BZ,Visual Information System,Systèmes d'information visuelle,Active,Service
T013D,Satellite Data Processing and Related Services,Traitement de données du satellite et services connexes,Active,Service
T0149H,"Identification Printing (cards, laminated products) - Non-secure","Impression d' identification (cartes, produits laminés)",Active,Service
T0149J,Inserting - Direct Mail,Insertion - courrier direct,Active,Service
T014A,Publications,Publications,Active,Service
T014AC,"Printing, Web",Presse à bobine,Active,Service
T014AK,"Printing, Offset, Small, up to 19 X 26 - Informational, Process Colour - 2","Impression offset, petit format, jusqu'à 19 x 26, édition informative, procédé chromatique - 2",Active,Service
T014C2,Maps - Printing,Cartes géographiques -Impression,Active,Service
T014C4,Cheque Inserts,Chéquier,Active,Service
T014D1,"Security Printing, Paper Documents (including bonds)","Impression, classification sécuritaire, documents papiers (incluant les obligations)",Active,Service
T014D10,Security ID Printing Passes/Cards,Impression à classification sécuritaire de laissez-passer,Active,Service
T014D11,Security Printing Exam Sheets,Impression à classification sécuritaire de feuilles d'examen,Active,Service
T014D12,Security Printing Warrants,Impression à classification sécuritaire de mandats,Active,Service
T014D2,"Security Printing, Passports","Impression, classification sécuritaire, passeports",Active,Service
T014D3,"Security Printing, Spirit / Tobacco Labels","Impression à classification sécuritaire, étiquettes pour alcool / tabac",Active,Service
T014E5,Promotional Items (Printed Only),Articles promotionnels (Imprimés seulement),Active,Service
T014F1,File Folders - Printed,Chemises de classement -Imprimées,Active,Service
T014F3,"Folders, Kit","Chemises, jeux",Active,Service
T014G1,"Decals, Printed",Décalques imprimées,Active,Service
T014G2,Tags,Étiquettes,Active,Service
T014G3,"Labels, Printed",Étiquettes imprimées,Active,Service
T014H14,Forms Flat Video Jacket Inserts,Formulaires formules à feuille simple encarts pour jaquette de vidéo,Active,Service
T014H15,Flat Printing / Loose leaf Printing,Impression à plat,Active,Service
T014H2,"Forms, Flat, Calling Cards","Formules à feuille simple, carte de visite",Active,Service
T014H5,Flat Printing,Formules à feuille simple d'impression,Active,Service
T014H6,Forms Flat Telephone Pads Etc.,Formulaires formules à feuille simple bloc-téléphone etc.,Active,Service
T014H7,Forms Flat Business,Formulaires formules à feuille simple d'affaires,Active,Service
T014H8,Forms Flat Complimentary Cards,Formulaires formules à feuille simple cartes d'accompagnement,Active,Service
T014JK,Multipart Forms,Formulaires multifeuilles,Active,Service
T014KA,"Forms, Continuous",Formules en continu,Active,Service
T014L5,Dividers - Printed,Intercalaires - Imprimées,Active,Service
T014N1,Graphic Design and Production,Conception et production graphique,Active,Service
T014N1R,"Typesetting, Composition - Regional","Composition typographique, régionale",Active,Service
T014N3,Camera-Ready Art,Illustration prêtes pour la photographie,Active,Service
T014P,Micrographic Services (Including Microfilming),Services micrographiques (incluant le microfilmage),Active,Service
T014Q10,Offset Printing and Variable Imaging,Impression offset et imagerie variable,Active,Service
T014Q4,Electronic Printing Direct Mail,Impression électronique publipostage,Active,Service
T014Q5,Electronic Printing Cheques,Impression électronique chèques,Active,Service
T014Q8,Electronic Printing on Demand,"Impression électronique, sur demande",Active,Service
T014Q9,Database/Variable Imaging,Base de données - imagerie variable,Active,Service
T014QB,Electronic Publishing,Publication électronique,Active,Service
T014R1C,"Calligraphy, Design and Artwork","Calligraphie, dessin et illustration",Active,Service
T014R1N,"Writing (Copy Writing, Tech Writing, Editorial, Translation Manual, Musicology)","Rédaction (conception-rédaction, rédaction technique, édition traduction manuel, musicologie)",Active,Service
T014R4A,Negatives,Négatifs,Active,Service
T014R4C,Forms Management,Gestion de formulaires,Active,Service
T014RB,Forms Design,Conception des formules,Active,Service
T014SR,Printing of Envelopes,Impression d'enveloppes,Active,Service
T014U,"Addressing, Distribution and Mailing Lists Management","Gestion d'adressage, de distribution et de listes d'envoi",Active,Service
T014V0A,White Printing,Impression diazo,Active,Service
T014V0C,"Binders, Printed","Reliures, imprimées",Active,Service
T014V1,"Alternate Format Printing (includes Braille, Large Print and Tactile Graphics)",Impression en braille/média substitut,Active,Service
T014V8A,Copying Services,Services de reproduction,Active,Service
T015AA,Photocopying Services,Services de photocopies,Active,Service
T015AC,Blue Printing and Engineering Drawing Reproduction,Services de tirage de bleus,Active,Service
T016B,"Mapping Services, N.E.S.","Services de cartographie, N.E.A.",Active,Service
T016D,Map Production: Photogrammetric and Cartographic Reproduction,Production de cartes géographiques - reproduction photogrammétrique et cartographique,Active,Service
T016O,Topography Services,Topographie,Active,Service
T018A,Archival Services: Preparation Cataloguing and Preservation,"Services d'archives: préparation, catalogage et préservation",Active,Service
T018BA,Sound Production and Re-Production,Production et reproduction sonores,Active,Service
T018BE,"Tape Duplication Services, Audio","Services de duplication de bande, magnétique",Active,Service
T018E,Monitoring,Contrôle,Active,Service
T019A,Surveying Services,Services de topographie,Active,Service
T019AA,Land Surveying Services,Services d'arpentage,Active,Service
T019B,Thermovision and Thermographic Surveys,Levés de thermovision et thermographique,Active,Service
T019D,"Survey Services, Interior and Exterior","Services d'arpentage, intérieur et extérieur",Active,Service
T019E,Surveying and Mapping Services,Services de topographie et de cartographie,Active,Service
T099A,"Publishing, Co-Publishing and Support Services - Paper and Electronic Format","Services de publication, co-édition et de soutien - copies imprimées et supports électroniques",Active,Service
T099AA,Co-Publishing of Books,Co-édition de livres,Active,Service
T099AB,Publishing Support Services,Services de soutien de publication,Active,Service
T099C,Desk Top Publishing Services,Services de publication assistée par ordinateur,Active,Service
T099D,Newswire Services,Services de télénouvelle,Active,Service
T099E,"Surveys, Not Elsewhere Specified","Sondages, Non énumérés ailleurs",Active,Service
T099G,Restoration of Works of Art,Restauration d'oeuvres d'art,Active,Service
T099H,"Communication Publications - Ordering, Warehousing and Distribution","Publications de communication - Commande, entreposage et distribution",Active,Service
T099J,Document Management and Printing,Gestion et impression de documents,Active,Service
U001A,Seminars,Colloques,Active,Service
U001C,Negotiating Skills Training Courses,Cours de formation sur les techniques de négociation,Active,Service
U001M,Problem Solving/Decision Making Training Courses,Cours de formation sur la résolution de problèmes et la prise de décisions,Active,Service
U001T,Time Management Training Courses,Cours de formation sur la gestion du temps,Active,Service
U001V,Quality Assurance Training Courses,COURS DE FORMATION SUR L'ASSURANCE DE LA QUALITE,Active,Service
U002C,Vocational and Psychometric Testing,Administration de tests professionnels et psychométriques,Active,Service
U003A,Reserve Training - Military,Instruction de la réserve - militaire,Active,Service
U004A,Management Training,Formation en gestion,Active,Service
U005B,Corporate Membership Subscription Fees,Frais d'abonnement collectif,Active,Service
U006A,Secretarial and Stenographic Courses,Cours de secrétariat et de sténographie,Active,Service
U006B,COMMUNITY COLLEGES,COLLEGES COMMUNAUTAIRES,Active,Service
U006C,Technical / Vocational Training,Formation professionnelle et technique,Active,Service
U008B,Evaluation Design (Training),Conception de l'évaluation - formation,Active,Service
U008C,Training Design,Conception de la formation,Active,Service
U008D,Conduct of Training,Exécution de la formation,Active,Service
U008F,Training Analysis and Design Courses,Cours d'analyse et de conception de la formation,Active,Service
U008G,Conduct Training for Instructors Courses,"Cours sur l'exécution de la formation, pour instructeurs",Active,Service
U008N,Training and Curriculum Development,Développement de la formation et des programmes d'études,Active,Service
U008P,End-to-End Learning Services (Excludes COTS Training),Services d'apprentissage de bout en bout (exclut la formation disponible dans le commerce),Active,Service
U009A,EDP Training,Formation informatique,Active,Service
U009AA,Educational Services - ADP Training,Services pédagogiques - formation TAI,Active,Service
U009B,Computer Assisted Learning,Enseignement assisté par ordinateur,Active,Service
U009E,Informatics Training,Formation en informatique,Active,Service
U010P,Certification and Accreditation - Emergent Care Training,Certification et accréditation - formation en soins de première urgence,Active,Service
U010Q,Certification and Accreditation-Medical Training,Certification et accréditation-Formation médicale,Active,Service
U099A,Business Training,Formation commerciale,Active,Service
U099AA,Educational Services - Business Training,Services pédagogiques - formation commerciale,Active,Service
U099AB,Cross-Cultural Training,Formation interculturelle,Active,Service
U099BA,"Pilot Training Services, Aircraft","Services de formation pour pilote, aéronef",Active,Service
U099BB,Driver Training,Formation de chauffeur,Active,Service
U099BC,Firearm Training,Formation sur le maniement des armes à feu,Active,Service
U099BE,Airborne Combat Support Training - Fighter and Trainer Aircraft only,Formation de soutien au combat aéroporté - Avion de chasse et d'entraînement seulement,Active,Service
U099BF,Marine Training,Formation maritime,Active,Service
U099BG,Search and Rescue Training,Formation de recherche et de sauvetage,Active,Service
U099C,"Educational Services, N.E.S.","Services pédagogiques, N.E.A.",Active,Service
U099D,Language Training Services,Services de formation linguistique,Active,Service
U099M,Personal Health Related Training Courses,Cours de formation relatif a la santé personnelle,Active,Service
U099N,Pre-Retirement Related Training Courses,Cours de formation relatif à la pré-retraite,Active,Service
U099Q,Marketing Training Courses,Cours de formations en commercialisation,Active,Service
U099S,Safety Training Courses,Cours de formation sur la prévention des accidents,Active,Service
U099SA,Health and Safety Consultation and Training,Consultation et formation en santé et sécurité,Active,Service
U099SB,Pest Management Training,Formation sur la lutte antiparasitaire,Active,Service
U099SC,Fitness Evaluation and Training,Évaluation de la condition physique et entraînement,Active,Service
U099SD,Wilderness Training,Entraînement en milieu sauvage,Active,Service
U099T,First Aid Training Courses,Cours de formation en secourisme,Active,Service
U099U,Career Path Planning Training Courses,Cours de formation sur la planification des carrières,Active,Service
V001A,Freight and Cargo Services,Services de fret et de cargo,Active,Service
V001AA,"Freight and Cargo Services, Including Marshalling, Packaging, Crating and Storage and Forwarding Services","Services de transport et chargement, incluant triage, conditionnement, emballage et services d'entreposage et d'expédition",Active,Service
V001B,Trucking,Camionnage,Active,Service
V001BA,"Movers, Furniture and Office Equipment and Storage","Déménageurs, meubles et équipement de bureau et entreposage",Active,Service
V001C,"Freight and Cargo Handling Services, Not Elsewhere Specified","Services de manutention pour chargement et transport, non énumérés ailleurs",Active,Service
V002A,Rail,Train,Active,Service
V005A,"Motor Passengers, Mail and Merchandise Transportation Service","Transport routier de voyageurs, de courrier et de marchandise",Active,Service
V010A,Taxi Services,Services de taxi,Active,Service
V010AA,Taxi Passenger Service,Service de transport par taxi,Active,Service
V100B,Water Transportation,Transport par bateau,Active,Service
V101AA,Vessel Charter,Affrètement de vaisseau,Active,Service
V102A,Operation of Ferries,Traversiers,Active,Service
V103A,Services Related to Water Transportation,Services reliés au transport maritime,Active,Service
V103BA,Ship Mooring Services,Services d'amarrage de navires,Active,Service
V200A,Air,Avion,Active,Service
V200B,Air Transportation,Transport par avion,Active,Service
V200C,Air Transportation - Business Travel,Transport aérien - voyage d'affaires,Active,Service
V201A,Fixed Wing Aircraft - Airplane Charter,Affrètement aéronef à voilure fixe - Affrètement avion,Active,Service
V201B,Rotary Wing Aircraft - Helicopter Charter,Affrètement aéronef à voilure tournante - Affrètement hélicoptère,Active,Service
V201C,Class 9-4: Fixed Wing International Charter Commercial Air Services,Classe 9-4: voilure fixe - service d'affrètement aérien commercial international,Active,Service
V201D,Class 9-4: Rotating Wing International Charter Commercial Air Services,Classe 9-4: voilure tournante - service d'affrètement aérien commercial internationale,Active,Service
V202A,Passenger Service,Service de passagers,Active,Service
V202BA,Limousine Services,Services de limousine,Active,Service
V203A,Aircraft and Glider Dry Leases,Aéronefs et planeurs - location à bail,Active,Service
V204A,Air Taxi,Avion de navette,Active,Service
V204D,Express Messenger Service,Service de messagerie express,Active,Service
V204E,Services Related to Air Transportation,Services reliés au transport aérien,Active,Service
V204F,Aerial Application and Distribution Services,Services aériens d'épandage et de dispersion de produits,Active,Service
V204G,Aerial Control Services,Service de surveillance aérienne,Active,Service
V204H,Aerial Inspection and Reconnaissance Services,Services de reconnaissance et d'inspection aérienne,Active,Service
V204I,Flying Training,Formation pour vol,Active,Service
V204IA,Parachute Operations,Opérations de parachutage,Active,Service
V204J,Air Ambulance Services,Services d'ambulanciers aériens,Active,Service
V204L,Ground Handling Services,Services de manutention au sol,Active,Service
V204M,"Operation, Maintenance and Servicing of Crown Owned or Leased Aircraft","Aéronefs loués par l'État ou lui appartenant - opération, entretien et réparation",Active,Service
V204N,Air-to-Air Gunnery Towing and Scoring Services,Services de remorquage et de notation pour tirs au canon air-air,Active,Service
V401B,Transportation,Transport,Active,Service
V401C,Bus Services,Services d'autobus,Active,Service
V401CA,Bus Passenger Service,Service de transport par autobus,Active,Service
V401CB,"Bus, Shuttle Services","Autobus, service de navette",Active,Service
V401F,Search and Rescue Operations,Opérations de recherche et de sauvetage,Active,Service
V401I,"Transportation Services, Not Elsewhere Specified","Services de transport, non énumérés ailleurs",Active,Service
V401IB,Vehicle Towing Services,Services de remorquage de véhicules,Active,Service
V401IC,Transportation Service - Armoured Vehicles,Services de transport - véhicules blindés,Active,Service
V401ID,Transportation Services - Bush,Services de transport - brousse,Active,Service
V401IE,Transportation Services - Hazardous Wastes,Services de transportation - déchets dangereux,Active,Service
V401J,Transportation and Charters,Transport et affrètements,Active,Service
V403A,Charters,Affrètements,Active,Service
V403B,Transportation Services - Helicopter and Aircraft,Services de transport - hélicoptères et aéronefs,Active,Service
V501A,Towing and Tugboat Services,Services de remorquage et de bateaux-remorqueurs,Active,Service
V502A,Relocation Services,Service de réinstallation,Active,Service
V502B,"Hotels, Motels and Commercial Accommodation","Hôtels, motels et logements commerciaux",Active,Service
V502BA,"Hotels, Motels and Boarding Houses","Hôtels, motels et pensions",Active,Service
V502BAA,"Hotels, Motels and Boarding Houses with Cooking Facilities","Hôtels, motels et pensions avec possibilité de cuisson",Active,Service
V502BAB,"Hotels Motels and Boarding Houses, as Detention Centres","Hôtels, motels et pensions centres de détention",Active,Service
V502C,"Accommodation and Food Services, N.E.S.",Services de logement et d'alimentation N.E.A.,Active,Service
V502CA,Accommodation and/or Food Support Services,"Services de logement et, ou d'alimentation",Active,Service
V503A,Tour Guides,Guides touristiques,Active,Service
V503B,Travel Management Services,Services de gestion de voyage,Active,Service
V505A,Storage and Warehousing,Stockage et entreposage,Active,Service
V505B,Packaging and Crating,Emballage et mise en caisse,Active,Service
V506A,Diving and Salvage Services,Services de plongée et de récupération,Active,Service
WL1440,"LAUNCHERS, GUIDED MISSILE - LEASING",Lance-missiles - location à bail,Active,Service
WL1940,SMALL CRAFT - LEASING,Embarcations légères - location à bail,Active,Service
WL1945,PONTOONS AND FLOATING DOCKS - LEASING,Pontons et docks flottants - location à bail,Active,Service
WL1990,"Vessels, Miscellaneous - Leasing",Bateaux divers - location à bail,Active,Service
WL2010,SHIP AND BOAT PROPULSION COMPONENTS - LEASING,Organes de propulsion pour bateaux et navires - location à bail,Active,Service
WL2305,GROUND EFFECT VEHICLES - LEASING,Véhicules à effet de sol - location,Active,Service
WL2310,PASSENGER MOTOR VEHICLES - LEASING,Véhicules à moteur de tourisme - location à bail,Active,Service
WL2310L,PASSENGER MOTOR VEHICLES (BUSES AND AMBULANCES) - LEASING (OVER 90 DAYS),"Véhicules à moteur de tourisme, autobus et ambulances - location à bail, plus de 90 jours",Active,Service
WL2320,"TRUCKS AND TRUCK TRACTORS, WHEELED - LEASING","Camions et tracteurs routiers pour semi-remorques, sur roues - location à bail",Active,Service
WL2320AA,"TRUCK, LIGHT, UTILITY, 4 X 4, LEASING - OVER 90 DAYS","Camion, léger, utilitaire, à 4 roues motrices, location à bail - plus de 90 jours",Active,Service
WL2320AB,"TRUCK, LIGHT, UTILITY, 4 X 4, LONG, LEASING - OVER 90 DAYS","Camion, léger, utilitaire, à 4 roues motrices, long - location à bail, plus de 90 jours",Active,Service
WL2320D,"TRUCK, LIGHT, PICK-UP, EXTENDED CAB, 5500 LB GVWR, LEASING - OVER 90 DAYS","Camion, léger, camionnette-plateau, cabine allongée, PNBV 5500 lb - location à bail, plus de 90 jours",Active,Service
WL2320DA,"TRUCK, LIGHT, CREW CAB, 8100 LB GVWR, LEASING - OVER 90 DAYS","Camion, léger, à cabine d'équipage, PNBV 8100 lb - location à bail, plus de 90 jours",Active,Service
WL2320K,"TRUCKS, MISCELLANEOUS - LEASING (OVER 90 DAYS)","Camions, divers - location à bail, plus de 90 jours",Active,Service
WL2330,TRAILERS - LEASING,Remorques et semi-remorques - location à bail,Active,Service
WL2340,"MOTORCYCLES, MOTOR SCOOTERS AND BICYCLES - LEASING","Motocyclettes, vélomoteurs et bicyclettes - location à bail",Active,Service
WL2410,"TRACTORS, FULL TRACK, LOW SPEED, LEASING OF EQUIPMENT","Tracteurs à chenille, lents - location (à bail)",Active,Service
WL2420,"TRACTORS, WHEELED - LEASING",Tracteurs sur roues - location à bail,Active,Service
WL2610,"TIRES AND TUBES, PNEUMATIC, EXCEPT AIRCRAFT - LEASING","Pneumatiques et chambres à air, sauf pour aéronefs - location à bail",Active,Service
WL2805,GASOLINE RECIPROCATING ENGINES (EXCEPT AIRCRAFT) AND COMPONENTS - LEASING,"Moteurs alternatifs à piston, sauf aéronefs et composants - location à bail",Active,Service
WL3405,SAWS AND FILING MACHINES - LEASING,Scies et machines à limer - location à bail,Active,Service
WL3431,ELECTRIC ARC WELDING EQUIPMENT - LEASING,Équipements de soudage à l'arc électrique - location à bail,Active,Service
WL3438,"WELDING EQUIPMENT, MISCELLANEOUS - LEASING",Équipements divers de soudage - location à bail,Active,Service
WL3439,"WELDING, SOLDERING AND BRAZING SUPPLIES AND ACCESSORIES, MISCELLANEOUS - LEASING",Fournitures et accessoires divers pour soudage et brassage - location à bail,Active,Service
WL3445,PUNCHING AND SHEARING MACHINES - LEASING,Machines à poinçonner et à cisailler - location à bail,Active,Service
WL3510,LAUNDRY AND DRY CLEANING EQUIPMENT - LEASING,Équipement de blanchissage et de nettoyage à sec - location à bail,Active,Service
WL3610,"PRINTING, DUPLICATING AND BOOKBINDING EQUIPMENT, LEASING","Équipement d'impression, de duplication et de reliure - location",Active,Service
WL3610AA,PHOTOCOPYING MACHINES - LEASE,Machines à photocopier - location à bail,Active,Service
WL3610AB,"Photocopying Machines, N.E.S. - Lease",Machines à photocopier - location à bail,Active,Service
WL3610AD,"PHOTOCOPYING MACHINES, LIBRARY BOOK - LEASE","Machines à photocopieur, reproduction de livres de bibliothèque - location à bail",Active,Service
WL3610AE,"PHOTOCOPYING MACHINES, ENGINEERING - LEASE","Machines à photocopier, ingénierie - location à bail",Active,Service
WL3610AF,"PHOTOCOPYING MACHINES, LASER, INTELLIGENT COPIER - LEASE","Machines à photocopier, duplicateur intelligent au laser - location à bail",Active,Service
WL3610B,"PHOTOCOPYING MACHINES, FULL COLOUR - LEASE","Machines à photocopier, tout en couleur - location à bail",Active,Service
WL3610C,"Digital Photocopiers, Printers and Multifunctional Devices (MFDs) - Lease","Photocopieurs numériques, imprimantes et appareils multifonctionnels (AMF) - Location",Active,Service
WL3650,CHEMICAL AND PHARMACEUTICAL PRODUCTS MANUFACTURING MACHINERY - LEASING,Machines à manufacturer les produits chimiques et pharmaceutiques - location à bail,Active,Service
WL3660,INDUSTRIAL SIZE REDUCTION MACHINERY - LEASING,Machines industrielles à réduction - location à bail,Active,Service
WL3720,HARVESTING EQUIPMENT - LEASING,Équipements pour moissonner - location à bail,Active,Service
WL3805,EARTHMOVING AND EXCAVATING EQUIPMENT - LEASING,Équipement de terrassement et d'excavation - location à bail,Active,Service
WL3810,CRANES AND CRANE SHOVELS - LEASING,Grues et pelles-grues - location à bail,Active,Service
WL3820,"MINING, ROCK DRILLING, EARTH BORING AND ASSOCIATED EQUIPMENT - LEASING","Équipement de minage, de forage, de sondage et autres matériaux - location à bail",Active,Service
WL3895,MISCELLANEOUS CONSTRUCTION EQUIPMENT - LEASING,Équipement divers pour travaux de construction - location à bail,Active,Service
WL3910,CONVEYORS - LEASING,Appareils transporteurs - location,Active,Service
WL3920,MATERIALS HANDLING EQUIPMENT/NON SELF PROPELLED - LEASING,Équipements pour la manutention à bras des matériels - location à bail,Active,Service
WL3930,"WAREHOUSE TRUCKS AND TRACTORS, SELF-PROPELLED - LEASING","Camions et tracteurs automoteurs, d'entrepôts - location",Active,Service
WL3990,"MATERIALS HANDLING EQUIPMENT, MISCELLANEOUS - LEASING",Équipement général pour la manutention du matériel - location à bail,Active,Service
WL4110,REFRIGERATION EQUIPMENT - LEASING,Équipement de réfrigération - location à bail,Active,Service
WL4120,AIR CONDITIONING EQUIPMENT - LEASING,Équipement de climatisation - location à bail,Active,Service
WL4310,COMPRESSORS AND VACUUM PUMPS - LEASING,Compresseurs et pompes à vide - location à bail,Active,Service
WL4520,SPACE HEATING EQUIPMENT AND DOMESTIC WATER HEATER - LEASING,Équipement de chauffage des locaux et chauffe-eau domestiques - location à bail,Active,Service
WL5180,"SETS, KITS, AND OUTFITS OF HAND TOOLS - LEASING","Ensembles, jeux et trousses d'outils à main - location à bail",Active,Service
WL5410,PREFABRICATED AND PORTABLE BUILDINGS - LEASING,Bâtiments préfabriqués et démontables - location à bail,Active,Service
WL5440,SCAFFOLDING EQUIPMENT AND CONCRETE FORMS - LEASING,Équipements d'échafaudage et coffrages à béton - location à bail,Active,Service
WL5805,TELEPHONE AND TELEGRAPH EQUIPMENT - LEASE,Équipement téléphonique et télégraphique - location à bail,Active,Service
WL5810,COMMUNICATIONS SECURITY EQUIPMENT AND COMPONENTS - LEASING,Équipement de sécurité des télécommunications et composants - location à bail,Active,Service
WL5820,"RADIO AND TELEVISION COMMUNICATIONS EQUIPMENT, EXCEPT AIRBORNE - LEASING","Matériel de communications radio et télévisuel, sauf pour aéronefs - location à bail",Active,Service
WL5825,"RADIO NAVIGATION EQUIPMENT, EXCEPT AIRBORNE - LEASING","Équipement de radionavigation, sauf aéronefs - location à bail",Active,Service
WL5830,"INTERCOMMUNICATION AND PUBLIC ADDRESS SYSTEMS, EXCEPT AIRBORNE - LEASING","Systèmes d'intercommunication et de sonorisation, sauf aéronefs - location à bail",Active,Service
WL5835,SOUND RECORDING AND REPRODUCING EQUIPMENT - LEASE,Équipement d'enregistrement et de reproduction du son - location à bail,Active,Service
WL5836,VIDEO RECORDING AND REPRODUCING EQUIPMENT - LEASING,Équipement d'enregistrement et de production vidéo - location à bail,Active,Service
WL5845,UNDERWATER SOUND EQUIPMENT - LEASING,Équipement de détection sous-marine - location à bail,Active,Service
WL5850,VISIBLE AND INVISIBLE LIGHT COMMUNICATION EQUIPMENT - LEASING,Équipements de transmissions par ondes électromagnétiques visibles et invisibles - location à bail,Active,Service
WL5985,"ANTENNAS, WAVEGUIDES AND RELATED EQUIPMENT - LEASING","Antennes, guides d'ondes et équipement connexe - location à bail",Active,Service
WL5999,MISCELLANEOUS ELECTRICAL AND ELECTRONIC COMPONENTS - LEASING,Composants électriques et électroniques divers - location à bail,Active,Service
WL6105,"MOTORS, ELECTRICAL - LEASING",Moteurs électriques - location à bail,Active,Service
WL6115,"GENERATORS AND GENERATOR SETS, ELECTRICAL - LEASING",Génératrices électriques et groupes électrogènes - location à bail,Active,Service
WL6310,TRAFFIC AND TRANSIT SIGNAL SYSTEMS - LEASING,Systèmes de signalisation pour la circulation et le transit - location à bail,Active,Service
WL6515,"MEDICAL AND SURGICAL INSTRUMENTS, EQUIPMENT AND SUPPLIES - LEASING","Instruments, équipements et approvisionnements médicaux et chirurgicaux - location à bail",Active,Service
WL6605,NAVIGATIONAL INSTRUMENTS - LEASING,Instruments de navigation - location à bail,Active,Service
WL6610,FLIGHT INSTRUMENTS - LEASING,Instruments de contrôle de vol - location à bail,Active,Service
WL6625,ELECTRICAL AND ELECTRONIC PROPERTIES MEASURING AND TESTING INSTRUMENTS - LEASING,Instruments électriques et électroniques de mesure et d'essai de propriétés - location à bail,Active,Service
WL6640,LABORATORY EQUIPMENT AND SUPPLIES - LEASING,Équipement et approvisionnements de laboratoire - location à bail,Active,Service
WL6645,TIME MEASURING INSTRUMENTS - LEASING,Instruments de mesure de temps - location à bail,Active,Service
WL6655,Geophyscial Instruments - Lease,Instruments de géophysique - location,Active,Service
WL6660,METEOROLOGICAL INSTRUMENTS - LEASING,Équipement météorologique - location,Active,Service
WL6670,SCALES AND BALANCES - LEASING,Balances et machines à peser - location à bail,Active,Service
WL6675,"DRAFTING, SURVEYING AND MAPPING INSTRUMENTS - LEASING","Instruments de traces, de levés de plans et de cartographie - location à bail",Active,Service
WL6685,"PRESSURE, TEMPERATURE, AND HUMIDITY MEASURING AND CONTROLLING INSTRUMENTS - LEASING","Instruments de contrôle et de mesure de pression, de température et d'humidité - location à bail",Active,Service
WL6695,COMBINATION AND MISCELLANEOUS INSTRUMENTS - LEASING,Combinaisons et instruments divers - location à bail,Active,Service
WL6710,"CAMERAS, MOTION PICTURE - LEASING",Appareils cinématographiques - location à bail,Active,Service
WL6730,PHOTOGRAPHIC PROJECTION EQUIPMENT - LEASING,Équipement de projection photographique et cinématographique - location à bail,Active,Service
WL6760,PHOTOGRAPHIC EQUIPMENT AND ACCESSORIES - LEASING,Équipement photographique et accessoires - location à bail,Active,Service
WL6770,"FILM, PROCESSED - LEASING",Films traités - location à bail,Active,Service
WL7010,ADPE SYSTEM CONFIGURATION - LEASE,"Équipement pour le traitement automatique de données, configuration du système - location à bail",Active,Service
WL7010AB,"COMPUTERS, DIGITAL SYSTEMS, MINI/SUPER MICRO (MAY INCLUDE OPERATING SYSTEM SOFTWARE) IBM PLUG COMPATIBLE - LEASE","Ordinateurs numériques, mini/super micro, peuvent comprendre le logiciel d'application, compatibles avec le matériel IBM - location à bail",Active,Service
WL7010BA,"COMPUTERS, DIGITAL TURNKEY SYSTEMS, MINI/SUPER MICRO (INCLUDES APPLICATION SOFTWARE) - LEASE","Ordinateurs numériques, clés en main, mini/super micro, y compris le logiciel d'application - location à bail",Active,Service
WL7010BB,"COMPUTERS, DIGITAL TURNKEY SYSTEMS, PERSONAL/PORTABLE (INCLUDES APPLICATION SOFTWARE) - LEASE","Ordinateurs numériques, clés en main, personnels/portatifs, y compris le logiciel d'application - location à bail",Active,Service
WL7020,"ADP CENTRAL PROCESSING UNIT (CPU, COMPUTER) ANALOG - LEASE","Unité centrale de traitement, calculateur, analogique - location à bail",Active,Service
WL7021,"ADP CENTRAL PROCESSING UNIT (CPU,COMPUTER) DIGITAL - LEASE","Unité centrale de traitement, UCT, ordinateur, numérique - location à bail",Active,Service
WL7021AC,"COMPUTER, CPU, DIGITAL MINI/SUPER MICRO - OTHER THAN IBM PLUG COMPATIBLE - LEASE","UCT d'ordinateur numérique, mini/super micro, non compatible avec le matériel IBM - location à bail",Active,Service
WL7025,ADP INPUT-OUTPUT AND STORAGE DEVICES - LEASING OF EQUIPMENT,Dispositifs TAD d'entrée-sortie et de mémoire - location à bail d'équipement,Active,Service
WL7025AC,DIGITIZERS - LEASE,Convertisseurs analogiques - location à bail,Active,Service
WL7025AJ,"PRINTERS, PAGE, LASER - LEASE",Imprimantes page par page à laser - location à bail,Active,Service
WL7025CA,CONTROLLER/PROCESSORS - LEASE,Contrôleur et processeur - location à bail,Active,Service
WL7025DE,"TERMINALS, DISPLAY, CLUSTER - OTHER THAN IBM PLUG COMPATIBLE - LEASE","Terminaux, écrans, groupes - non compatible avec le matériel IBM - location à bail",Active,Service
WL7045,AUTOMATIC DATA PROCESSING SUPPLIES - LEASE,"Traitement automatique de l'information, approvisionnement - à bail",Active,Service
WL7050,ADP COMPONENTS - LEASE,"Composants, traitement automatique de l'information - location à bail",Active,Service
WL7195,MISCELLANEOUS FURNITURE AND FIXTURES - LEASE,Meubles et dispositifs d'ameublement divers - location à bail,Active,Service
WL7240,HOUSEHOLD AND COMMERCIAL UTILITY CONTAINERS - LEASING,Récipients utilitaires domestiques et commerciaux - location à bail,Active,Service
WL7290,"HOUSEHOLD AND COMMERCIAL FURNISHINGS AND APPLIANCES, MISCELLANEOUS - LEASING",Mobiliers et accessoires divers d'ameublement domestique et commercial - location à bail,Active,Service
WL7460,VISIBLE RECORD EQUIPMENT - LEASE,Fichiers à classement visible - composants et accessoires - location à bail,Active,Service
WL7490,MISCELLANEOUS OFFICE MACHINES - LEASE,Machines de bureau diverses - location à bail,Active,Service
WL7520,OFFICE DEVICES AND ACCESSORIES - LEASE,Articles de bureau et accessoires - location à bail,Active,Service
WL7730,"PHONOGRAPHS, RADIOS AND TELEVISION SETS, HOME TYPE - LEASING","Phonographes, postes de radio et de télévision familiaux - location à bail",Active,Service
WL7920,"BROOMS, BRUSHES, MOPS AND SPONGES - LEASING","Balais, brosses, balais à franges et éponges - location à bail",Active,Service
WL8120,COMMERCIAL AND INDUSTRIAL GAS CYLINDERS - LEASING,Bouteilles à gaz commerciales et industrielles - location à bail,Active,Service
WL8145,SPECIALIZED SHIPPING AND STORAGE CONTAINERS - LEASING,Conteneurs spéciaux pour le transport et le stockage - location à bail,Active,Service
WL9905,Signs and Identification Plates - Leasing,Enseignes et plaques d'identification - location à bail,Active,Service
WL9999,MISCELLANEOUS ITEMS - LEASING,Articles divers - location à bail,Active,Service
WR1398,SPECIALIZED AMMUNITION HANDLING AND SERVICING EQUIPMENT - RENTAL,Équipement spécialisé de manutention et de mise en oeuvre de munitions - location,Active,Service
WR1730,AIRCRAFT GROUND SERVICING EQUIPMENT - RENTAL,Matériel de services au sol des aéronefs - location,Active,Service
WR1920,FISHING VESSELS - RENTAL,Bateaux de pêche - location,Active,Service
WR1940,SMALL CRAFT - RENTAL,Embarcations légères - location,Active,Service
WR1990,"Ships, Small Craft, Pontoons, and Floating Docks - Rental","Navires, embarcations, pontons et docks flottants - location",Active,Service
WR2010,SHIP AND BOAT PROPULSION COMPONENTS - RENTAL,Organes de propulsion pour bateaux et navires - location,Active,Service
WR2030,DECK MACHINERY - RENTAL,Machinerie de pont - location,Active,Service
WR2060,COMMERCIAL FISHING EQUIPMENT - RENTAL,Équipement de pêche commerciale - location,Active,Service
WR2090,SHIP AND MARINE MISCELLANEOUS EQUIPMENT - RENTAL,Matériels nautiques divers - location,Active,Service
WR2240,LOCOMOTIVE AND RAIL CAR ACCESSORIES AND COMPONENTS - RENTAL,"Parties constitutives des locomotives, des wagons et les accessoires - location",Active,Service
WR2305,GROUND EFFECT VEHICLES - RENTAL,Véhicules à effet de sol - location,Active,Service
WR2310,PASSENGER MOTOR VEHICLES - RENTAL,Véhicules à moteur de tourisme - location,Active,Service
WR2310K,PASSENGER MOTOR VEHICLES (BUSES AND AMBULANCES) - RENTAL (UNDER 90 DAYS),"Véhicules à moteur de tourisme, autobus et ambulances - location, moins de 90 jours",Active,Service
WR2320,"TRUCKS AND TRUCK TRACTORS, WHEELED - RENTAL","Camions et tracteurs, pour semi-remorques, sur roues - location",Active,Service
WR2320A,"TRUCK, DUMP, DIESEL, TO 27,499 GVWR - RENTAL","Camion basculant, diesel, PNBV jusqu'à 27 499 lb - location",Active,Service
WR2320AB,"TRUCK, DUMP, DIESEL, 27,500 GVWR AND UP - RENTAL","Camion basculant, diesel, PNBV 27 500 lb et plus - location",Active,Service
WR2320B,"TRUCK, REFRIGERATION, GASOLINE POWERED - RENTAL","Camion, frigorifique à essence - location",Active,Service
WR2320BA,"TRUCK, TRACTOR, GASOLINE POWERED - RENTAL","Camion-tracteur, à essence - location",Active,Service
WR2320C,"TRUCK, LIGHT, PERSONNEL CARRIER 6,000 LB GVWR - RENTAL (UNDER 90 DAYS)","Camion, léger, transport de personnel PNBV 6 000 lb - location, moins de 90 jours",Active,Service
WR2320CA,"TRUCK, LIGHT, UTILITY 4 X 4, RENTAL - (UNDER 90 DAYS)","Camion, léger, utilitaire, 4 roues motrices - location, moins de 90 jours",Active,Service
WR2320D,"TRUCK, LIGHT, PERSONNEL CARRIER, 7,500 LB GVWR - RENTAL (UNDER 90 DAYS)","Camion, léger, transport de personnel, PNBV 7 500 lb - location, moins de 90 jours",Active,Service
WR2320DA,"TRUCK, LIGHT, PASSENGER VAN, GARAGEABLE, GMV SPEC M60 - RENTAL (UNDER 90 DAYS)","Camion, léger, fourgon pour passagers, remisable SPEC VAG M60 location, moins de 90 jours",Active,Service
WR2320E,"TRUCK, LIGHT, PICK-UP, 5,300 LB GVWR - RENTAL (UNDER 90 DAYS)","Camion, léger, camionnette-plateau, PNBV 5 300 lb - location, moins de 90 jours",Active,Service
WR2320FA,"TRUCK, LIGHT, CREW CAB, 8100 LB GVWR, RENTAL - UNDER 90 DAYS","Camion, léger, à cabine d'équipage, PNBV 8 100 lb - location, moins de 90 jours",Active,Service
WR2320G,"TRUCK, LIGHT, CARGO VAN, GARAGEABLE, GMV SPEC T00 - RENTAL (UNDER 90 DAYS)","Camion, léger, fourgon de marchandises, remisable SPEC VAG T00, - location, moins de 90 jours",Active,Service
WR2320L,"TRUCK, HEAVY, 30,000 TO 60,000 LB GVWR - RENTAL (UNDER 90 DAYS)","Camion, lourd, PNBV 30 000 à 60 000 lb - location à bail, moins de 90 jours",Active,Service
WR2320M,"TRUCKS, MISCELLANEOUS - RENTAL (UNDER 90 DAYS)","Camions, divers - location, moins de 90 jours",Active,Service
WR2330,TRAILERS - RENTAL,Remorques et semi-remorques - location,Active,Service
WR2330B,"TRAILER, HOUSE - RENTAL",Caravane - location,Active,Service
WR2330C,"TRAILER, LOW BED - RENTAL","Remorque, plate-forme basse - location",Active,Service
WR2340,"MOTORCYCLES, MOTOR SCOOTERS AND BICYCLES - RENTAL","Motocyclettes, vélomoteurs et bicyclettes - location",Active,Service
WR2350,"COMBAT, ASSAULT, AND TACTICAL VEHICLES, TRACKED - RENTAL","Véhicules de combat, d'assaut et tactiques, à chenilles - location",Active,Service
WR2350A,SNOWMOBILE - RENTAL,Autoneige (motoneige) - location,Active,Service
WR2410,"TRACTORS, FULL-TRACK, LOW SPEED - RENTAL","Tracteurs à chenilles, lents - location",Active,Service
WR2420,TRACTORS WHEELED - RENTAL,Tracteurs sur roues - location,Active,Service
WR2430,"TRACTORS, TRACK LAYING, HIGH SPEED - RENTAL","Tracteurs à chenilles, rapides - location",Active,Service
WR2510,"VEHICULAR CAB, BODY AND FRAME STRUCTURAL COMPONENTS - RENTAL","Cabine de véhicule, carrosserie et composants structuraux de châssis - location",Active,Service
WR2590,"VEHICULAR COMPONENTS, MISCELLANEOUS - RENTAL",Composants divers de véhicule - location,Active,Service
WR2610,"TIRES AND TUBES, PNEUMATIC, EXCEPT AIRCRAFT - RENTAL","Pneumatiques et chambres à air, sauf pour aéronefs - location",Active,Service
WR2805,GASOLINE RECIPROCATING ENGINES (EXCEPT AIRCRAFT) AND COMPONENTS - RENTAL,"Moteurs alternatifs à piston, sauf aéronefs et composants - location",Active,Service
WR2815,DIESEL ENGINES AND COMPONENTS - RENTAL,Moteurs diesel et composants - location,Active,Service
WR2820,"STEAM ENGINES, RECIPROCATING AND COMPONENTS - RENTAL",Machines à vapeur à mouvement alternatif et composants - location,Active,Service
WR2835,GAS TURBINES AND JET ENGINES (EXCEPT AIRCRAFT) AND COMPONENTS - RENTAL,"Turbines à gaz et moteurs à réaction et composants, sauf d'aéronefs - location",Active,Service
WR2895,MISCELLANEOUS ENGINES AND COMPONENTS - RENTAL,Moteurs divers et composants - location,Active,Service
WR3030,"BELTING, DRIVE BELTS, FAN BELTS AND ACCESSORIES - RENTAL","Courroies de transmissions, courroies de commande, courroies de ventilateurs et accessoires - location",Active,Service
WR3210,SAWMILL AND PLANING MILL MACHINERY - RENTAL,Équipements de scieries - location,Active,Service
WR3230,TOOLS AND ATTACHMENTS FOR WOODWORKING MACHINERY - RENTAL,Outils et accessoires pour machines à travailler le bois - location,Active,Service
WR3419,"MACHINE TOOLS, MISCELLANEOUS - RENTAL",Machine et outils divers - location,Active,Service
WR3431,ELECTRIC ARC WELDING EQUIPMENT - RENTAL,Équipement de soudage à l'arc électrique - location,Active,Service
WR3433,"GAS WELDING, HEAT CUTTING, AND METALIZING EQUIPMENT - RENTAL","Équipements de soudage au gaz, de coupage à chaud et de métallisation - location",Active,Service
WR3438,"WELDING EQUIPMENT, MISCELLANEOUS - RENTAL",Équipements divers de soudage - location,Active,Service
WR3439,"WELDING, SOLDERING AND BRAZING SUPPLIES AND ACCESSORIES, MISCELLANEOUS - RENTAL",Fournitures et accessoires divers pour soudage et brassage - location,Active,Service
WR3510,LAUNDRY AND DRY CLEANING EQUIPMENT - RENTAL,Équipement de blanchissage et de nettoyage à sec - location,Active,Service
WR3590,"SERVICE AND TRADE EQUIPMENT, MISCELLANEOUS - RENTAL",Équipement commercial et de service divers - location,Active,Service
WR3610,"PRINTING, DUPLICATING AND BOOKBINDING EQUIPMENT - RENTAL","Équipement d'impression, de duplication et de reliure - location",Active,Service
WR3610A,"COPYING MACHINE, DIAZO PROCESS (WHITE PRINTER) - RENTAL","Duplicateur, procédé diazo (imprimante sur blanc) - location",Active,Service
WR3610AA,PHOTOCOPYING MACHINES AND ACCESSORIES - RENTAL,Machines et accessoires à photocopie - location,Active,Service
WR3610AB,"Photocopying Machine, N.E.S. - Rent","Machines à photocopier, location",Active,Service
WR3610AC,PHOTOCOPIER CONTROL/AUDIT SYSTEM - RENT,"Machine à photocopier, système de commande et contrôle - location",Active,Service
WR3611,INDUSTRIAL MARKING MACHINES - RENTAL,Machines industrielles de marquage - location,Active,Service
WR3615,PULP AND PAPER INDUSTRIES MACHINERY - RENTAL,Machines des industries des pâtes et papiers - location,Active,Service
WR3620,RUBBER AND PLASTICS WORKING MACHINERY - RENTAL,Machines pour le travail du caoutchouc et des matières plastiques - location,Active,Service
WR3625,TEXTILE INDUSTRIES MACHINERY - RENTAL,Machines des industries textiles - location,Active,Service
WR3630,CLAY AND CONCRETE PRODUCTS INDUSTRIES MACHINERY - RENTAL,Machines des industries de l'argile et du béton - location,Active,Service
WR3695,MISCELLANEOUS SPECIAL INDUSTRY MACHINERY - RENTAL,Machines diverses pour industries spéciales - location,Active,Service
WR3710,SOIL PREPARATION EQUIPMENT - RENTAL,Équipement pour la préparation du sol - location,Active,Service
WR3720,HARVESTING EQUIPMENT - RENTAL,Équipements pour moissonner - location,Active,Service
WR3750,GARDENING IMPLEMENTS AND TOOLS - RENTAL,Instruments et outils de jardinage - location,Active,Service
WR3805,EARTHMOVING AND EXCAVATING EQUIPMENT - RENTAL,Équipement de terrassement et d'excavation - location,Active,Service
WR3805B,"EXCAVATOR, HYDRAULIC, CRAWLER MOUNTED - RENTAL","Excavatrice hydraulique, montée sur tracteur à chenilles - location",Active,Service
WR3805C,"LOADERS, FRONT END - RENTALS","Chargeuses, frontales - location",Active,Service
WR3805D,EARTH AND ROCK HAULING TRUCKS AND TRAILERS - RENTAL,Camions et remorques pour le transport de terre et de pierres - location,Active,Service
WR3810,CRANES AND CRANE SHOVELS - RENTAL,Grues et pelles de grues - location,Active,Service
WR3825,ROAD CLEARING AND CLEANING EQUIPMENT - RENTALS,Équipement pour le déblaiement et le nettoyage des routes - location,Active,Service
WR3830,TRUCK AND TRACTOR ATTACHMENTS - RENTAL,Dispositifs annexés pour camions et tracteurs - location,Active,Service
WR3895,MISCELLANEOUS CONSTRUCTION EQUIPMENT - RENTAL,Équipement divers pour travaux de construction - location,Active,Service
WR3910,CONVEYORS - RENTAL,Appareils transporteurs - location,Active,Service
WR3920,MATERIALS HANDLING EQUIPMENT/NON SELF PROPELLED - RENTAL,Équipements pour la manutention à bras des matériels - location,Active,Service
WR3930,"WAREHOUSE TRUCKS AND TRACTORS, SELF-PROPELLED - RENTAL","Camions et tracteurs automoteurs, d'entrepôts - location",Active,Service
WR3930A,"TRUCK, FORKLIFT - RENTAL","Chariot, élévateur, à fourche - location",Active,Service
WR3930AA,"TRUCK, FORKLIFT, ELECTRIC, NARROW AISLE - RENTAL","Chariot, élévateur à fourche, électrique, rang étroit - location",Active,Service
WR3950,"WINCHES, HOISTS, CRANES, AND DERRICKS - RENTAL","Treuils, monte-charge, grues et tours (""derricks"") - location",Active,Service
WR3960,ELEVATORS AND ESCALATORS - RENTAL,Ascenseurs et élévateurs - location,Active,Service
WR3990,"MATERIALS HANDLING EQUIPMENT, MISCELLANEOUS - RENTAL",Équipement général pour la manutention du matériel - location,Active,Service
WR4110,REFRIGERATION EQUIPMENT - RENTAL,Équipement de réfrigération - location,Active,Service
WR4120,AIR CONDITIONING EQUIPMENT - RENTAL,Équipement de climatisation - location,Active,Service
WR4130,REFRIGERATION AND AIR CONDITIONING COMPONENTS - RENTAL,Composants d'équipements pour la réfrigération et la climatisation - location,Active,Service
WR4140,"FANS, AIR CIRCULATORS, AND BLOWER EQUIPMENT - RENTAL","Équipement de ventilation, de circulation d'air et de souffleries - location",Active,Service
WR4210,FIREFIGHTING EQUIPMENT - RENTAL,Équipement de lutte contre l'incendie - location,Active,Service
WR4310,COMPRESSORS AND VACUUM PUMPS - RENTAL,Compresseurs et pompes à vide - location,Active,Service
WR4320,POWER AND HAND PUMPS - RENTAL,Pompes à moteur et pompes à main - location,Active,Service
WR4410,INDUSTRIAL BOILERS - RENTAL,Chaudières industrielles - location,Active,Service
WR4410A,"BOILERS, PORTABLE, RENTAL","Chaudières, portatives - location",Active,Service
WR4460,AIR PURIFICATION EQUIPMENT - RENTAL,Équipements de purification d'air - location,Active,Service
WR4510,PLUMBING FIXTURES AND ACCESSORIES - RENTAL,Agencements et accessoires de plomberie - location,Active,Service
WR4510A,"TOILET, ELECTRIC/GAS, SANITATION - RENTAL","Toilette, électrique ou à gaz, système sanitaire - location",Active,Service
WR4510AA,"PORTABLE TOILETS, RENTAL",Toilettes portatives - location,Active,Service
WR4520,SPACE HEATING EQUIPMENT AND DOMESTIC WATER HEATERS - RENTAL,Équipements de chauffage des locaux et chauffe-eau domestiques - location,Active,Service
WR4520A,"HEATERS, SPACE, ELECTRIC, AIR, RENTAL","Radiateurs, électriques, air - location",Active,Service
WR4520AB,"HEATERS, GAS OR OIL, RENTALS",Radiateurs à gaz ou à l'huile - location,Active,Service
WR4530,FUEL BURNING EQUIPMENT UNITS - RENTAL,Éléments d'appareils de chauffage - location,Active,Service
WR4540,"PLUMBING, HEATING AND SANITATION EQUIPMENT, MISCELLANEOUS - RENTAL","Équipement varié de plomberie, de chauffage et d'hygiène - location",Active,Service
WR4610,WATER PURIFICATION EQUIPMENT - RENTAL,Équipement de purification des eaux - location,Active,Service
WR4910,MOTOR VEHICLE MAINTENANCE AND REPAIR SHOP SPECIALIZED EQUIPMENT - RENTAL,"Équipement spécialisé pour atelier de réparations et d'entretien de véhicules-moteur, location",Active,Service
WR4930,LUBRICATION AND FUEL DISPENSING EQUIPMENT - RENTAL,Équipement de lubrification et de distribution de carburant - location,Active,Service
WR4940,"MAINTENANCE AND REPAIR SHOP SPECIALIZED EQUIPMENT, MISCELLANEOUS - RENTAL",Équipement spécialisé divers pour ateliers de réparation et d'entretien - location,Active,Service
WR5110,"HAND TOOLS, EDGED, NONPOWERED - RENTAL","Outils à main tranchants, sans moteur - location",Active,Service
WR5120,"HAND TOOLS, NONEDGED, NONPOWERED - RENTAL","Outils à main, non tranchants, sans moteur - location",Active,Service
WR5130,"HAND TOOLS, POWER-DRIVEN - RENTAL","Outils à main, à moteur - location",Active,Service
WR5140,TOOL AND HARDWARE BOXES - RENTAL,Boîtes à outils et à quincaillerie - location,Active,Service
WR5210,"MEASURING TOOLS, CRAFTSMEN - RENTAL",Instruments de mesure et de vérification pour artisans - location,Active,Service
WR5220,INSPECTION GAGES AND PRECISION LAYOUT TOOLS - RENTAL,Jauges de contrôle et instruments de précision - location,Active,Service
WR5280,"SETS, KITS, AND OUTFITS OF MEASURING TOOLS - RENTAL","Ensembles, jeux et trousses d'instruments de mesure et de vérification - location",Active,Service
WR5340,MISCELLANEOUS HARDWARE - RENTAL,Quincaillerie générale - location,Active,Service
WR5410,PREFABRICATED AND PORTABLE BUILDINGS - RENTAL,Bâtiments préfabriqués et démontables - location,Active,Service
WR5410A,"BUILDING, PREFABRICATED, PORTABLE OR RELOCATABLE, SCHOOLS AND CLASSROOMS - RENTAL","Bâtiments, préfabriqués, portatifs ou déplaçables, salles de classe et écoles - location",Active,Service
WR5411,RIGID WALL SHELTERS - RENTAL,Abris à murs rigides - location,Active,Service
WR5430,STORAGE TANKS - RENTAL,Réservoirs - location,Active,Service
WR5440,SCAFFOLDING EQUIPMENT AND CONCRETE FORMS - RENTAL,Équipements d'échafaudage et coffrages à béton - location,Active,Service
WR5440B,"SCAFFOLDING, RENTALS",Échafaudages - location,Active,Service
WR5445,PREFABRICATED TOWER STRUCTURES - RENTAL,Structures de pylônes préfabriqués - location,Active,Service
WR5680,"CONSTRUCTION MATERIAL, MISCELLANEOUS - RENTAL",Matériaux de construction divers - location,Active,Service
WR5805,TELEPHONE AND TELEGRAPH EQUIPMENT - RENT,Équipement téléphonique et télégraphique - location,Active,Service
WR5810,COMMUNICATIONS SECURITY EQUIPMENT AND COMPONENTS - RENTAL,Équipement de sécurité des télécommunications et composants - location,Active,Service
WR5830,"INTERCOMMUNICATIONS AND PUBLIC ADDRESS SYSTEMS, EXCEPT AIRBORNE - RENTAL","Systèmes d'intercommunication et de diffusion, sauf aéronefs - location",Active,Service
WR5835,SOUND RECORDING AND REPRODUCING EQUIPMENT - RENTAL,Équipement d'enregistrement et de reproduction du son - location,Active,Service
WR5836,VIDEO RECORDING AND REPRODUCING EQUIPMENT - RENTAL,Équipement d'enregistrement et de production vidéo - location,Active,Service
WR5845,UNDERWATER SOUND EQUIPMENT - RENTAL,Équipement de détection sous-marine - location,Active,Service
WR5855,"NIGHT VISION EQUIPMENT, EMITTED AND REFLECTED RADIATION - RENTAL","Équipements de vision de nuit, par rayonnement émis ou réfléchi - location",Active,Service
WR5860,"STIMULATED COHERENT RADIATION DEVICES, COMPONENTS AND ACCESSORIES - RENTAL","Équipements à rayonnement cohérent, composants et accessoires - location",Active,Service
WR5895,MISCELLANEOUS COMMUNICATIONS EQUIPMENT - RENTAL,Équipements divers de télécommunications - location,Active,Service
WR5930,SWITCHES - RENTAL,"Contacteurs, commutateurs - location",Active,Service
WR5975,ELECTRICAL HARDWARE AND SUPPLIES - RENTAL,Quincaillerie et fournitures électriques - location,Active,Service
WR5985,"ANTENNAS, WAVEGUIDES AND RELATED EQUIPMENT - RENTAL","Antennes, guides d'ondes et équipement connexe - location",Active,Service
WR5995,"CABLE, CORD, AND WIRE ASSEMBLIES, COMMUNICATION EQUIPMENT - RENTAL","Câbles, cordons et fils électriques équipés, équipement de télécommunication - location",Active,Service
WR5999,Miscellaneous Electrical and Electronic Components - Rental,Composants électriques et électroniques divers - location,Active,Service
WR6105,"MOTORS, ELECTRICAL - RENTAL",Moteurs électriques - location,Active,Service
WR6115,"GENERATORS AND GENERATOR SETS, ELECTRICAL - RENTAL",Génératrices électriques et groupes électrogènes - location,Active,Service
WR6115AA,"GENERATORS, DIESEL AND GASOLINE, EXCEPT MARINE, ARMOURED FIGHTING VEHICLES AND AIRCRAFT - RENTAL","Générateurs, diesel et essence, sauf marine, véhicules de combat blindés et aéronefs - location",Active,Service
WR6120,"TRANSFORMERS,DISTRIBUTION AND POWER STATION - RENTAL","Transformateurs, station d'alimentation et de distribution - location",Active,Service
WR6130,"CONVERTERS, ELECTRICAL, NONROTATING - RENTAL (Uniterruptible power supply)","Convertisseurs électriques, statiques - location",Active,Service
WR6210,INDOOR AND OUTDOOR ELECTRIC LIGHTING FIXTURES - RENTAL,Dispositifs d'éclairage électrique intérieur et extérieur - location,Active,Service
WR6310,TRAFFIC AND TRANSIT SIGNAL SYSTEMS - RENTAL,Systèmes de signalisation pour la circulation et le transit - location,Active,Service
WR6515,"MEDICAL AND SURGICAL INSTRUMENTS, EQUIPMENT AND SUPPLIES - RENTAL","Instruments, équipements et approvisionnements médicaux et chirurgicaux - location",Active,Service
WR6515A,OXYGEN MEDICAL EQUIPMENT - RENTAL,Location d'équipement médical pour oxygène,Active,Service
WR6525,"X-RAY EQUIPMENT AND SUPPLIES, MEDICAL, DENTAL AND VETERINARY - RENTAL","Accessoires radiographiques et approvisionnements, médical, dentaire et vétérinaire - location",Active,Service
WR6530,"HOSPITAL FURNITURE, EQUIPMENT, UTENSILS AND SUPPLIES - RENTAL","Mobiliers, équipements, ustensiles et approvisionnements d'hôpitaux - location",Active,Service
WR6532,HOSPITAL AND SURGICAL CLOTHING AND RELATED SPECIAL PURPOSE ITEMS - RENTAL,Vêtements d'hôpital et de salle d'opération et articles apparentes à usage spécial - location,Active,Service
WR6625,ELECTRICAL AND ELECTRONIC PROPERTIES MEASURING AND TESTING INSTRUMENTS - RENTAL,Instruments électriques et électroniques de mesure et d'essai de propriétés - location,Active,Service
WR6630,CHEMICAL ANALYSIS INSTRUMENTS - RENTAL,Instruments d'analyse chimique - location,Active,Service
WR6630A,"CHROMATOGRAPH, GAS - RENTAL",Chromatographe à gaz - location,Active,Service
WR6635,PHYSICAL PROPERTIES TESTING EQUIPMENT - RENTAL,Équipements pour examens des propriétés physiques - location,Active,Service
WR6640,LABORATORY EQUIPMENT AND SUPPLIES - RENTAL,Équipement et approvisionnements de laboratoire - location,Active,Service
WR6655,Geophyscial Instruments - Rental,Instruments de géophysique - location,Active,Service
WR6655A,OCEANOGRAPHIC INSTRUMENTS - RENTAL,Instruments océanographiques - location,Active,Service
WR6660,METEOROLOGICAL INSTRUMENTS AND APPARATUS - RENTAL,Instruments et appareils météorologiques - location,Active,Service
WR6665,Hazard-Detecting Instruments & Apparatus - Rental,Instruments et appareils de détection de danger - location,Active,Service
WR6670,SCALES AND BALANCES - RENTAL,Balances et machines à peser - location,Active,Service
WR6675,"DRAFTING, SURVEYING AND MAPPING INSTRUMENTS - RENTAL","Instruments de tracés, de levés de plans et de cartographie - location",Active,Service
WR6675A,SURVEYING EQUIPMENT OR INSTRUMENTS - RENTAL,Équipement ou instruments topographiques - location,Active,Service
WR6685,"PRESSURE, TEMPERATURE, AND HUMIDITY MEASURING AND CONTROLLING INSTRUMENTS - RENTAL","Instruments de contrôle et de mesure de pression, de température et d'humidité - location",Active,Service
WR6695,COMBINATION AND MISCELLANEOUS INSTRUMENTS - RENTAL,Combinaisons et instruments divers - location,Active,Service
WR6710,"CAMERAS, MOTION PICTURE - RENTAL",Appareils cinématographiques - location,Active,Service
WR6720,"CAMERAS, STILL PICTURE - RENTAL",Appareils photographiques - location,Active,Service
WR6730,Photographic Projection Equipment - Rental,Équipement de projection photographique - location,Active,Service
WR6740,PHOTOGRAPHIC DEVELOPING AND FINISHING EQUIPMENT - RENTAL,Équipements de développement et de tirage photographiques - location,Active,Service
WR6750,PHOTOGRAPHIC SUPPLIES - RENTAL,Fournitures photographiques - location,Active,Service
WR6760,PHOTOGRAPHIC EQUIPMENT AND ACCESSORIES - RENTAL,Équipement photographique et accessoires - location,Active,Service
WR6770,"FILM, PROCESSED - RENTAL",Film traité - location,Active,Service
WR6810A,"DRUM DEPOSITS, FOR CHEMICALS",Dépôts de réservoir pour produits chimiques,Active,Service
WR6830,"GASES, COMPRESSED AND LIQUIFIED - RENTAL",Gaz comprimés et liquéfiés - location,Active,Service
WR6930,OPERATION TRAINING DEVICES - RENTAL,Appareils d'instruction opérationnels - location,Active,Service
WR7010,"AUTOMATIC DATA PROCESSING EQUIPMENT, SYSTEM CONFIGURATION-RENTAL","Équipement pour le traitement automatique de données, configuration du système - location",Active,Service
WR7010AD,"COMPUTERS, DIGITAL SYSTEMS, MICRO - RENTAL","Ordinateurs, numériques, micro - location",Active,Service
WR7010DA,"COMPUTER AND TURNKEY SYSTEM, USED - RENT","Ordinateurs et systèmes, clés en main, usage - location",Active,Service
WR7020,"ADP CENTRAL PROCESSING UNIT (CPU,COMPUTER) ANALOG - RENT","Unité centrale de traitement (calculateur), analogique- location",Active,Service
WR7021,"ADP CENTRAL PROCESSING UNIT (CPU,COMPUTER) DIGITAL - RENT","Unité centrale de traitement, UCT, ordinateur, numérique - location",Active,Service
WR7022,"ADP CENTRAL PROCESSING UNIT (CPU,COMPUTER) HYBRID - RENT","Unité centrale de traitement, calculateur, hybride - location",Active,Service
WR7025,ADP INPUT-OUTPUT AND STORAGE DEVICES - RENTAL,Dispositifs TAD d'entrée-sortie et de mémoire - location,Active,Service
WR7025B,"PRINTERS, PAGE, OTHER (ION, ELECTROSTATIC, ETC.) - RENT","Imprimantes page par page, autres, ioniques, électrostatiques, etc. - location",Active,Service
WR7035AN,PLOTTERS (STAND ALONE) - RENT,Traceurs autonomes - location,Active,Service
WR7105,HOUSEHOLD FURNITURE - RENTAL,Meubles domestiques - location,Active,Service
WR7125,"CABINETS, LOCKERS, BINS AND SHELVING - RENTAL","Meubles, armoires, armoires de sécurité et rayonnage - location",Active,Service
WR7220A,"MATS, SLUSH - RENTAL",Location de paillassons pour la neige fondante,Active,Service
WR7290,"HOUSEHOLD AND COMMERCIAL FURNISHINGS AND APPLIANCES, MISCELLANEOUS - RENTAL",Mobiliers et accessoires divers d'ameublement domestique et commercial - location,Active,Service
WR7460,VISIBLE RECORD EQUIPMENT - RENT,Fichiers à classement visible - composants et accessoires - location,Active,Service
WR7910,FLOOR POLISHERS AND VACUUM CLEANING EQUIPMENT - RENTAL,Cireuses à parquets et aspirateurs de poussière - location,Active,Service
WR7920,"BROOMS, BRUSHES, MOPS AND SPONGES - RENTAL","Balais, brosses, balais à franges et éponges - location",Active,Service
WR8120,COMMERCIAL AND INDUSTRIAL GAS CYLINDERS - RENTAL,Bouteilles à gaz commerciales et industrielles - location,Active,Service
WR8135,PACKAGING AND PACKING BULK MATERIALS - RENTAL,"Matériaux d'empaquetage et d'emballage, en vrac - location",Active,Service
WR8145,SPECIALIZED SHIPPING AND STORAGE CONTAINERS - RENTAL,Conteneurs spéciaux pour le transport et le stockage - location,Active,Service
WR8340,TENTS AND TARPAULINS - RENTAL,Tentes et bâches - location,Active,Service
WR8405A,"COVERALLS, OVERALLS, WORK TYPE ONLY, COTTON PLUS COTTON BLENDS - RENTAL","Combinaisons, cottes à bretelles, pour travail, coton et mélange de coton - location",Active,Service
WR8415,"Clothing, Special Purpose - Rental",Vêtements à usage spécial - location,Active,Service
WR8820,"LIVE ANIMALS, NOT RAISED FOR FOOD - RENTAL","Animaux vivants, non élevés pour la consommation - location",Active,Service
WR8960Z,Beverage Concentrate with Rental Dispensers,Boissons en concentré avec distributeur de location,Active,Service
WR9905,SIGNS AND IDENTIFICATION PLATES - RENTAL,Enseignes et plaques d'identification - location,Active,Service
X111B,Leasing of Office Space,Location d'espace de bureau,Active,Service
X112A,Conference Space and Facilities,Espace et installations de conférence,Active,Service
X113A,"Leasing of Hotel, Restaurant Buildings etc.","Location d'édifices hôteliers, de restauration, etc.",Active,Service
X130A,Leasing of Educational Buildings,Location d'édifices scolaires,Active,Service
X170A,Leasing of Warehouses,Location d'entrepôts,Active,Service
X190A,Leasing of Other Buildings,Location d'autres édifices,Active,Service
X193A,Leasing of Public Entertainment Buildings,Location d'édifices réservés au divertissement,Active,Service
